  Event Name,       Type,     Event ID,    Version,    Channel,      Level,     Opcode,       Task,            Keyword,        PID,        TID,     Processor Number,  Instance ID,   Parent Instance ID,                              Activity ID,                      Related Activity ID,           Clock-Time, Kernel(ms),   User(ms), User Data
  EventTrace,     Header,            0,          2,          0,          0,          0,          0, 0x0000000000000000, 0x00010AB8, 0x0000E980,                    0,             ,                     ,   {00000000-0000-0000-0000-000000000000},                                         ,   134252506738743384,          0,          0,   131072, 83951626,    26200,       22, 134252507647942824,   156250,        0, 0x0,       19,        1,        8,        0,     2995, 0xA, 0x7, 134251813735000000,         10000000, 134252506738743384, 0x1,        0, "PC_AI_HIDI2C_WPP", "C:\codedev\PC_AI\Reports\haptic-touchpad\trace-20260606-161752\hidi2c-wpp_000001.etl"
  EventTrace, PartitionInfoExtensionV2,            0,          2,          0,          0,         80,          0, 0x0000000000000000, 0x00010AB8, 0x0000E980,                    0,             ,                     ,   {00000000-0000-0000-0000-000000000000},                                         ,   134252506738743384,          0,          0,      0,      0,        0,                0, "", "",  0x00000000000000000000000000000000000000000000000000000000
  EventTrace,  BuildInfo,            0,          2,          0,          0,         66,          0, 0x0000000000000000, 0xFFFFFFFF, 0xFFFFFFFF,                    0,             ,                     ,   {00000000-0000-0000-0000-000000000000},                                         ,   134252506738743384,          0,          0, "26100.1.amd64fre.ge_release.240331-1435"
  EventTrace,  DbgIdRSDS,            0,          2,          0,          0,         64,          0, 0x0000000000000000, 0xFFFFFFFF, 0xFFFFFFFF,                    0,             ,                     ,   {00000000-0000-0000-0000-000000000000},                                         ,   134252506738743384,          0,          0, {a5edec36-b191-bd4f-ea40-ac1f75e1fd5f},        1, "hidi2c.pdb"
     Unknown,         10,           10,          0,          0,          0,          0,          0, 0x0000000000000000, 0x00000004, 0x00000230,                   13,             ,                     ,   {00000000-0000-0000-0000-000000000000},                                         ,   134252506748589438,          0,          0, "Unknown", "", "Unknown( 10): GUID=34f66502-e8a3-3972-e718-cb92e5c6c109 (No Format Information found).", "", "", {34f66502-e8a3-3972-e718-cb92e5c6c109}, " 10", "2026-06-06T16:17:54.858Z",        0, "", "", "2026-06-06T20:17:54.858943800Z", {00000000-0000-0000-0000-000000000000}
     Unknown,         10,           10,          0,          0,          0,          0,          0, 0x0000000000000000, 0x00000004, 0x00000230,                   16,             ,                     ,   {00000000-0000-0000-0000-000000000000},                                         ,   134252506748661863,          0,          0, "Unknown", "", "Unknown( 10): GUID=34f66502-e8a3-3972-e718-cb92e5c6c109 (No Format Information found).", "", "", {34f66502-e8a3-3972-e718-cb92e5c6c109}, " 10", "2026-06-06T16:17:54.866Z",        0, "", "", "2026-06-06T20:17:54.866186300Z", {00000000-0000-0000-0000-000000000000}
     Unknown,         10,           10,          0,          0,          0,          0,          0, 0x0000000000000000, 0x00000004, 0x00000230,                   11,             ,                     ,   {00000000-0000-0000-0000-000000000000},                                         ,   134252506750656967,          0,          0, "Unknown", "", "Unknown( 10): GUID=34f66502-e8a3-3972-e718-cb92e5c6c109 (No Format Information found).", "", "", {34f66502-e8a3-3972-e718-cb92e5c6c109}, " 10", "2026-06-06T16:17:55.065Z",        0, "", "", "2026-06-06T20:17:55.065696700Z", {00000000-0000-0000-0000-000000000000}
     Unknown,         10,           10,          0,          0,          0,          0,          0, 0x0000000000000000, 0x00000004, 0x00000230,                   18,             ,                     ,   {00000000-0000-0000-0000-000000000000},                                         ,   134252506750724385,          0,          0, "Unknown", "", "Unknown( 10): GUID=34f66502-e8a3-3972-e718-cb92e5c6c109 (No Format Information found).", "", "", {34f66502-e8a3-3972-e718-cb92e5c6c109}, " 10", "2026-06-06T16:17:55.072Z",        0, "", "", "2026-06-06T20:17:55.072438500Z", {00000000-0000-0000-0000-000000000000}
     Unknown,         10,           10,          0,          0,          0,          0,          0, 0x0000000000000000, 0x00000004, 0x00000230,                   12,             ,                     ,   {00000000-0000-0000-0000-000000000000},                                         ,   134252506751053607,          0,          0, "Unknown", "", "Unknown( 10): GUID=34f66502-e8a3-3972-e718-cb92e5c6c109 (No Format Information found).", "", "", {34f66502-e8a3-3972-e718-cb92e5c6c109}, " 10", "2026-06-06T16:17:55.105Z",        0, "", "", "2026-06-06T20:17:55.105360700Z", {00000000-0000-0000-0000-000000000000}
     Unknown,         10,           10,          0,          0,          0,          0,          0, 0x0000000000000000, 0x00000004, 0x00000230,                    8,             ,                     ,   {00000000-0000-0000-0000-000000000000},                                         ,   134252506751119118,          0,          0, "Unknown", "", "Unknown( 10): GUID=34f66502-e8a3-3972-e718-cb92e5c6c109 (No Format Information found).", "", "", {34f66502-e8a3-3972-e718-cb92e5c6c109}, " 10", "2026-06-06T16:17:55.111Z",        0, "", "", "2026-06-06T20:17:55.111911800Z", {00000000-0000-0000-0000-000000000000}
     Unknown,         10,           10,          0,          0,          0,          0,          0, 0x0000000000000000, 0x00000004, 0x00000230,                   17,             ,                     ,   {00000000-0000-0000-0000-000000000000},                                         ,   134252506836724688,          0,          0, "Unknown", "", "Unknown( 10): GUID=34f66502-e8a3-3972-e718-cb92e5c6c109 (No Format Information found).", "", "", {34f66502-e8a3-3972-e718-cb92e5c6c109}, " 10", "2026-06-06T16:18:03.672Z",        0, "", "", "2026-06-06T20:18:03.672468800Z", {00000000-0000-0000-0000-000000000000}
     Unknown,         10,           10,          0,          0,          0,          0,          0, 0x0000000000000000, 0x00000004, 0x00000230,                   13,             ,                     ,   {00000000-0000-0000-0000-000000000000},                                         ,   134252506837757531,          0,          0, "Unknown", "", "Unknown( 10): GUID=34f66502-e8a3-3972-e718-cb92e5c6c109 (No Format Information found).", "", "", {34f66502-e8a3-3972-e718-cb92e5c6c109}, " 10", "2026-06-06T16:18:03.775Z",        0, "", "", "2026-06-06T20:18:03.775753100Z", {00000000-0000-0000-0000-000000000000}
     Unknown,         10,           10,          0,          0,          0,          0,          0, 0x0000000000000000, 0x00000004, 0x00000230,                   13,             ,                     ,   {00000000-0000-0000-0000-000000000000},                                         ,   134252506837839112,          0,          0, "Unknown", "", "Unknown( 10): GUID=34f66502-e8a3-3972-e718-cb92e5c6c109 (No Format Information found).", "", "", {34f66502-e8a3-3972-e718-cb92e5c6c109}, " 10", "2026-06-06T16:18:03.783Z",        0, "", "", "2026-06-06T20:18:03.783911200Z", {00000000-0000-0000-0000-000000000000}
     Unknown,         10,           10,          0,          0,          0,          0,          0, 0x0000000000000000, 0x00000004, 0x00000230,                   15,             ,                     ,   {00000000-0000-0000-0000-000000000000},                                         ,   134252506840851263,          0,          0, "Unknown", "", "Unknown( 10): GUID=34f66502-e8a3-3972-e718-cb92e5c6c109 (No Format Information found).", "", "", {34f66502-e8a3-3972-e718-cb92e5c6c109}, " 10", "2026-06-06T16:18:04.085Z",        0, "", "", "2026-06-06T20:18:04.085126300Z", {00000000-0000-0000-0000-000000000000}
     Unknown,         10,           10,          0,          0,          0,          0,          0, 0x0000000000000000, 0x00000004, 0x00000230,                   17,             ,                     ,   {00000000-0000-0000-0000-000000000000},                                         ,   134252506840924833,          0,          0, "Unknown", "", "Unknown( 10): GUID=34f66502-e8a3-3972-e718-cb92e5c6c109 (No Format Information found).", "", "", {34f66502-e8a3-3972-e718-cb92e5c6c109}, " 10", "2026-06-06T16:18:04.092Z",        0, "", "", "2026-06-06T20:18:04.092483300Z", {00000000-0000-0000-0000-000000000000}
     Unknown,         10,           10,          0,          0,          0,          0,          0, 0x0000000000000000, 0x00000004, 0x00000230,                    4,             ,                     ,   {00000000-0000-0000-0000-000000000000},                                         ,   134252506841840033,          0,          0, "Unknown", "", "Unknown( 10): GUID=34f66502-e8a3-3972-e718-cb92e5c6c109 (No Format Information found).", "", "", {34f66502-e8a3-3972-e718-cb92e5c6c109}, " 10", "2026-06-06T16:18:04.184Z",        0, "", "", "2026-06-06T20:18:04.184003300Z", {00000000-0000-0000-0000-000000000000}
     Unknown,         10,           10,          0,          0,          0,          0,          0, 0x0000000000000000, 0x00000004, 0x00000230,                   10,             ,                     ,   {00000000-0000-0000-0000-000000000000},                                         ,   134252506841887105,          0,          0, "Unknown", "", "Unknown( 10): GUID=34f66502-e8a3-3972-e718-cb92e5c6c109 (No Format Information found).", "", "", {34f66502-e8a3-3972-e718-cb92e5c6c109}, " 10", "2026-06-06T16:18:04.188Z",        0, "", "", "2026-06-06T20:18:04.188710500Z", {00000000-0000-0000-0000-000000000000}
     Unknown,         10,           10,          0,          0,          0,          0,          0, 0x0000000000000000, 0x00000004, 0x00000230,                   18,             ,                     ,   {00000000-0000-0000-0000-000000000000},                                         ,   134252506841968251,          0,          0, "Unknown", "", "Unknown( 10): GUID=34f66502-e8a3-3972-e718-cb92e5c6c109 (No Format Information found).", "", "", {34f66502-e8a3-3972-e718-cb92e5c6c109}, " 10", "2026-06-06T16:18:04.196Z",        0, "", "", "2026-06-06T20:18:04.196825100Z", {00000000-0000-0000-0000-000000000000}
     Unknown,         10,           10,          0,          0,          0,          0,          0, 0x0000000000000000, 0x00000004, 0x00000230,                   12,             ,                     ,   {00000000-0000-0000-0000-000000000000},                                         ,   134252506842049308,          0,          0, "Unknown", "", "Unknown( 10): GUID=34f66502-e8a3-3972-e718-cb92e5c6c109 (No Format Information found).", "", "", {34f66502-e8a3-3972-e718-cb92e5c6c109}, " 10", "2026-06-06T16:18:04.204Z",        0, "", "", "2026-06-06T20:18:04.204930800Z", {00000000-0000-0000-0000-000000000000}
     Unknown,         10,           10,          0,          0,          0,          0,          0, 0x0000000000000000, 0x00000004, 0x00000230,                    8,             ,                     ,   {00000000-0000-0000-0000-000000000000},                                         ,   134252506842128892,          0,          0, "Unknown", "", "Unknown( 10): GUID=34f66502-e8a3-3972-e718-cb92e5c6c109 (No Format Information found).", "", "", {34f66502-e8a3-3972-e718-cb92e5c6c109}, " 10", "2026-06-06T16:18:04.212Z",        0, "", "", "2026-06-06T20:18:04.212889200Z", {00000000-0000-0000-0000-000000000000}
     Unknown,         10,           10,          0,          0,          0,          0,          0, 0x0000000000000000, 0x00000004, 0x00000230,                   12,             ,                     ,   {00000000-0000-0000-0000-000000000000},                                         ,   134252506842205666,          0,          0, "Unknown", "", "Unknown( 10): GUID=34f66502-e8a3-3972-e718-cb92e5c6c109 (No Format Information found).", "", "", {34f66502-e8a3-3972-e718-cb92e5c6c109}, " 10", "2026-06-06T16:18:04.220Z",        0, "", "", "2026-06-06T20:18:04.220566600Z", {00000000-0000-0000-0000-000000000000}
     Unknown,         10,           10,          0,          0,          0,          0,          0, 0x0000000000000000, 0x00000004, 0x00000230,                    0,             ,                     ,   {00000000-0000-0000-0000-000000000000},                                         ,   134252506842285021,          0,          0, "Unknown", "", "Unknown( 10): GUID=34f66502-e8a3-3972-e718-cb92e5c6c109 (No Format Information found).", "", "", {34f66502-e8a3-3972-e718-cb92e5c6c109}, " 10", "2026-06-06T16:18:04.228Z",        0, "", "", "2026-06-06T20:18:04.228502100Z", {00000000-0000-0000-0000-000000000000}
     Unknown,         10,           10,          0,          0,          0,          0,          0, 0x0000000000000000, 0x00000004, 0x00000230,                   16,             ,                     ,   {00000000-0000-0000-0000-000000000000},                                         ,   134252506842364135,          0,          0, "Unknown", "", "Unknown( 10): GUID=34f66502-e8a3-3972-e718-cb92e5c6c109 (No Format Information found).", "", "", {34f66502-e8a3-3972-e718-cb92e5c6c109}, " 10", "2026-06-06T16:18:04.236Z",        0, "", "", "2026-06-06T20:18:04.236413500Z", {00000000-0000-0000-0000-000000000000}
     Unknown,         10,           10,          0,          0,          0,          0,          0, 0x0000000000000000, 0x00000004, 0x00000230,                   16,             ,                     ,   {00000000-0000-0000-0000-000000000000},                                         ,   134252506842559037,          0,          0, "Unknown", "", "Unknown( 10): GUID=34f66502-e8a3-3972-e718-cb92e5c6c109 (No Format Information found).", "", "", {34f66502-e8a3-3972-e718-cb92e5c6c109}, " 10", "2026-06-06T16:18:04.255Z",        0, "", "", "2026-06-06T20:18:04.255903700Z", {00000000-0000-0000-0000-000000000000}
     Unknown,         10,           10,          0,          0,          0,          0,          0, 0x0000000000000000, 0x00000004, 0x00000230,                   16,             ,                     ,   {00000000-0000-0000-0000-000000000000},                                         ,   134252506842607038,          0,          0, "Unknown", "", "Unknown( 10): GUID=34f66502-e8a3-3972-e718-cb92e5c6c109 (No Format Information found).", "", "", {34f66502-e8a3-3972-e718-cb92e5c6c109}, " 10", "2026-06-06T16:18:04.260Z",        0, "", "", "2026-06-06T20:18:04.260703800Z", {00000000-0000-0000-0000-000000000000}
     Unknown,         10,           10,          0,          0,          0,          0,          0, 0x0000000000000000, 0x00000004, 0x00000230,                    3,             ,                     ,   {00000000-0000-0000-0000-000000000000},                                         ,   134252506842681973,          0,          0, "Unknown", "", "Unknown( 10): GUID=34f66502-e8a3-3972-e718-cb92e5c6c109 (No Format Information found).", "", "", {34f66502-e8a3-3972-e718-cb92e5c6c109}, " 10", "2026-06-06T16:18:04.268Z",        0, "", "", "2026-06-06T20:18:04.268197300Z", {00000000-0000-0000-0000-000000000000}
     Unknown,         10,           10,          0,          0,          0,          0,          0, 0x0000000000000000, 0x00000004, 0x00000230,                   16,             ,                     ,   {00000000-0000-0000-0000-000000000000},                                         ,   134252506842761367,          0,          0, "Unknown", "", "Unknown( 10): GUID=34f66502-e8a3-3972-e718-cb92e5c6c109 (No Format Information found).", "", "", {34f66502-e8a3-3972-e718-cb92e5c6c109}, " 10", "2026-06-06T16:18:04.276Z",        0, "", "", "2026-06-06T20:18:04.276136700Z", {00000000-0000-0000-0000-000000000000}
     Unknown,         10,           10,          0,          0,          0,          0,          0, 0x0000000000000000, 0x00000004, 0x00000230,                    1,             ,                     ,   {00000000-0000-0000-0000-000000000000},                                         ,   134252506842839772,          0,          0, "Unknown", "", "Unknown( 10): GUID=34f66502-e8a3-3972-e718-cb92e5c6c109 (No Format Information found).", "", "", {34f66502-e8a3-3972-e718-cb92e5c6c109}, " 10", "2026-06-06T16:18:04.283Z",        0, "", "", "2026-06-06T20:18:04.283977200Z", {00000000-0000-0000-0000-000000000000}
     Unknown,         10,           10,          0,          0,          0,          0,          0, 0x0000000000000000, 0x00000004, 0x00000230,                    1,             ,                     ,   {00000000-0000-0000-0000-000000000000},                                         ,   134252506842919329,          0,          0, "Unknown", "", "Unknown( 10): GUID=34f66502-e8a3-3972-e718-cb92e5c6c109 (No Format Information found).", "", "", {34f66502-e8a3-3972-e718-cb92e5c6c109}, " 10", "2026-06-06T16:18:04.291Z",        0, "", "", "2026-06-06T20:18:04.291932900Z", {00000000-0000-0000-0000-000000000000}
     Unknown,         10,           10,          0,          0,          0,          0,          0, 0x0000000000000000, 0x00000004, 0x00000230,                    1,             ,                     ,   {00000000-0000-0000-0000-000000000000},                                         ,   134252506842998785,          0,          0, "Unknown", "", "Unknown( 10): GUID=34f66502-e8a3-3972-e718-cb92e5c6c109 (No Format Information found).", "", "", {34f66502-e8a3-3972-e718-cb92e5c6c109}, " 10", "2026-06-06T16:18:04.299Z",        0, "", "", "2026-06-06T20:18:04.299878500Z", {00000000-0000-0000-0000-000000000000}
     Unknown,         10,           10,          0,          0,          0,          0,          0, 0x0000000000000000, 0x00000004, 0x00000230,                    7,             ,                     ,   {00000000-0000-0000-0000-000000000000},                                         ,   134252506843078461,          0,          0, "Unknown", "", "Unknown( 10): GUID=34f66502-e8a3-3972-e718-cb92e5c6c109 (No Format Information found).", "", "", {34f66502-e8a3-3972-e718-cb92e5c6c109}, " 10", "2026-06-06T16:18:04.307Z",        0, "", "", "2026-06-06T20:18:04.307846100Z", {00000000-0000-0000-0000-000000000000}
     Unknown,         10,           10,          0,          0,          0,          0,          0, 0x0000000000000000, 0x00000004, 0x00000230,                   12,             ,                     ,   {00000000-0000-0000-0000-000000000000},                                         ,   134252506843158305,          0,          0, "Unknown", "", "Unknown( 10): GUID=34f66502-e8a3-3972-e718-cb92e5c6c109 (No Format Information found).", "", "", {34f66502-e8a3-3972-e718-cb92e5c6c109}, " 10", "2026-06-06T16:18:04.315Z",        0, "", "", "2026-06-06T20:18:04.315830500Z", {00000000-0000-0000-0000-000000000000}
     Unknown,         10,           10,          0,          0,          0,          0,          0, 0x0000000000000000, 0x00000004, 0x00000230,                   12,             ,                     ,   {00000000-0000-0000-0000-000000000000},                                         ,   134252506843236837,          0,          0, "Unknown", "", "Unknown( 10): GUID=34f66502-e8a3-3972-e718-cb92e5c6c109 (No Format Information found).", "", "", {34f66502-e8a3-3972-e718-cb92e5c6c109}, " 10", "2026-06-06T16:18:04.323Z",        0, "", "", "2026-06-06T20:18:04.323683700Z", {00000000-0000-0000-0000-000000000000}
     Unknown,         10,           10,          0,          0,          0,          0,          0, 0x0000000000000000, 0x00000004, 0x00000230,                   12,             ,                     ,   {00000000-0000-0000-0000-000000000000},                                         ,   134252506843316780,          0,          0, "Unknown", "", "Unknown( 10): GUID=34f66502-e8a3-3972-e718-cb92e5c6c109 (No Format Information found).", "", "", {34f66502-e8a3-3972-e718-cb92e5c6c109}, " 10", "2026-06-06T16:18:04.331Z",        0, "", "", "2026-06-06T20:18:04.331678000Z", {00000000-0000-0000-0000-000000000000}
     Unknown,         10,           10,          0,          0,          0,          0,          0, 0x0000000000000000, 0x00000004, 0x00000230,                   16,             ,                     ,   {00000000-0000-0000-0000-000000000000},                                         ,   134252506843395777,          0,          0, "Unknown", "", "Unknown( 10): GUID=34f66502-e8a3-3972-e718-cb92e5c6c109 (No Format Information found).", "", "", {34f66502-e8a3-3972-e718-cb92e5c6c109}, " 10", "2026-06-06T16:18:04.339Z",        0, "", "", "2026-06-06T20:18:04.339577700Z", {00000000-0000-0000-0000-000000000000}
     Unknown,         10,           10,          0,          0,          0,          0,          0, 0x0000000000000000, 0x00000004, 0x00000230,                   16,             ,                     ,   {00000000-0000-0000-0000-000000000000},                                         ,   134252506843475107,          0,          0, "Unknown", "", "Unknown( 10): GUID=34f66502-e8a3-3972-e718-cb92e5c6c109 (No Format Information found).", "", "", {34f66502-e8a3-3972-e718-cb92e5c6c109}, " 10", "2026-06-06T16:18:04.347Z",        0, "", "", "2026-06-06T20:18:04.347510700Z", {00000000-0000-0000-0000-000000000000}
     Unknown,         10,           10,          0,          0,          0,          0,          0, 0x0000000000000000, 0x00000004, 0x00000230,                   16,             ,                     ,   {00000000-0000-0000-0000-000000000000},                                         ,   134252506843554013,          0,          0, "Unknown", "", "Unknown( 10): GUID=34f66502-e8a3-3972-e718-cb92e5c6c109 (No Format Information found).", "", "", {34f66502-e8a3-3972-e718-cb92e5c6c109}, " 10", "2026-06-06T16:18:04.355Z",        0, "", "", "2026-06-06T20:18:04.355401300Z", {00000000-0000-0000-0000-000000000000}
     Unknown,         10,           10,          0,          0,          0,          0,          0, 0x0000000000000000, 0x00000004, 0x00000230,                    1,             ,                     ,   {00000000-0000-0000-0000-000000000000},                                         ,   134252506843633357,          0,          0, "Unknown", "", "Unknown( 10): GUID=34f66502-e8a3-3972-e718-cb92e5c6c109 (No Format Information found).", "", "", {34f66502-e8a3-3972-e718-cb92e5c6c109}, " 10", "2026-06-06T16:18:04.363Z",        0, "", "", "2026-06-06T20:18:04.363335700Z", {00000000-0000-0000-0000-000000000000}
     Unknown,         10,           10,          0,          0,          0,          0,          0, 0x0000000000000000, 0x00000004, 0x00000230,                    1,             ,                     ,   {00000000-0000-0000-0000-000000000000},                                         ,   134252506843712612,          0,          0, "Unknown", "", "Unknown( 10): GUID=34f66502-e8a3-3972-e718-cb92e5c6c109 (No Format Information found).", "", "", {34f66502-e8a3-3972-e718-cb92e5c6c109}, " 10", "2026-06-06T16:18:04.371Z",        0, "", "", "2026-06-06T20:18:04.371261200Z", {00000000-0000-0000-0000-000000000000}
     Unknown,         10,           10,          0,          0,          0,          0,          0, 0x0000000000000000, 0x00000004, 0x00000230,                    4,             ,                     ,   {00000000-0000-0000-0000-000000000000},                                         ,   134252506843792940,          0,          0, "Unknown", "", "Unknown( 10): GUID=34f66502-e8a3-3972-e718-cb92e5c6c109 (No Format Information found).", "", "", {34f66502-e8a3-3972-e718-cb92e5c6c109}, " 10", "2026-06-06T16:18:04.379Z",        0, "", "", "2026-06-06T20:18:04.379294000Z", {00000000-0000-0000-0000-000000000000}
     Unknown,         10,           10,          0,          0,          0,          0,          0, 0x0000000000000000, 0x00000004, 0x00000230,                    1,             ,                     ,   {00000000-0000-0000-0000-000000000000},                                         ,   134252506843872747,          0,          0, "Unknown", "", "Unknown( 10): GUID=34f66502-e8a3-3972-e718-cb92e5c6c109 (No Format Information found).", "", "", {34f66502-e8a3-3972-e718-cb92e5c6c109}, " 10", "2026-06-06T16:18:04.387Z",        0, "", "", "2026-06-06T20:18:04.387274700Z", {00000000-0000-0000-0000-000000000000}
     Unknown,         10,           10,          0,          0,          0,          0,          0, 0x0000000000000000, 0x00000004, 0x00000230,                    2,             ,                     ,   {00000000-0000-0000-0000-000000000000},                                         ,   134252506843953117,          0,          0, "Unknown", "", "Unknown( 10): GUID=34f66502-e8a3-3972-e718-cb92e5c6c109 (No Format Information found).", "", "", {34f66502-e8a3-3972-e718-cb92e5c6c109}, " 10", "2026-06-06T16:18:04.395Z",        0, "", "", "2026-06-06T20:18:04.395311700Z", {00000000-0000-0000-0000-000000000000}
     Unknown,         10,           10,          0,          0,          0,          0,          0, 0x0000000000000000, 0x00000004, 0x00000230,                    5,             ,                     ,   {00000000-0000-0000-0000-000000000000},                                         ,   134252506844030631,          0,          0, "Unknown", "", "Unknown( 10): GUID=34f66502-e8a3-3972-e718-cb92e5c6c109 (No Format Information found).", "", "", {34f66502-e8a3-3972-e718-cb92e5c6c109}, " 10", "2026-06-06T16:18:04.403Z",        0, "", "", "2026-06-06T20:18:04.403063100Z", {00000000-0000-0000-0000-000000000000}
     Unknown,         10,           10,          0,          0,          0,          0,          0, 0x0000000000000000, 0x00000004, 0x00000230,                    5,             ,                     ,   {00000000-0000-0000-0000-000000000000},                                         ,   134252506844111213,          0,          0, "Unknown", "", "Unknown( 10): GUID=34f66502-e8a3-3972-e718-cb92e5c6c109 (No Format Information found).", "", "", {34f66502-e8a3-3972-e718-cb92e5c6c109}, " 10", "2026-06-06T16:18:04.411Z",        0, "", "", "2026-06-06T20:18:04.411121300Z", {00000000-0000-0000-0000-000000000000}
     Unknown,         10,           10,          0,          0,          0,          0,          0, 0x0000000000000000, 0x00000004, 0x00000230,                   16,             ,                     ,   {00000000-0000-0000-0000-000000000000},                                         ,   134252506844177930,          0,          0, "Unknown", "", "Unknown( 10): GUID=34f66502-e8a3-3972-e718-cb92e5c6c109 (No Format Information found).", "", "", {34f66502-e8a3-3972-e718-cb92e5c6c109}, " 10", "2026-06-06T16:18:04.417Z",        0, "", "", "2026-06-06T20:18:04.417793000Z", {00000000-0000-0000-0000-000000000000}
     Unknown,         10,           10,          0,          0,          0,          0,          0, 0x0000000000000000, 0x00000004, 0x00000230,                    0,             ,                     ,   {00000000-0000-0000-0000-000000000000},                                         ,   134252506847326579,          0,          0, "Unknown", "", "Unknown( 10): GUID=34f66502-e8a3-3972-e718-cb92e5c6c109 (No Format Information found).", "", "", {34f66502-e8a3-3972-e718-cb92e5c6c109}, " 10", "2026-06-06T16:18:04.732Z",        0, "", "", "2026-06-06T20:18:04.732657900Z", {00000000-0000-0000-0000-000000000000}
     Unknown,         10,           10,          0,          0,          0,          0,          0, 0x0000000000000000, 0x00000004, 0x00000230,                    0,             ,                     ,   {00000000-0000-0000-0000-000000000000},                                         ,   134252506847388332,          0,          0, "Unknown", "", "Unknown( 10): GUID=34f66502-e8a3-3972-e718-cb92e5c6c109 (No Format Information found).", "", "", {34f66502-e8a3-3972-e718-cb92e5c6c109}, " 10", "2026-06-06T16:18:04.738Z",        0, "", "", "2026-06-06T20:18:04.738833200Z", {00000000-0000-0000-0000-000000000000}
     Unknown,         10,           10,          0,          0,          0,          0,          0, 0x0000000000000000, 0x00000004, 0x00000230,                    0,             ,                     ,   {00000000-0000-0000-0000-000000000000},                                         ,   134252506847424960,          0,          0, "Unknown", "", "Unknown( 10): GUID=34f66502-e8a3-3972-e718-cb92e5c6c109 (No Format Information found).", "", "", {34f66502-e8a3-3972-e718-cb92e5c6c109}, " 10", "2026-06-06T16:18:04.742Z",        0, "", "", "2026-06-06T20:18:04.742496000Z", {00000000-0000-0000-0000-000000000000}
     Unknown,         10,           10,          0,          0,          0,          0,          0, 0x0000000000000000, 0x00000004, 0x00000230,                    8,             ,                     ,   {00000000-0000-0000-0000-000000000000},                                         ,   134252506848803662,          0,          0, "Unknown", "", "Unknown( 10): GUID=34f66502-e8a3-3972-e718-cb92e5c6c109 (No Format Information found).", "", "", {34f66502-e8a3-3972-e718-cb92e5c6c109}, " 10", "2026-06-06T16:18:04.880Z",        0, "", "", "2026-06-06T20:18:04.880366200Z", {00000000-0000-0000-0000-000000000000}
     Unknown,         10,           10,          0,          0,          0,          0,          0, 0x0000000000000000, 0x00000004, 0x00000230,                    2,             ,                     ,   {00000000-0000-0000-0000-000000000000},                                         ,   134252506848858597,          0,          0, "Unknown", "", "Unknown( 10): GUID=34f66502-e8a3-3972-e718-cb92e5c6c109 (No Format Information found).", "", "", {34f66502-e8a3-3972-e718-cb92e5c6c109}, " 10", "2026-06-06T16:18:04.885Z",        0, "", "", "2026-06-06T20:18:04.885859700Z", {00000000-0000-0000-0000-000000000000}
     Unknown,         10,           10,          0,          0,          0,          0,          0, 0x0000000000000000, 0x00000004, 0x00000230,                   14,             ,                     ,   {00000000-0000-0000-0000-000000000000},                                         ,   134252506853306702,          0,          0, "Unknown", "", "Unknown( 10): GUID=34f66502-e8a3-3972-e718-cb92e5c6c109 (No Format Information found).", "", "", {34f66502-e8a3-3972-e718-cb92e5c6c109}, " 10", "2026-06-06T16:18:05.330Z",        0, "", "", "2026-06-06T20:18:05.330670200Z", {00000000-0000-0000-0000-000000000000}
     Unknown,         10,           10,          0,          0,          0,          0,          0, 0x0000000000000000, 0x00000004, 0x00000230,                   13,             ,                     ,   {00000000-0000-0000-0000-000000000000},                                         ,   134252506853383810,          0,          0, "Unknown", "", "Unknown( 10): GUID=34f66502-e8a3-3972-e718-cb92e5c6c109 (No Format Information found).", "", "", {34f66502-e8a3-3972-e718-cb92e5c6c109}, " 10", "2026-06-06T16:18:05.338Z",        0, "", "", "2026-06-06T20:18:05.338381000Z", {00000000-0000-0000-0000-000000000000}
     Unknown,         10,           10,          0,          0,          0,          0,          0, 0x0000000000000000, 0x00000004, 0x00000230,                   11,             ,                     ,   {00000000-0000-0000-0000-000000000000},                                         ,   134252506855936389,          0,          0, "Unknown", "", "Unknown( 10): GUID=34f66502-e8a3-3972-e718-cb92e5c6c109 (No Format Information found).", "", "", {34f66502-e8a3-3972-e718-cb92e5c6c109}, " 10", "2026-06-06T16:18:05.593Z",        0, "", "", "2026-06-06T20:18:05.593638900Z", {00000000-0000-0000-0000-000000000000}
     Unknown,         10,           10,          0,          0,          0,          0,          0, 0x0000000000000000, 0x00000004, 0x00000230,                   13,             ,                     ,   {00000000-0000-0000-0000-000000000000},                                         ,   134252506856013805,          0,          0, "Unknown", "", "Unknown( 10): GUID=34f66502-e8a3-3972-e718-cb92e5c6c109 (No Format Information found).", "", "", {34f66502-e8a3-3972-e718-cb92e5c6c109}, " 10", "2026-06-06T16:18:05.601Z",        0, "", "", "2026-06-06T20:18:05.601380500Z", {00000000-0000-0000-0000-000000000000}
     Unknown,         10,           10,          0,          0,          0,          0,          0, 0x0000000000000000, 0x00000004, 0x00000230,                   14,             ,                     ,   {00000000-0000-0000-0000-000000000000},                                         ,   134252506856079950,          0,          0, "Unknown", "", "Unknown( 10): GUID=34f66502-e8a3-3972-e718-cb92e5c6c109 (No Format Information found).", "", "", {34f66502-e8a3-3972-e718-cb92e5c6c109}, " 10", "2026-06-06T16:18:05.607Z",        0, "", "", "2026-06-06T20:18:05.607995000Z", {00000000-0000-0000-0000-000000000000}
     Unknown,         10,           10,          0,          0,          0,          0,          0, 0x0000000000000000, 0x00000004, 0x00000230,                   10,             ,                     ,   {00000000-0000-0000-0000-000000000000},                                         ,   134252506856153792,          0,          0, "Unknown", "", "Unknown( 10): GUID=34f66502-e8a3-3972-e718-cb92e5c6c109 (No Format Information found).", "", "", {34f66502-e8a3-3972-e718-cb92e5c6c109}, " 10", "2026-06-06T16:18:05.615Z",        0, "", "", "2026-06-06T20:18:05.615379200Z", {00000000-0000-0000-0000-000000000000}
     Unknown,         10,           10,          0,          0,          0,          0,          0, 0x0000000000000000, 0x00000004, 0x00000230,                   10,             ,                     ,   {00000000-0000-0000-0000-000000000000},                                         ,   134252506858142622,          0,          0, "Unknown", "", "Unknown( 10): GUID=34f66502-e8a3-3972-e718-cb92e5c6c109 (No Format Information found).", "", "", {34f66502-e8a3-3972-e718-cb92e5c6c109}, " 10", "2026-06-06T16:18:05.814Z",        0, "", "", "2026-06-06T20:18:05.814262200Z", {00000000-0000-0000-0000-000000000000}
     Unknown,         10,           10,          0,          0,          0,          0,          0, 0x0000000000000000, 0x00000004, 0x00000230,                   11,             ,                     ,   {00000000-0000-0000-0000-000000000000},                                         ,   134252506858216631,          0,          0, "Unknown", "", "Unknown( 10): GUID=34f66502-e8a3-3972-e718-cb92e5c6c109 (No Format Information found).", "", "", {34f66502-e8a3-3972-e718-cb92e5c6c109}, " 10", "2026-06-06T16:18:05.821Z",        0, "", "", "2026-06-06T20:18:05.821663100Z", {00000000-0000-0000-0000-000000000000}
     Unknown,         10,           10,          0,          0,          0,          0,          0, 0x0000000000000000, 0x00000004, 0x00000230,                   12,             ,                     ,   {00000000-0000-0000-0000-000000000000},                                         ,   134252506858560254,          0,          0, "Unknown", "", "Unknown( 10): GUID=34f66502-e8a3-3972-e718-cb92e5c6c109 (No Format Information found).", "", "", {34f66502-e8a3-3972-e718-cb92e5c6c109}, " 10", "2026-06-06T16:18:05.856Z",        0, "", "", "2026-06-06T20:18:05.856025400Z", {00000000-0000-0000-0000-000000000000}
     Unknown,         10,           10,          0,          0,          0,          0,          0, 0x0000000000000000, 0x00000004, 0x00000230,                   12,             ,                     ,   {00000000-0000-0000-0000-000000000000},                                         ,   134252506858610551,          0,          0, "Unknown", "", "Unknown( 10): GUID=34f66502-e8a3-3972-e718-cb92e5c6c109 (No Format Information found).", "", "", {34f66502-e8a3-3972-e718-cb92e5c6c109}, " 10", "2026-06-06T16:18:05.861Z",        0, "", "", "2026-06-06T20:18:05.861055100Z", {00000000-0000-0000-0000-000000000000}
     Unknown,         10,           10,          0,          0,          0,          0,          0, 0x0000000000000000, 0x00000004, 0x00000230,                   13,             ,                     ,   {00000000-0000-0000-0000-000000000000},                                         ,   134252506861251196,          0,          0, "Unknown", "", "Unknown( 10): GUID=34f66502-e8a3-3972-e718-cb92e5c6c109 (No Format Information found).", "", "", {34f66502-e8a3-3972-e718-cb92e5c6c109}, " 10", "2026-06-06T16:18:06.125Z",        0, "", "", "2026-06-06T20:18:06.125119600Z", {00000000-0000-0000-0000-000000000000}
     Unknown,         10,           10,          0,          0,          0,          0,          0, 0x0000000000000000, 0x00000004, 0x00000230,                   11,             ,                     ,   {00000000-0000-0000-0000-000000000000},                                         ,   134252506861311551,          0,          0, "Unknown", "", "Unknown( 10): GUID=34f66502-e8a3-3972-e718-cb92e5c6c109 (No Format Information found).", "", "", {34f66502-e8a3-3972-e718-cb92e5c6c109}, " 10", "2026-06-06T16:18:06.131Z",        0, "", "", "2026-06-06T20:18:06.131155100Z", {00000000-0000-0000-0000-000000000000}
     Unknown,         10,           10,          0,          0,          0,          0,          0, 0x0000000000000000, 0x00000004, 0x00000230,                   13,             ,                     ,   {00000000-0000-0000-0000-000000000000},                                         ,   134252506869673995,          0,          0, "Unknown", "", "Unknown( 10): GUID=34f66502-e8a3-3972-e718-cb92e5c6c109 (No Format Information found).", "", "", {34f66502-e8a3-3972-e718-cb92e5c6c109}, " 10", "2026-06-06T16:18:06.967Z",        0, "", "", "2026-06-06T20:18:06.967399500Z", {00000000-0000-0000-0000-000000000000}
     Unknown,         10,           10,          0,          0,          0,          0,          0, 0x0000000000000000, 0x00000004, 0x00000230,                   13,             ,                     ,   {00000000-0000-0000-0000-000000000000},                                         ,   134252506869735607,          0,          0, "Unknown", "", "Unknown( 10): GUID=34f66502-e8a3-3972-e718-cb92e5c6c109 (No Format Information found).", "", "", {34f66502-e8a3-3972-e718-cb92e5c6c109}, " 10", "2026-06-06T16:18:06.973Z",        0, "", "", "2026-06-06T20:18:06.973560700Z", {00000000-0000-0000-0000-000000000000}
     Unknown,         10,           10,          0,          0,          0,          0,          0, 0x0000000000000000, 0x00000004, 0x00000230,                   19,             ,                     ,   {00000000-0000-0000-0000-000000000000},                                         ,   134252506869794131,          0,          0, "Unknown", "", "Unknown( 10): GUID=34f66502-e8a3-3972-e718-cb92e5c6c109 (No Format Information found).", "", "", {34f66502-e8a3-3972-e718-cb92e5c6c109}, " 10", "2026-06-06T16:18:06.979Z",        0, "", "", "2026-06-06T20:18:06.979413100Z", {00000000-0000-0000-0000-000000000000}
     Unknown,         10,           10,          0,          0,          0,          0,          0, 0x0000000000000000, 0x00000004, 0x00000230,                   10,             ,                     ,   {00000000-0000-0000-0000-000000000000},                                         ,   134252506872492255,          0,          0, "Unknown", "", "Unknown( 10): GUID=34f66502-e8a3-3972-e718-cb92e5c6c109 (No Format Information found).", "", "", {34f66502-e8a3-3972-e718-cb92e5c6c109}, " 10", "2026-06-06T16:18:07.249Z",        0, "", "", "2026-06-06T20:18:07.249225500Z", {00000000-0000-0000-0000-000000000000}
     Unknown,         10,           10,          0,          0,          0,          0,          0, 0x0000000000000000, 0x00000004, 0x00000230,                   18,             ,                     ,   {00000000-0000-0000-0000-000000000000},                                         ,   134252506872585775,          0,          0, "Unknown", "", "Unknown( 10): GUID=34f66502-e8a3-3972-e718-cb92e5c6c109 (No Format Information found).", "", "", {34f66502-e8a3-3972-e718-cb92e5c6c109}, " 10", "2026-06-06T16:18:07.258Z",        0, "", "", "2026-06-06T20:18:07.258577500Z", {00000000-0000-0000-0000-000000000000}
     Unknown,         10,           10,          0,          0,          0,          0,          0, 0x0000000000000000, 0x00000004, 0x00000230,                   10,             ,                     ,   {00000000-0000-0000-0000-000000000000},                                         ,   134252506872648759,          0,          0, "Unknown", "", "Unknown( 10): GUID=34f66502-e8a3-3972-e718-cb92e5c6c109 (No Format Information found).", "", "", {34f66502-e8a3-3972-e718-cb92e5c6c109}, " 10", "2026-06-06T16:18:07.264Z",        0, "", "", "2026-06-06T20:18:07.264875900Z", {00000000-0000-0000-0000-000000000000}
     Unknown,         10,           10,          0,          0,          0,          0,          0, 0x0000000000000000, 0x00000004, 0x00000230,                   15,             ,                     ,   {00000000-0000-0000-0000-000000000000},                                         ,   134252506875134929,          0,          0, "Unknown", "", "Unknown( 10): GUID=34f66502-e8a3-3972-e718-cb92e5c6c109 (No Format Information found).", "", "", {34f66502-e8a3-3972-e718-cb92e5c6c109}, " 10", "2026-06-06T16:18:07.513Z",        0, "", "", "2026-06-06T20:18:07.513492900Z", {00000000-0000-0000-0000-000000000000}
     Unknown,         10,           10,          0,          0,          0,          0,          0, 0x0000000000000000, 0x00000004, 0x00000230,                   14,             ,                     ,   {00000000-0000-0000-0000-000000000000},                                         ,   134252506875185448,          0,          0, "Unknown", "", "Unknown( 10): GUID=34f66502-e8a3-3972-e718-cb92e5c6c109 (No Format Information found).", "", "", {34f66502-e8a3-3972-e718-cb92e5c6c109}, " 10", "2026-06-06T16:18:07.518Z",        0, "", "", "2026-06-06T20:18:07.518544800Z", {00000000-0000-0000-0000-000000000000}
     Unknown,         10,           10,          0,          0,          0,          0,          0, 0x0000000000000000, 0x00000004, 0x00000230,                   13,             ,                     ,   {00000000-0000-0000-0000-000000000000},                                         ,   134252506875841000,          0,          0, "Unknown", "", "Unknown( 10): GUID=34f66502-e8a3-3972-e718-cb92e5c6c109 (No Format Information found).", "", "", {34f66502-e8a3-3972-e718-cb92e5c6c109}, " 10", "2026-06-06T16:18:07.584Z",        0, "", "", "2026-06-06T20:18:07.584100000Z", {00000000-0000-0000-0000-000000000000}
     Unknown,         10,           10,          0,          0,          0,          0,          0, 0x0000000000000000, 0x00000004, 0x00000230,                   11,             ,                     ,   {00000000-0000-0000-0000-000000000000},                                         ,   134252506875909936,          0,          0, "Unknown", "", "Unknown( 10): GUID=34f66502-e8a3-3972-e718-cb92e5c6c109 (No Format Information found).", "", "", {34f66502-e8a3-3972-e718-cb92e5c6c109}, " 10", "2026-06-06T16:18:07.590Z",        0, "", "", "2026-06-06T20:18:07.590993600Z", {00000000-0000-0000-0000-000000000000}
     Unknown,         10,           10,          0,          0,          0,          0,          0, 0x0000000000000000, 0x00000004, 0x00000230,                   16,             ,                     ,   {00000000-0000-0000-0000-000000000000},                                         ,   134252506878131510,          0,          0, "Unknown", "", "Unknown( 10): GUID=34f66502-e8a3-3972-e718-cb92e5c6c109 (No Format Information found).", "", "", {34f66502-e8a3-3972-e718-cb92e5c6c109}, " 10", "2026-06-06T16:18:07.813Z",        0, "", "", "2026-06-06T20:18:07.813151000Z", {00000000-0000-0000-0000-000000000000}
     Unknown,         10,           10,          0,          0,          0,          0,          0, 0x0000000000000000, 0x00000004, 0x00000230,                   16,             ,                     ,   {00000000-0000-0000-0000-000000000000},                                         ,   134252506878216705,          0,          0, "Unknown", "", "Unknown( 10): GUID=34f66502-e8a3-3972-e718-cb92e5c6c109 (No Format Information found).", "", "", {34f66502-e8a3-3972-e718-cb92e5c6c109}, " 10", "2026-06-06T16:18:07.821Z",        0, "", "", "2026-06-06T20:18:07.821670500Z", {00000000-0000-0000-0000-000000000000}
     Unknown,         10,           10,          0,          0,          0,          0,          0, 0x0000000000000000, 0x00000004, 0x00000230,                    1,             ,                     ,   {00000000-0000-0000-0000-000000000000},                                         ,   134252506878284451,          0,          0, "Unknown", "", "Unknown( 10): GUID=34f66502-e8a3-3972-e718-cb92e5c6c109 (No Format Information found).", "", "", {34f66502-e8a3-3972-e718-cb92e5c6c109}, " 10", "2026-06-06T16:18:07.828Z",        0, "", "", "2026-06-06T20:18:07.828445100Z", {00000000-0000-0000-0000-000000000000}
     Unknown,         10,           10,          0,          0,          0,          0,          0, 0x0000000000000000, 0x00000004, 0x00000230,                   13,             ,                     ,   {00000000-0000-0000-0000-000000000000},                                         ,   134252506878358705,          0,          0, "Unknown", "", "Unknown( 10): GUID=34f66502-e8a3-3972-e718-cb92e5c6c109 (No Format Information found).", "", "", {34f66502-e8a3-3972-e718-cb92e5c6c109}, " 10", "2026-06-06T16:18:07.835Z",        0, "", "", "2026-06-06T20:18:07.835870500Z", {00000000-0000-0000-0000-000000000000}
     Unknown,         10,           10,          0,          0,          0,          0,          0, 0x0000000000000000, 0x00000004, 0x00000230,                   11,             ,                     ,   {00000000-0000-0000-0000-000000000000},                                         ,   134252506879496701,          0,          0, "Unknown", "", "Unknown( 10): GUID=34f66502-e8a3-3972-e718-cb92e5c6c109 (No Format Information found).", "", "", {34f66502-e8a3-3972-e718-cb92e5c6c109}, " 10", "2026-06-06T16:18:07.949Z",        0, "", "", "2026-06-06T20:18:07.949670100Z", {00000000-0000-0000-0000-000000000000}
     Unknown,         10,           10,          0,          0,          0,          0,          0, 0x0000000000000000, 0x00000004, 0x00000230,                   11,             ,                     ,   {00000000-0000-0000-0000-000000000000},                                         ,   134252506882577885,          0,          0, "Unknown", "", "Unknown( 10): GUID=34f66502-e8a3-3972-e718-cb92e5c6c109 (No Format Information found).", "", "", {34f66502-e8a3-3972-e718-cb92e5c6c109}, " 10", "2026-06-06T16:18:08.257Z",        0, "", "", "2026-06-06T20:18:08.257788500Z", {00000000-0000-0000-0000-000000000000}
     Unknown,         10,           10,          0,          0,          0,          0,          0, 0x0000000000000000, 0x00000004, 0x00000230,                    1,             ,                     ,   {00000000-0000-0000-0000-000000000000},                                         ,   134252506882662448,          0,          0, "Unknown", "", "Unknown( 10): GUID=34f66502-e8a3-3972-e718-cb92e5c6c109 (No Format Information found).", "", "", {34f66502-e8a3-3972-e718-cb92e5c6c109}, " 10", "2026-06-06T16:18:08.266Z",        0, "", "", "2026-06-06T20:18:08.266244800Z", {00000000-0000-0000-0000-000000000000}
     Unknown,         10,           10,          0,          0,          0,          0,          0, 0x0000000000000000, 0x00000004, 0x00000230,                   15,             ,                     ,   {00000000-0000-0000-0000-000000000000},                                         ,   134252506882720818,          0,          0, "Unknown", "", "Unknown( 10): GUID=34f66502-e8a3-3972-e718-cb92e5c6c109 (No Format Information found).", "", "", {34f66502-e8a3-3972-e718-cb92e5c6c109}, " 10", "2026-06-06T16:18:08.272Z",        0, "", "", "2026-06-06T20:18:08.272081800Z", {00000000-0000-0000-0000-000000000000}
     Unknown,         10,           10,          0,          0,          0,          0,          0, 0x0000000000000000, 0x00000004, 0x00000230,                   12,             ,                     ,   {00000000-0000-0000-0000-000000000000},                                         ,   134252506884319583,          0,          0, "Unknown", "", "Unknown( 10): GUID=34f66502-e8a3-3972-e718-cb92e5c6c109 (No Format Information found).", "", "", {34f66502-e8a3-3972-e718-cb92e5c6c109}, " 10", "2026-06-06T16:18:08.431Z",        0, "", "", "2026-06-06T20:18:08.431958300Z", {00000000-0000-0000-0000-000000000000}
     Unknown,         10,           10,          0,          0,          0,          0,          0, 0x0000000000000000, 0x00000004, 0x00000230,                   12,             ,                     ,   {00000000-0000-0000-0000-000000000000},                                         ,   134252506884386579,          0,          0, "Unknown", "", "Unknown( 10): GUID=34f66502-e8a3-3972-e718-cb92e5c6c109 (No Format Information found).", "", "", {34f66502-e8a3-3972-e718-cb92e5c6c109}, " 10", "2026-06-06T16:18:08.438Z",        0, "", "", "2026-06-06T20:18:08.438657900Z", {00000000-0000-0000-0000-000000000000}
     Unknown,         10,           10,          0,          0,          0,          0,          0, 0x0000000000000000, 0x00000004, 0x00000230,                   13,             ,                     ,   {00000000-0000-0000-0000-000000000000},                                         ,   134252506885658250,          0,          0, "Unknown", "", "Unknown( 10): GUID=34f66502-e8a3-3972-e718-cb92e5c6c109 (No Format Information found).", "", "", {34f66502-e8a3-3972-e718-cb92e5c6c109}, " 10", "2026-06-06T16:18:08.565Z",        0, "", "", "2026-06-06T20:18:08.565825000Z", {00000000-0000-0000-0000-000000000000}
     Unknown,         10,           10,          0,          0,          0,          0,          0, 0x0000000000000000, 0x00000004, 0x00000230,                   16,             ,                     ,   {00000000-0000-0000-0000-000000000000},                                         ,   134252506885734478,          0,          0, "Unknown", "", "Unknown( 10): GUID=34f66502-e8a3-3972-e718-cb92e5c6c109 (No Format Information found).", "", "", {34f66502-e8a3-3972-e718-cb92e5c6c109}, " 10", "2026-06-06T16:18:08.573Z",        0, "", "", "2026-06-06T20:18:08.573447800Z", {00000000-0000-0000-0000-000000000000}
     Unknown,         10,           10,          0,          0,          0,          0,          0, 0x0000000000000000, 0x00000004, 0x00000230,                   13,             ,                     ,   {00000000-0000-0000-0000-000000000000},                                         ,   134252506887244361,          0,          0, "Unknown", "", "Unknown( 10): GUID=34f66502-e8a3-3972-e718-cb92e5c6c109 (No Format Information found).", "", "", {34f66502-e8a3-3972-e718-cb92e5c6c109}, " 10", "2026-06-06T16:18:08.724Z",        0, "", "", "2026-06-06T20:18:08.724436100Z", {00000000-0000-0000-0000-000000000000}
     Unknown,         10,           10,          0,          0,          0,          0,          0, 0x0000000000000000, 0x00000004, 0x00000230,                   17,             ,                     ,   {00000000-0000-0000-0000-000000000000},                                         ,   134252506887327263,          0,          0, "Unknown", "", "Unknown( 10): GUID=34f66502-e8a3-3972-e718-cb92e5c6c109 (No Format Information found).", "", "", {34f66502-e8a3-3972-e718-cb92e5c6c109}, " 10", "2026-06-06T16:18:08.732Z",        0, "", "", "2026-06-06T20:18:08.732726300Z", {00000000-0000-0000-0000-000000000000}
     Unknown,         10,           10,          0,          0,          0,          0,          0, 0x0000000000000000, 0x00000004, 0x00000230,                   11,             ,                     ,   {00000000-0000-0000-0000-000000000000},                                         ,   134252506887415282,          0,          0, "Unknown", "", "Unknown( 10): GUID=34f66502-e8a3-3972-e718-cb92e5c6c109 (No Format Information found).", "", "", {34f66502-e8a3-3972-e718-cb92e5c6c109}, " 10", "2026-06-06T16:18:08.741Z",        0, "", "", "2026-06-06T20:18:08.741528200Z", {00000000-0000-0000-0000-000000000000}
     Unknown,         10,           10,          0,          0,          0,          0,          0, 0x0000000000000000, 0x00000004, 0x00000230,                   11,             ,                     ,   {00000000-0000-0000-0000-000000000000},                                         ,   134252506887493397,          0,          0, "Unknown", "", "Unknown( 10): GUID=34f66502-e8a3-3972-e718-cb92e5c6c109 (No Format Information found).", "", "", {34f66502-e8a3-3972-e718-cb92e5c6c109}, " 10", "2026-06-06T16:18:08.749Z",        0, "", "", "2026-06-06T20:18:08.749339700Z", {00000000-0000-0000-0000-000000000000}
     Unknown,         10,           10,          0,          0,          0,          0,          0, 0x0000000000000000, 0x00000004, 0x00000230,                   11,             ,                     ,   {00000000-0000-0000-0000-000000000000},                                         ,   134252506887979877,          0,          0, "Unknown", "", "Unknown( 10): GUID=34f66502-e8a3-3972-e718-cb92e5c6c109 (No Format Information found).", "", "", {34f66502-e8a3-3972-e718-cb92e5c6c109}, " 10", "2026-06-06T16:18:08.797Z",        0, "", "", "2026-06-06T20:18:08.797987700Z", {00000000-0000-0000-0000-000000000000}
     Unknown,         10,           10,          0,          0,          0,          0,          0, 0x0000000000000000, 0x00000004, 0x00000230,                   11,             ,                     ,   {00000000-0000-0000-0000-000000000000},                                         ,   134252506888044256,          0,          0, "Unknown", "", "Unknown( 10): GUID=34f66502-e8a3-3972-e718-cb92e5c6c109 (No Format Information found).", "", "", {34f66502-e8a3-3972-e718-cb92e5c6c109}, " 10", "2026-06-06T16:18:08.804Z",        0, "", "", "2026-06-06T20:18:08.804425600Z", {00000000-0000-0000-0000-000000000000}
     Unknown,         10,           10,          0,          0,          0,          0,          0, 0x0000000000000000, 0x00000004, 0x00000230,                   11,             ,                     ,   {00000000-0000-0000-0000-000000000000},                                         ,   134252506888137883,          0,          0, "Unknown", "", "Unknown( 10): GUID=34f66502-e8a3-3972-e718-cb92e5c6c109 (No Format Information found).", "", "", {34f66502-e8a3-3972-e718-cb92e5c6c109}, " 10", "2026-06-06T16:18:08.813Z",        0, "", "", "2026-06-06T20:18:08.813788300Z", {00000000-0000-0000-0000-000000000000}
     Unknown,         10,           10,          0,          0,          0,          0,          0, 0x0000000000000000, 0x00000004, 0x00000230,                   11,             ,                     ,   {00000000-0000-0000-0000-000000000000},                                         ,   134252506888194033,          0,          0, "Unknown", "", "Unknown( 10): GUID=34f66502-e8a3-3972-e718-cb92e5c6c109 (No Format Information found).", "", "", {34f66502-e8a3-3972-e718-cb92e5c6c109}, " 10", "2026-06-06T16:18:08.819Z",        0, "", "", "2026-06-06T20:18:08.819403300Z", {00000000-0000-0000-0000-000000000000}
     Unknown,         10,           10,          0,          0,          0,          0,          0, 0x0000000000000000, 0x00000004, 0x00000230,                   13,             ,                     ,   {00000000-0000-0000-0000-000000000000},                                         ,   134252506891052447,          0,          0, "Unknown", "", "Unknown( 10): GUID=34f66502-e8a3-3972-e718-cb92e5c6c109 (No Format Information found).", "", "", {34f66502-e8a3-3972-e718-cb92e5c6c109}, " 10", "2026-06-06T16:18:09.105Z",        0, "", "", "2026-06-06T20:18:09.105244700Z", {00000000-0000-0000-0000-000000000000}
     Unknown,         10,           10,          0,          0,          0,          0,          0, 0x0000000000000000, 0x00000004, 0x00000230,                   11,             ,                     ,   {00000000-0000-0000-0000-000000000000},                                         ,   134252506891142807,          0,          0, "Unknown", "", "Unknown( 10): GUID=34f66502-e8a3-3972-e718-cb92e5c6c109 (No Format Information found).", "", "", {34f66502-e8a3-3972-e718-cb92e5c6c109}, " 10", "2026-06-06T16:18:09.114Z",        0, "", "", "2026-06-06T20:18:09.114280700Z", {00000000-0000-0000-0000-000000000000}
     Unknown,         10,           10,          0,          0,          0,          0,          0, 0x0000000000000000, 0x00000004, 0x00000230,                   11,             ,                     ,   {00000000-0000-0000-0000-000000000000},                                         ,   134252506893596269,          0,          0, "Unknown", "", "Unknown( 10): GUID=34f66502-e8a3-3972-e718-cb92e5c6c109 (No Format Information found).", "", "", {34f66502-e8a3-3972-e718-cb92e5c6c109}, " 10", "2026-06-06T16:18:09.359Z",        0, "", "", "2026-06-06T20:18:09.359626900Z", {00000000-0000-0000-0000-000000000000}
     Unknown,         10,           10,          0,          0,          0,          0,          0, 0x0000000000000000, 0x00000004, 0x00000230,                   13,             ,                     ,   {00000000-0000-0000-0000-000000000000},                                         ,   134252506893663513,          0,          0, "Unknown", "", "Unknown( 10): GUID=34f66502-e8a3-3972-e718-cb92e5c6c109 (No Format Information found).", "", "", {34f66502-e8a3-3972-e718-cb92e5c6c109}, " 10", "2026-06-06T16:18:09.366Z",        0, "", "", "2026-06-06T20:18:09.366351300Z", {00000000-0000-0000-0000-000000000000}
     Unknown,         10,           10,          0,          0,          0,          0,          0, 0x0000000000000000, 0x00000004, 0x00000230,                   11,             ,                     ,   {00000000-0000-0000-0000-000000000000},                                         ,   134252506894787277,          0,          0, "Unknown", "", "Unknown( 10): GUID=34f66502-e8a3-3972-e718-cb92e5c6c109 (No Format Information found).", "", "", {34f66502-e8a3-3972-e718-cb92e5c6c109}, " 10", "2026-06-06T16:18:09.478Z",        0, "", "", "2026-06-06T20:18:09.478727700Z", {00000000-0000-0000-0000-000000000000}
     Unknown,         10,           10,          0,          0,          0,          0,          0, 0x0000000000000000, 0x00000004, 0x00000230,                   13,             ,                     ,   {00000000-0000-0000-0000-000000000000},                                         ,   134252506894868503,          0,          0, "Unknown", "", "Unknown( 10): GUID=34f66502-e8a3-3972-e718-cb92e5c6c109 (No Format Information found).", "", "", {34f66502-e8a3-3972-e718-cb92e5c6c109}, " 10", "2026-06-06T16:18:09.486Z",        0, "", "", "2026-06-06T20:18:09.486850300Z", {00000000-0000-0000-0000-000000000000}
     Unknown,         10,           10,          0,          0,          0,          0,          0, 0x0000000000000000, 0x00000004, 0x00000230,                   11,             ,                     ,   {00000000-0000-0000-0000-000000000000},                                         ,   134252506894937436,          0,          0, "Unknown", "", "Unknown( 10): GUID=34f66502-e8a3-3972-e718-cb92e5c6c109 (No Format Information found).", "", "", {34f66502-e8a3-3972-e718-cb92e5c6c109}, " 10", "2026-06-06T16:18:09.493Z",        0, "", "", "2026-06-06T20:18:09.493743600Z", {00000000-0000-0000-0000-000000000000}
     Unknown,         10,           10,          0,          0,          0,          0,          0, 0x0000000000000000, 0x00000004, 0x00000230,                   17,             ,                     ,   {00000000-0000-0000-0000-000000000000},                                         ,   134252506895490663,          0,          0, "Unknown", "", "Unknown( 10): GUID=34f66502-e8a3-3972-e718-cb92e5c6c109 (No Format Information found).", "", "", {34f66502-e8a3-3972-e718-cb92e5c6c109}, " 10", "2026-06-06T16:18:09.549Z",        0, "", "", "2026-06-06T20:18:09.549066300Z", {00000000-0000-0000-0000-000000000000}
     Unknown,         10,           10,          0,          0,          0,          0,          0, 0x0000000000000000, 0x00000004, 0x00000230,                   11,             ,                     ,   {00000000-0000-0000-0000-000000000000},                                         ,   134252506895567991,          0,          0, "Unknown", "", "Unknown( 10): GUID=34f66502-e8a3-3972-e718-cb92e5c6c109 (No Format Information found).", "", "", {34f66502-e8a3-3972-e718-cb92e5c6c109}, " 10", "2026-06-06T16:18:09.556Z",        0, "", "", "2026-06-06T20:18:09.556799100Z", {00000000-0000-0000-0000-000000000000}
     Unknown,         10,           10,          0,          0,          0,          0,          0, 0x0000000000000000, 0x00000004, 0x00000230,                    0,             ,                     ,   {00000000-0000-0000-0000-000000000000},                                         ,   134252506896716903,          0,          0, "Unknown", "", "Unknown( 10): GUID=34f66502-e8a3-3972-e718-cb92e5c6c109 (No Format Information found).", "", "", {34f66502-e8a3-3972-e718-cb92e5c6c109}, " 10", "2026-06-06T16:18:09.671Z",        0, "", "", "2026-06-06T20:18:09.671690300Z", {00000000-0000-0000-0000-000000000000}
     Unknown,         10,           10,          0,          0,          0,          0,          0, 0x0000000000000000, 0x00000004, 0x00000230,                   18,             ,                     ,   {00000000-0000-0000-0000-000000000000},                                         ,   134252506896754033,          0,          0, "Unknown", "", "Unknown( 10): GUID=34f66502-e8a3-3972-e718-cb92e5c6c109 (No Format Information found).", "", "", {34f66502-e8a3-3972-e718-cb92e5c6c109}, " 10", "2026-06-06T16:18:09.675Z",        0, "", "", "2026-06-06T20:18:09.675403300Z", {00000000-0000-0000-0000-000000000000}
     Unknown,         10,           10,          0,          0,          0,          0,          0, 0x0000000000000000, 0x00000004, 0x00000230,                   13,             ,                     ,   {00000000-0000-0000-0000-000000000000},                                         ,   134252506897178624,          0,          0, "Unknown", "", "Unknown( 10): GUID=34f66502-e8a3-3972-e718-cb92e5c6c109 (No Format Information found).", "", "", {34f66502-e8a3-3972-e718-cb92e5c6c109}, " 10", "2026-06-06T16:18:09.717Z",        0, "", "", "2026-06-06T20:18:09.717862400Z", {00000000-0000-0000-0000-000000000000}
     Unknown,         10,           10,          0,          0,          0,          0,          0, 0x0000000000000000, 0x00000004, 0x00000230,                   11,             ,                     ,   {00000000-0000-0000-0000-000000000000},                                         ,   134252506897248466,          0,          0, "Unknown", "", "Unknown( 10): GUID=34f66502-e8a3-3972-e718-cb92e5c6c109 (No Format Information found).", "", "", {34f66502-e8a3-3972-e718-cb92e5c6c109}, " 10", "2026-06-06T16:18:09.724Z",        0, "", "", "2026-06-06T20:18:09.724846600Z", {00000000-0000-0000-0000-000000000000}
     Unknown,         10,           10,          0,          0,          0,          0,          0, 0x0000000000000000, 0x00000004, 0x00000230,                   11,             ,                     ,   {00000000-0000-0000-0000-000000000000},                                         ,   134252506897957246,          0,          0, "Unknown", "", "Unknown( 10): GUID=34f66502-e8a3-3972-e718-cb92e5c6c109 (No Format Information found).", "", "", {34f66502-e8a3-3972-e718-cb92e5c6c109}, " 10", "2026-06-06T16:18:09.795Z",        0, "", "", "2026-06-06T20:18:09.795724600Z", {00000000-0000-0000-0000-000000000000}
     Unknown,         10,           10,          0,          0,          0,          0,          0, 0x0000000000000000, 0x00000004, 0x00000230,                   12,             ,                     ,   {00000000-0000-0000-0000-000000000000},                                         ,   134252506898024860,          0,          0, "Unknown", "", "Unknown( 10): GUID=34f66502-e8a3-3972-e718-cb92e5c6c109 (No Format Information found).", "", "", {34f66502-e8a3-3972-e718-cb92e5c6c109}, " 10", "2026-06-06T16:18:09.802Z",        0, "", "", "2026-06-06T20:18:09.802486000Z", {00000000-0000-0000-0000-000000000000}
     Unknown,         10,           10,          0,          0,          0,          0,          0, 0x0000000000000000, 0x00000004, 0x00000230,                   13,             ,                     ,   {00000000-0000-0000-0000-000000000000},                                         ,   134252506900500279,          0,          0, "Unknown", "", "Unknown( 10): GUID=34f66502-e8a3-3972-e718-cb92e5c6c109 (No Format Information found).", "", "", {34f66502-e8a3-3972-e718-cb92e5c6c109}, " 10", "2026-06-06T16:18:10.050Z",        0, "", "", "2026-06-06T20:18:10.050027900Z", {00000000-0000-0000-0000-000000000000}
     Unknown,         10,           10,          0,          0,          0,          0,          0, 0x0000000000000000, 0x00000004, 0x00000230,                   10,             ,                     ,   {00000000-0000-0000-0000-000000000000},                                         ,   134252506906600353,          0,          0, "Unknown", "", "Unknown( 10): GUID=34f66502-e8a3-3972-e718-cb92e5c6c109 (No Format Information found).", "", "", {34f66502-e8a3-3972-e718-cb92e5c6c109}, " 10", "2026-06-06T16:18:10.660Z",        0, "", "", "2026-06-06T20:18:10.660035300Z", {00000000-0000-0000-0000-000000000000}
     Unknown,         10,           10,          0,          0,          0,          0,          0, 0x0000000000000000, 0x00000004, 0x00000230,                   13,             ,                     ,   {00000000-0000-0000-0000-000000000000},                                         ,   134252506906669589,          0,          0, "Unknown", "", "Unknown( 10): GUID=34f66502-e8a3-3972-e718-cb92e5c6c109 (No Format Information found).", "", "", {34f66502-e8a3-3972-e718-cb92e5c6c109}, " 10", "2026-06-06T16:18:10.666Z",        0, "", "", "2026-06-06T20:18:10.666958900Z", {00000000-0000-0000-0000-000000000000}
     Unknown,         10,           10,          0,          0,          0,          0,          0, 0x0000000000000000, 0x00000004, 0x00000230,                   13,             ,                     ,   {00000000-0000-0000-0000-000000000000},                                         ,   134252506915647077,          0,          0, "Unknown", "", "Unknown( 10): GUID=34f66502-e8a3-3972-e718-cb92e5c6c109 (No Format Information found).", "", "", {34f66502-e8a3-3972-e718-cb92e5c6c109}, " 10", "2026-06-06T16:18:11.564Z",        0, "", "", "2026-06-06T20:18:11.564707700Z", {00000000-0000-0000-0000-000000000000}
     Unknown,         10,           10,          0,          0,          0,          0,          0, 0x0000000000000000, 0x00000004, 0x00000230,                   10,             ,                     ,   {00000000-0000-0000-0000-000000000000},                                         ,   134252506918729697,          0,          0, "Unknown", "", "Unknown( 10): GUID=34f66502-e8a3-3972-e718-cb92e5c6c109 (No Format Information found).", "", "", {34f66502-e8a3-3972-e718-cb92e5c6c109}, " 10", "2026-06-06T16:18:11.872Z",        0, "", "", "2026-06-06T20:18:11.872969700Z", {00000000-0000-0000-0000-000000000000}
     Unknown,         10,           10,          0,          0,          0,          0,          0, 0x0000000000000000, 0x00000004, 0x00000230,                   12,             ,                     ,   {00000000-0000-0000-0000-000000000000},                                         ,   134252506918799040,          0,          0, "Unknown", "", "Unknown( 10): GUID=34f66502-e8a3-3972-e718-cb92e5c6c109 (No Format Information found).", "", "", {34f66502-e8a3-3972-e718-cb92e5c6c109}, " 10", "2026-06-06T16:18:11.879Z",        0, "", "", "2026-06-06T20:18:11.879904000Z", {00000000-0000-0000-0000-000000000000}
     Unknown,         10,           10,          0,          0,          0,          0,          0, 0x0000000000000000, 0x00000004, 0x00000230,                   15,             ,                     ,   {00000000-0000-0000-0000-000000000000},                                         ,   134252506921739910,          0,          0, "Unknown", "", "Unknown( 10): GUID=34f66502-e8a3-3972-e718-cb92e5c6c109 (No Format Information found).", "", "", {34f66502-e8a3-3972-e718-cb92e5c6c109}, " 10", "2026-06-06T16:18:12.173Z",        0, "", "", "2026-06-06T20:18:12.173991000Z", {00000000-0000-0000-0000-000000000000}
     Unknown,         10,           10,          0,          0,          0,          0,          0, 0x0000000000000000, 0x00000004, 0x00000230,                    2,             ,                     ,   {00000000-0000-0000-0000-000000000000},                                         ,   134252506941083698,          0,          0, "Unknown", "", "Unknown( 10): GUID=34f66502-e8a3-3972-e718-cb92e5c6c109 (No Format Information found).", "", "", {34f66502-e8a3-3972-e718-cb92e5c6c109}, " 10", "2026-06-06T16:18:14.108Z",        0, "", "", "2026-06-06T20:18:14.108369800Z", {00000000-0000-0000-0000-000000000000}
     Unknown,         10,           10,          0,          0,          0,          0,          0, 0x0000000000000000, 0x00000004, 0x00000230,                   13,             ,                     ,   {00000000-0000-0000-0000-000000000000},                                         ,   134252506965675294,          0,          0, "Unknown", "", "Unknown( 10): GUID=34f66502-e8a3-3972-e718-cb92e5c6c109 (No Format Information found).", "", "", {34f66502-e8a3-3972-e718-cb92e5c6c109}, " 10", "2026-06-06T16:18:16.567Z",        0, "", "", "2026-06-06T20:18:16.567529400Z", {00000000-0000-0000-0000-000000000000}
     Unknown,         10,           10,          0,          0,          0,          0,          0, 0x0000000000000000, 0x00000004, 0x00000230,                   11,             ,                     ,   {00000000-0000-0000-0000-000000000000},                                         ,   134252507063966674,          0,          0, "Unknown", "", "Unknown( 10): GUID=34f66502-e8a3-3972-e718-cb92e5c6c109 (No Format Information found).", "", "", {34f66502-e8a3-3972-e718-cb92e5c6c109}, " 10", "2026-06-06T16:18:26.396Z",        0, "", "", "2026-06-06T20:18:26.396667400Z", {00000000-0000-0000-0000-000000000000}
     Unknown,         10,           10,          0,          0,          0,          0,          0, 0x0000000000000000, 0x00000004, 0x00000230,                   11,             ,                     ,   {00000000-0000-0000-0000-000000000000},                                         ,   134252507064035606,          0,          0, "Unknown", "", "Unknown( 10): GUID=34f66502-e8a3-3972-e718-cb92e5c6c109 (No Format Information found).", "", "", {34f66502-e8a3-3972-e718-cb92e5c6c109}, " 10", "2026-06-06T16:18:26.403Z",        0, "", "", "2026-06-06T20:18:26.403560600Z", {00000000-0000-0000-0000-000000000000}
     Unknown,         10,           10,          0,          0,          0,          0,          0, 0x0000000000000000, 0x00000004, 0x00000230,                   11,             ,                     ,   {00000000-0000-0000-0000-000000000000},                                         ,   134252507093306451,          0,          0, "Unknown", "", "Unknown( 10): GUID=34f66502-e8a3-3972-e718-cb92e5c6c109 (No Format Information found).", "", "", {34f66502-e8a3-3972-e718-cb92e5c6c109}, " 10", "2026-06-06T16:18:29.330Z",        0, "", "", "2026-06-06T20:18:29.330645100Z", {00000000-0000-0000-0000-000000000000}
     Unknown,         10,           10,          0,          0,          0,          0,          0, 0x0000000000000000, 0x00000004, 0x00000230,                   11,             ,                     ,   {00000000-0000-0000-0000-000000000000},                                         ,   134252507093384815,          0,          0, "Unknown", "", "Unknown( 10): GUID=34f66502-e8a3-3972-e718-cb92e5c6c109 (No Format Information found).", "", "", {34f66502-e8a3-3972-e718-cb92e5c6c109}, " 10", "2026-06-06T16:18:29.338Z",        0, "", "", "2026-06-06T20:18:29.338481500Z", {00000000-0000-0000-0000-000000000000}
     Unknown,         10,           10,          0,          0,          0,          0,          0, 0x0000000000000000, 0x00000004, 0x00000230,                   19,             ,                     ,   {00000000-0000-0000-0000-000000000000},                                         ,   134252507096557569,          0,          0, "Unknown", "", "Unknown( 10): GUID=34f66502-e8a3-3972-e718-cb92e5c6c109 (No Format Information found).", "", "", {34f66502-e8a3-3972-e718-cb92e5c6c109}, " 10", "2026-06-06T16:18:29.655Z",        0, "", "", "2026-06-06T20:18:29.655756900Z", {00000000-0000-0000-0000-000000000000}
     Unknown,         10,           10,          0,          0,          0,          0,          0, 0x0000000000000000, 0x00000004, 0x00000230,                   13,             ,                     ,   {00000000-0000-0000-0000-000000000000},                                         ,   134252507096636639,          0,          0, "Unknown", "", "Unknown( 10): GUID=34f66502-e8a3-3972-e718-cb92e5c6c109 (No Format Information found).", "", "", {34f66502-e8a3-3972-e718-cb92e5c6c109}, " 10", "2026-06-06T16:18:29.663Z",        0, "", "", "2026-06-06T20:18:29.663663900Z", {00000000-0000-0000-0000-000000000000}
     Unknown,         10,           10,          0,          0,          0,          0,          0, 0x0000000000000000, 0x00000004, 0x00000230,                   13,             ,                     ,   {00000000-0000-0000-0000-000000000000},                                         ,   134252507096709959,          0,          0, "Unknown", "", "Unknown( 10): GUID=34f66502-e8a3-3972-e718-cb92e5c6c109 (No Format Information found).", "", "", {34f66502-e8a3-3972-e718-cb92e5c6c109}, " 10", "2026-06-06T16:18:29.670Z",        0, "", "", "2026-06-06T20:18:29.670995900Z", {00000000-0000-0000-0000-000000000000}
     Unknown,         10,           10,          0,          0,          0,          0,          0, 0x0000000000000000, 0x00000004, 0x00000230,                   11,             ,                     ,   {00000000-0000-0000-0000-000000000000},                                         ,   134252507187872325,          0,          0, "Unknown", "", "Unknown( 10): GUID=34f66502-e8a3-3972-e718-cb92e5c6c109 (No Format Information found).", "", "", {34f66502-e8a3-3972-e718-cb92e5c6c109}, " 10", "2026-06-06T16:18:38.787Z",        0, "", "", "2026-06-06T20:18:38.787232500Z", {00000000-0000-0000-0000-000000000000}
     Unknown,         10,           10,          0,          0,          0,          0,          0, 0x0000000000000000, 0x00000004, 0x00000230,                   11,             ,                     ,   {00000000-0000-0000-0000-000000000000},                                         ,   134252507187939817,          0,          0, "Unknown", "", "Unknown( 10): GUID=34f66502-e8a3-3972-e718-cb92e5c6c109 (No Format Information found).", "", "", {34f66502-e8a3-3972-e718-cb92e5c6c109}, " 10", "2026-06-06T16:18:38.793Z",        0, "", "", "2026-06-06T20:18:38.793981700Z", {00000000-0000-0000-0000-000000000000}
     Unknown,         10,           10,          0,          0,          0,          0,          0, 0x0000000000000000, 0x00000004, 0x00000230,                   11,             ,                     ,   {00000000-0000-0000-0000-000000000000},                                         ,   134252507200956387,          0,          0, "Unknown", "", "Unknown( 10): GUID=34f66502-e8a3-3972-e718-cb92e5c6c109 (No Format Information found).", "", "", {34f66502-e8a3-3972-e718-cb92e5c6c109}, " 10", "2026-06-06T16:18:40.095Z",        0, "", "", "2026-06-06T20:18:40.095638700Z", {00000000-0000-0000-0000-000000000000}
     Unknown,         10,           10,          0,          0,          0,          0,          0, 0x0000000000000000, 0x00000004, 0x00000230,                   11,             ,                     ,   {00000000-0000-0000-0000-000000000000},                                         ,   134252507201027124,          0,          0, "Unknown", "", "Unknown( 10): GUID=34f66502-e8a3-3972-e718-cb92e5c6c109 (No Format Information found).", "", "", {34f66502-e8a3-3972-e718-cb92e5c6c109}, " 10", "2026-06-06T16:18:40.102Z",        0, "", "", "2026-06-06T20:18:40.102712400Z", {00000000-0000-0000-0000-000000000000}
     Unknown,         10,           10,          0,          0,          0,          0,          0, 0x0000000000000000, 0x00000004, 0x00000230,                   10,             ,                     ,   {00000000-0000-0000-0000-000000000000},                                         ,   134252507227832217,          0,          0, "Unknown", "", "Unknown( 10): GUID=34f66502-e8a3-3972-e718-cb92e5c6c109 (No Format Information found).", "", "", {34f66502-e8a3-3972-e718-cb92e5c6c109}, " 10", "2026-06-06T16:18:42.783Z",        0, "", "", "2026-06-06T20:18:42.783221700Z", {00000000-0000-0000-0000-000000000000}
     Unknown,         10,           10,          0,          0,          0,          0,          0, 0x0000000000000000, 0x00000004, 0x00000230,                   11,             ,                     ,   {00000000-0000-0000-0000-000000000000},                                         ,   134252507233883918,          0,          0, "Unknown", "", "Unknown( 10): GUID=34f66502-e8a3-3972-e718-cb92e5c6c109 (No Format Information found).", "", "", {34f66502-e8a3-3972-e718-cb92e5c6c109}, " 10", "2026-06-06T16:18:43.388Z",        0, "", "", "2026-06-06T20:18:43.388391800Z", {00000000-0000-0000-0000-000000000000}
     Unknown,         10,           10,          0,          0,          0,          0,          0, 0x0000000000000000, 0x00000004, 0x00000230,                   17,             ,                     ,   {00000000-0000-0000-0000-000000000000},                                         ,   134252507233940529,          0,          0, "Unknown", "", "Unknown( 10): GUID=34f66502-e8a3-3972-e718-cb92e5c6c109 (No Format Information found).", "", "", {34f66502-e8a3-3972-e718-cb92e5c6c109}, " 10", "2026-06-06T16:18:43.394Z",        0, "", "", "2026-06-06T20:18:43.394052900Z", {00000000-0000-0000-0000-000000000000}
     Unknown,         10,           10,          0,          0,          0,          0,          0, 0x0000000000000000, 0x00000004, 0x00000230,                   14,             ,                     ,   {00000000-0000-0000-0000-000000000000},                                         ,   134252507291291641,          0,          0, "Unknown", "", "Unknown( 10): GUID=34f66502-e8a3-3972-e718-cb92e5c6c109 (No Format Information found).", "", "", {34f66502-e8a3-3972-e718-cb92e5c6c109}, " 10", "2026-06-06T16:18:49.129Z",        0, "", "", "2026-06-06T20:18:49.129164100Z", {00000000-0000-0000-0000-000000000000}
     Unknown,         10,           10,          0,          0,          0,          0,          0, 0x0000000000000000, 0x00000004, 0x00000230,                   11,             ,                     ,   {00000000-0000-0000-0000-000000000000},                                         ,   134252507291366149,          0,          0, "Unknown", "", "Unknown( 10): GUID=34f66502-e8a3-3972-e718-cb92e5c6c109 (No Format Information found).", "", "", {34f66502-e8a3-3972-e718-cb92e5c6c109}, " 10", "2026-06-06T16:18:49.136Z",        0, "", "", "2026-06-06T20:18:49.136614900Z", {00000000-0000-0000-0000-000000000000}
     Unknown,         10,           10,          0,          0,          0,          0,          0, 0x0000000000000000, 0x00000004, 0x00000230,                    0,             ,                     ,   {00000000-0000-0000-0000-000000000000},                                         ,   134252507334139121,          0,          0, "Unknown", "", "Unknown( 10): GUID=34f66502-e8a3-3972-e718-cb92e5c6c109 (No Format Information found).", "", "", {34f66502-e8a3-3972-e718-cb92e5c6c109}, " 10", "2026-06-06T16:18:53.413Z",        0, "", "", "2026-06-06T20:18:53.413912100Z", {00000000-0000-0000-0000-000000000000}
     Unknown,         10,           10,          0,          0,          0,          0,          0, 0x0000000000000000, 0x00000004, 0x00000230,                   16,             ,                     ,   {00000000-0000-0000-0000-000000000000},                                         ,   134252507334221763,          0,          0, "Unknown", "", "Unknown( 10): GUID=34f66502-e8a3-3972-e718-cb92e5c6c109 (No Format Information found).", "", "", {34f66502-e8a3-3972-e718-cb92e5c6c109}, " 10", "2026-06-06T16:18:53.422Z",        0, "", "", "2026-06-06T20:18:53.422176300Z", {00000000-0000-0000-0000-000000000000}
     Unknown,         10,           10,          0,          0,          0,          0,          0, 0x0000000000000000, 0x00000004, 0x00000230,                   11,             ,                     ,   {00000000-0000-0000-0000-000000000000},                                         ,   134252507334301124,          0,          0, "Unknown", "", "Unknown( 10): GUID=34f66502-e8a3-3972-e718-cb92e5c6c109 (No Format Information found).", "", "", {34f66502-e8a3-3972-e718-cb92e5c6c109}, " 10", "2026-06-06T16:18:53.430Z",        0, "", "", "2026-06-06T20:18:53.430112400Z", {00000000-0000-0000-0000-000000000000}
     Unknown,         10,           10,          0,          0,          0,          0,          0, 0x0000000000000000, 0x00000004, 0x00000230,                   16,             ,                     ,   {00000000-0000-0000-0000-000000000000},                                         ,   134252507334378900,          0,          0, "Unknown", "", "Unknown( 10): GUID=34f66502-e8a3-3972-e718-cb92e5c6c109 (No Format Information found).", "", "", {34f66502-e8a3-3972-e718-cb92e5c6c109}, " 10", "2026-06-06T16:18:53.437Z",        0, "", "", "2026-06-06T20:18:53.437890000Z", {00000000-0000-0000-0000-000000000000}
     Unknown,         10,           10,          0,          0,          0,          0,          0, 0x0000000000000000, 0x00000004, 0x00000230,                   13,             ,                     ,   {00000000-0000-0000-0000-000000000000},                                         ,   134252507334451430,          0,          0, "Unknown", "", "Unknown( 10): GUID=34f66502-e8a3-3972-e718-cb92e5c6c109 (No Format Information found).", "", "", {34f66502-e8a3-3972-e718-cb92e5c6c109}, " 10", "2026-06-06T16:18:53.445Z",        0, "", "", "2026-06-06T20:18:53.445143000Z", {00000000-0000-0000-0000-000000000000}
     Unknown,         10,           10,          0,          0,          0,          0,          0, 0x0000000000000000, 0x00000004, 0x00000230,                   10,             ,                     ,   {00000000-0000-0000-0000-000000000000},                                         ,   134252507386566481,          0,          0, "Unknown", "", "Unknown( 10): GUID=34f66502-e8a3-3972-e718-cb92e5c6c109 (No Format Information found).", "", "", {34f66502-e8a3-3972-e718-cb92e5c6c109}, " 10", "2026-06-06T16:18:58.656Z",        0, "", "", "2026-06-06T20:18:58.656648100Z", {00000000-0000-0000-0000-000000000000}
     Unknown,         10,           10,          0,          0,          0,          0,          0, 0x0000000000000000, 0x00000004, 0x00000230,                   12,             ,                     ,   {00000000-0000-0000-0000-000000000000},                                         ,   134252507386631343,          0,          0, "Unknown", "", "Unknown( 10): GUID=34f66502-e8a3-3972-e718-cb92e5c6c109 (No Format Information found).", "", "", {34f66502-e8a3-3972-e718-cb92e5c6c109}, " 10", "2026-06-06T16:18:58.663Z",        0, "", "", "2026-06-06T20:18:58.663134300Z", {00000000-0000-0000-0000-000000000000}
     Unknown,         10,           10,          0,          0,          0,          0,          0, 0x0000000000000000, 0x00000004, 0x00000230,                   11,             ,                     ,   {00000000-0000-0000-0000-000000000000},                                         ,   134252507398773408,          0,          0, "Unknown", "", "Unknown( 10): GUID=34f66502-e8a3-3972-e718-cb92e5c6c109 (No Format Information found).", "", "", {34f66502-e8a3-3972-e718-cb92e5c6c109}, " 10", "2026-06-06T16:18:59.877Z",        0, "", "", "2026-06-06T20:18:59.877340800Z", {00000000-0000-0000-0000-000000000000}
     Unknown,         10,           10,          0,          0,          0,          0,          0, 0x0000000000000000, 0x00000004, 0x00000230,                   12,             ,                     ,   {00000000-0000-0000-0000-000000000000},                                         ,   134252507398840771,          0,          0, "Unknown", "", "Unknown( 10): GUID=34f66502-e8a3-3972-e718-cb92e5c6c109 (No Format Information found).", "", "", {34f66502-e8a3-3972-e718-cb92e5c6c109}, " 10", "2026-06-06T16:18:59.884Z",        0, "", "", "2026-06-06T20:18:59.884077100Z", {00000000-0000-0000-0000-000000000000}
     Unknown,         10,           10,          0,          0,          0,          0,          0, 0x0000000000000000, 0x00000004, 0x00000230,                   12,             ,                     ,   {00000000-0000-0000-0000-000000000000},                                         ,   134252507437004282,          0,          0, "Unknown", "", "Unknown( 10): GUID=34f66502-e8a3-3972-e718-cb92e5c6c109 (No Format Information found).", "", "", {34f66502-e8a3-3972-e718-cb92e5c6c109}, " 10", "2026-06-06T16:19:03.700Z",        0, "", "", "2026-06-06T20:19:03.700428200Z", {00000000-0000-0000-0000-000000000000}
     Unknown,         10,           10,          0,          0,          0,          0,          0, 0x0000000000000000, 0x00000004, 0x00000230,                   16,             ,                     ,   {00000000-0000-0000-0000-000000000000},                                         ,   134252507437078759,          0,          0, "Unknown", "", "Unknown( 10): GUID=34f66502-e8a3-3972-e718-cb92e5c6c109 (No Format Information found).", "", "", {34f66502-e8a3-3972-e718-cb92e5c6c109}, " 10", "2026-06-06T16:19:03.707Z",        0, "", "", "2026-06-06T20:19:03.707875900Z", {00000000-0000-0000-0000-000000000000}
     Unknown,         10,           10,          0,          0,          0,          0,          0, 0x0000000000000000, 0x00000004, 0x00000230,                   11,             ,                     ,   {00000000-0000-0000-0000-000000000000},                                         ,   134252507437148328,          0,          0, "Unknown", "", "Unknown( 10): GUID=34f66502-e8a3-3972-e718-cb92e5c6c109 (No Format Information found).", "", "", {34f66502-e8a3-3972-e718-cb92e5c6c109}, " 10", "2026-06-06T16:19:03.714Z",        0, "", "", "2026-06-06T20:19:03.714832800Z", {00000000-0000-0000-0000-000000000000}
     Unknown,         10,           10,          0,          0,          0,          0,          0, 0x0000000000000000, 0x00000004, 0x00000230,                   11,             ,                     ,   {00000000-0000-0000-0000-000000000000},                                         ,   134252507437897438,          0,          0, "Unknown", "", "Unknown( 10): GUID=34f66502-e8a3-3972-e718-cb92e5c6c109 (No Format Information found).", "", "", {34f66502-e8a3-3972-e718-cb92e5c6c109}, " 10", "2026-06-06T16:19:03.789Z",        0, "", "", "2026-06-06T20:19:03.789743800Z", {00000000-0000-0000-0000-000000000000}
     Unknown,         10,           10,          0,          0,          0,          0,          0, 0x0000000000000000, 0x00000004, 0x00000230,                   13,             ,                     ,   {00000000-0000-0000-0000-000000000000},                                         ,   134252507437957189,          0,          0, "Unknown", "", "Unknown( 10): GUID=34f66502-e8a3-3972-e718-cb92e5c6c109 (No Format Information found).", "", "", {34f66502-e8a3-3972-e718-cb92e5c6c109}, " 10", "2026-06-06T16:19:03.795Z",        0, "", "", "2026-06-06T20:19:03.795718900Z", {00000000-0000-0000-0000-000000000000}
     Unknown,         10,           10,          0,          0,          0,          0,          0, 0x0000000000000000, 0x00000004, 0x00000230,                   11,             ,                     ,   {00000000-0000-0000-0000-000000000000},                                         ,   134252507440089321,          0,          0, "Unknown", "", "Unknown( 10): GUID=34f66502-e8a3-3972-e718-cb92e5c6c109 (No Format Information found).", "", "", {34f66502-e8a3-3972-e718-cb92e5c6c109}, " 10", "2026-06-06T16:19:04.008Z",        0, "", "", "2026-06-06T20:19:04.008932100Z", {00000000-0000-0000-0000-000000000000}
     Unknown,         10,           10,          0,          0,          0,          0,          0, 0x0000000000000000, 0x00000004, 0x00000230,                   13,             ,                     ,   {00000000-0000-0000-0000-000000000000},                                         ,   134252507440160666,          0,          0, "Unknown", "", "Unknown( 10): GUID=34f66502-e8a3-3972-e718-cb92e5c6c109 (No Format Information found).", "", "", {34f66502-e8a3-3972-e718-cb92e5c6c109}, " 10", "2026-06-06T16:19:04.016Z",        0, "", "", "2026-06-06T20:19:04.016066600Z", {00000000-0000-0000-0000-000000000000}
     Unknown,         10,           10,          0,          0,          0,          0,          0, 0x0000000000000000, 0x00000004, 0x00000230,                   13,             ,                     ,   {00000000-0000-0000-0000-000000000000},                                         ,   134252507442064101,          0,          0, "Unknown", "", "Unknown( 10): GUID=34f66502-e8a3-3972-e718-cb92e5c6c109 (No Format Information found).", "", "", {34f66502-e8a3-3972-e718-cb92e5c6c109}, " 10", "2026-06-06T16:19:04.206Z",        0, "", "", "2026-06-06T20:19:04.206410100Z", {00000000-0000-0000-0000-000000000000}
     Unknown,         10,           10,          0,          0,          0,          0,          0, 0x0000000000000000, 0x00000004, 0x00000230,                   14,             ,                     ,   {00000000-0000-0000-0000-000000000000},                                         ,   134252507444065499,          0,          0, "Unknown", "", "Unknown( 10): GUID=34f66502-e8a3-3972-e718-cb92e5c6c109 (No Format Information found).", "", "", {34f66502-e8a3-3972-e718-cb92e5c6c109}, " 10", "2026-06-06T16:19:04.406Z",        0, "", "", "2026-06-06T20:19:04.406549900Z", {00000000-0000-0000-0000-000000000000}
     Unknown,         10,           10,          0,          0,          0,          0,          0, 0x0000000000000000, 0x00000004, 0x00000230,                   11,             ,                     ,   {00000000-0000-0000-0000-000000000000},                                         ,   134252507444138413,          0,          0, "Unknown", "", "Unknown( 10): GUID=34f66502-e8a3-3972-e718-cb92e5c6c109 (No Format Information found).", "", "", {34f66502-e8a3-3972-e718-cb92e5c6c109}, " 10", "2026-06-06T16:19:04.413Z",        0, "", "", "2026-06-06T20:19:04.413841300Z", {00000000-0000-0000-0000-000000000000}
     Unknown,         10,           10,          0,          0,          0,          0,          0, 0x0000000000000000, 0x00000004, 0x00000230,                   11,             ,                     ,   {00000000-0000-0000-0000-000000000000},                                         ,   134252507445239903,          0,          0, "Unknown", "", "Unknown( 10): GUID=34f66502-e8a3-3972-e718-cb92e5c6c109 (No Format Information found).", "", "", {34f66502-e8a3-3972-e718-cb92e5c6c109}, " 10", "2026-06-06T16:19:04.523Z",        0, "", "", "2026-06-06T20:19:04.523990300Z", {00000000-0000-0000-0000-000000000000}
     Unknown,         10,           10,          0,          0,          0,          0,          0, 0x0000000000000000, 0x00000004, 0x00000230,                   13,             ,                     ,   {00000000-0000-0000-0000-000000000000},                                         ,   134252507445308034,          0,          0, "Unknown", "", "Unknown( 10): GUID=34f66502-e8a3-3972-e718-cb92e5c6c109 (No Format Information found).", "", "", {34f66502-e8a3-3972-e718-cb92e5c6c109}, " 10", "2026-06-06T16:19:04.530Z",        0, "", "", "2026-06-06T20:19:04.530803400Z", {00000000-0000-0000-0000-000000000000}
     Unknown,         10,           10,          0,          0,          0,          0,          0, 0x0000000000000000, 0x00000004, 0x00000230,                   12,             ,                     ,   {00000000-0000-0000-0000-000000000000},                                         ,   134252507445719744,          0,          0, "Unknown", "", "Unknown( 10): GUID=34f66502-e8a3-3972-e718-cb92e5c6c109 (No Format Information found).", "", "", {34f66502-e8a3-3972-e718-cb92e5c6c109}, " 10", "2026-06-06T16:19:04.571Z",        0, "", "", "2026-06-06T20:19:04.571974400Z", {00000000-0000-0000-0000-000000000000}
     Unknown,         10,           10,          0,          0,          0,          0,          0, 0x0000000000000000, 0x00000004, 0x00000230,                   12,             ,                     ,   {00000000-0000-0000-0000-000000000000},                                         ,   134252507445794762,          0,          0, "Unknown", "", "Unknown( 10): GUID=34f66502-e8a3-3972-e718-cb92e5c6c109 (No Format Information found).", "", "", {34f66502-e8a3-3972-e718-cb92e5c6c109}, " 10", "2026-06-06T16:19:04.579Z",        0, "", "", "2026-06-06T20:19:04.579476200Z", {00000000-0000-0000-0000-000000000000}
     Unknown,         10,           10,          0,          0,          0,          0,          0, 0x0000000000000000, 0x00000004, 0x00000230,                   16,             ,                     ,   {00000000-0000-0000-0000-000000000000},                                         ,   134252507445872453,          0,          0, "Unknown", "", "Unknown( 10): GUID=34f66502-e8a3-3972-e718-cb92e5c6c109 (No Format Information found).", "", "", {34f66502-e8a3-3972-e718-cb92e5c6c109}, " 10", "2026-06-06T16:19:04.587Z",        0, "", "", "2026-06-06T20:19:04.587245300Z", {00000000-0000-0000-0000-000000000000}
     Unknown,         10,           10,          0,          0,          0,          0,          0, 0x0000000000000000, 0x00000004, 0x00000230,                   11,             ,                     ,   {00000000-0000-0000-0000-000000000000},                                         ,   134252507445942374,          0,          0, "Unknown", "", "Unknown( 10): GUID=34f66502-e8a3-3972-e718-cb92e5c6c109 (No Format Information found).", "", "", {34f66502-e8a3-3972-e718-cb92e5c6c109}, " 10", "2026-06-06T16:19:04.594Z",        0, "", "", "2026-06-06T20:19:04.594237400Z", {00000000-0000-0000-0000-000000000000}
     Unknown,         10,           10,          0,          0,          0,          0,          0, 0x0000000000000000, 0x00000004, 0x00000230,                   13,             ,                     ,   {00000000-0000-0000-0000-000000000000},                                         ,   134252507447946655,          0,          0, "Unknown", "", "Unknown( 10): GUID=34f66502-e8a3-3972-e718-cb92e5c6c109 (No Format Information found).", "", "", {34f66502-e8a3-3972-e718-cb92e5c6c109}, " 10", "2026-06-06T16:19:04.794Z",        0, "", "", "2026-06-06T20:19:04.794665500Z", {00000000-0000-0000-0000-000000000000}
     Unknown,         10,           10,          0,          0,          0,          0,          0, 0x0000000000000000, 0x00000004, 0x00000230,                    0,             ,                     ,   {00000000-0000-0000-0000-000000000000},                                         ,   134252507448563364,          0,          0, "Unknown", "", "Unknown( 10): GUID=34f66502-e8a3-3972-e718-cb92e5c6c109 (No Format Information found).", "", "", {34f66502-e8a3-3972-e718-cb92e5c6c109}, " 10", "2026-06-06T16:19:04.856Z",        0, "", "", "2026-06-06T20:19:04.856336400Z", {00000000-0000-0000-0000-000000000000}
     Unknown,         10,           10,          0,          0,          0,          0,          0, 0x0000000000000000, 0x00000004, 0x00000230,                   13,             ,                     ,   {00000000-0000-0000-0000-000000000000},                                         ,   134252507448636665,          0,          0, "Unknown", "", "Unknown( 10): GUID=34f66502-e8a3-3972-e718-cb92e5c6c109 (No Format Information found).", "", "", {34f66502-e8a3-3972-e718-cb92e5c6c109}, " 10", "2026-06-06T16:19:04.863Z",        0, "", "", "2026-06-06T20:19:04.863666500Z", {00000000-0000-0000-0000-000000000000}
     Unknown,         10,           10,          0,          0,          0,          0,          0, 0x0000000000000000, 0x00000004, 0x00000230,                   11,             ,                     ,   {00000000-0000-0000-0000-000000000000},                                         ,   134252507449612436,          0,          0, "Unknown", "", "Unknown( 10): GUID=34f66502-e8a3-3972-e718-cb92e5c6c109 (No Format Information found).", "", "", {34f66502-e8a3-3972-e718-cb92e5c6c109}, " 10", "2026-06-06T16:19:04.961Z",        0, "", "", "2026-06-06T20:19:04.961243600Z", {00000000-0000-0000-0000-000000000000}
     Unknown,         10,           10,          0,          0,          0,          0,          0, 0x0000000000000000, 0x00000004, 0x00000230,                   18,             ,                     ,   {00000000-0000-0000-0000-000000000000},                                         ,   134252507449669681,          0,          0, "Unknown", "", "Unknown( 10): GUID=34f66502-e8a3-3972-e718-cb92e5c6c109 (No Format Information found).", "", "", {34f66502-e8a3-3972-e718-cb92e5c6c109}, " 10", "2026-06-06T16:19:04.966Z",        0, "", "", "2026-06-06T20:19:04.966968100Z", {00000000-0000-0000-0000-000000000000}
     Unknown,         10,           10,          0,          0,          0,          0,          0, 0x0000000000000000, 0x00000004, 0x00000230,                   11,             ,                     ,   {00000000-0000-0000-0000-000000000000},                                         ,   134252507450155455,          0,          0, "Unknown", "", "Unknown( 10): GUID=34f66502-e8a3-3972-e718-cb92e5c6c109 (No Format Information found).", "", "", {34f66502-e8a3-3972-e718-cb92e5c6c109}, " 10", "2026-06-06T16:19:05.015Z",        0, "", "", "2026-06-06T20:19:05.015545500Z", {00000000-0000-0000-0000-000000000000}
     Unknown,         10,           10,          0,          0,          0,          0,          0, 0x0000000000000000, 0x00000004, 0x00000230,                   11,             ,                     ,   {00000000-0000-0000-0000-000000000000},                                         ,   134252507450259112,          0,          0, "Unknown", "", "Unknown( 10): GUID=34f66502-e8a3-3972-e718-cb92e5c6c109 (No Format Information found).", "", "", {34f66502-e8a3-3972-e718-cb92e5c6c109}, " 10", "2026-06-06T16:19:05.025Z",        0, "", "", "2026-06-06T20:19:05.025911200Z", {00000000-0000-0000-0000-000000000000}
     Unknown,         10,           10,          0,          0,          0,          0,          0, 0x0000000000000000, 0x00000004, 0x00000230,                   11,             ,                     ,   {00000000-0000-0000-0000-000000000000},                                         ,   134252507450322826,          0,          0, "Unknown", "", "Unknown( 10): GUID=34f66502-e8a3-3972-e718-cb92e5c6c109 (No Format Information found).", "", "", {34f66502-e8a3-3972-e718-cb92e5c6c109}, " 10", "2026-06-06T16:19:05.032Z",        0, "", "", "2026-06-06T20:19:05.032282600Z", {00000000-0000-0000-0000-000000000000}
     Unknown,         10,           10,          0,          0,          0,          0,          0, 0x0000000000000000, 0x00000004, 0x00000230,                   12,             ,                     ,   {00000000-0000-0000-0000-000000000000},                                         ,   134252507450387529,          0,          0, "Unknown", "", "Unknown( 10): GUID=34f66502-e8a3-3972-e718-cb92e5c6c109 (No Format Information found).", "", "", {34f66502-e8a3-3972-e718-cb92e5c6c109}, " 10", "2026-06-06T16:19:05.038Z",        0, "", "", "2026-06-06T20:19:05.038752900Z", {00000000-0000-0000-0000-000000000000}
     Unknown,         10,           10,          0,          0,          0,          0,          0, 0x0000000000000000, 0x00000004, 0x00000230,                   12,             ,                     ,   {00000000-0000-0000-0000-000000000000},                                         ,   134252507450461185,          0,          0, "Unknown", "", "Unknown( 10): GUID=34f66502-e8a3-3972-e718-cb92e5c6c109 (No Format Information found).", "", "", {34f66502-e8a3-3972-e718-cb92e5c6c109}, " 10", "2026-06-06T16:19:05.046Z",        0, "", "", "2026-06-06T20:19:05.046118500Z", {00000000-0000-0000-0000-000000000000}
     Unknown,         10,           10,          0,          0,          0,          0,          0, 0x0000000000000000, 0x00000004, 0x00000230,                   10,             ,                     ,   {00000000-0000-0000-0000-000000000000},                                         ,   134252507450802903,          0,          0, "Unknown", "", "Unknown( 10): GUID=34f66502-e8a3-3972-e718-cb92e5c6c109 (No Format Information found).", "", "", {34f66502-e8a3-3972-e718-cb92e5c6c109}, " 10", "2026-06-06T16:19:05.080Z",        0, "", "", "2026-06-06T20:19:05.080290300Z", {00000000-0000-0000-0000-000000000000}
     Unknown,         10,           10,          0,          0,          0,          0,          0, 0x0000000000000000, 0x00000004, 0x00000230,                   10,             ,                     ,   {00000000-0000-0000-0000-000000000000},                                         ,   134252507450879935,          0,          0, "Unknown", "", "Unknown( 10): GUID=34f66502-e8a3-3972-e718-cb92e5c6c109 (No Format Information found).", "", "", {34f66502-e8a3-3972-e718-cb92e5c6c109}, " 10", "2026-06-06T16:19:05.087Z",        0, "", "", "2026-06-06T20:19:05.087993500Z", {00000000-0000-0000-0000-000000000000}
     Unknown,         10,           10,          0,          0,          0,          0,          0, 0x0000000000000000, 0x00000004, 0x00000230,                   11,             ,                     ,   {00000000-0000-0000-0000-000000000000},                                         ,   134252507450944235,          0,          0, "Unknown", "", "Unknown( 10): GUID=34f66502-e8a3-3972-e718-cb92e5c6c109 (No Format Information found).", "", "", {34f66502-e8a3-3972-e718-cb92e5c6c109}, " 10", "2026-06-06T16:19:05.094Z",        0, "", "", "2026-06-06T20:19:05.094423500Z", {00000000-0000-0000-0000-000000000000}
     Unknown,         10,           10,          0,          0,          0,          0,          0, 0x0000000000000000, 0x00000004, 0x00000230,                   11,             ,                     ,   {00000000-0000-0000-0000-000000000000},                                         ,   134252507453176848,          0,          0, "Unknown", "", "Unknown( 10): GUID=34f66502-e8a3-3972-e718-cb92e5c6c109 (No Format Information found).", "", "", {34f66502-e8a3-3972-e718-cb92e5c6c109}, " 10", "2026-06-06T16:19:05.317Z",        0, "", "", "2026-06-06T20:19:05.317684800Z", {00000000-0000-0000-0000-000000000000}
     Unknown,         10,           10,          0,          0,          0,          0,          0, 0x0000000000000000, 0x00000004, 0x00000230,                   11,             ,                     ,   {00000000-0000-0000-0000-000000000000},                                         ,   134252507453238678,          0,          0, "Unknown", "", "Unknown( 10): GUID=34f66502-e8a3-3972-e718-cb92e5c6c109 (No Format Information found).", "", "", {34f66502-e8a3-3972-e718-cb92e5c6c109}, " 10", "2026-06-06T16:19:05.323Z",        0, "", "", "2026-06-06T20:19:05.323867800Z", {00000000-0000-0000-0000-000000000000}
     Unknown,         10,           10,          0,          0,          0,          0,          0, 0x0000000000000000, 0x00000004, 0x00000230,                   11,             ,                     ,   {00000000-0000-0000-0000-000000000000},                                         ,   134252507455000585,          0,          0, "Unknown", "", "Unknown( 10): GUID=34f66502-e8a3-3972-e718-cb92e5c6c109 (No Format Information found).", "", "", {34f66502-e8a3-3972-e718-cb92e5c6c109}, " 10", "2026-06-06T16:19:05.500Z",        0, "", "", "2026-06-06T20:19:05.500058500Z", {00000000-0000-0000-0000-000000000000}
     Unknown,         10,           10,          0,          0,          0,          0,          0, 0x0000000000000000, 0x00000004, 0x00000230,                   11,             ,                     ,   {00000000-0000-0000-0000-000000000000},                                         ,   134252507455102295,          0,          0, "Unknown", "", "Unknown( 10): GUID=34f66502-e8a3-3972-e718-cb92e5c6c109 (No Format Information found).", "", "", {34f66502-e8a3-3972-e718-cb92e5c6c109}, " 10", "2026-06-06T16:19:05.510Z",        0, "", "", "2026-06-06T20:19:05.510229500Z", {00000000-0000-0000-0000-000000000000}
     Unknown,         10,           10,          0,          0,          0,          0,          0, 0x0000000000000000, 0x00000004, 0x00000230,                   16,             ,                     ,   {00000000-0000-0000-0000-000000000000},                                         ,   134252507455140013,          0,          0, "Unknown", "", "Unknown( 10): GUID=34f66502-e8a3-3972-e718-cb92e5c6c109 (No Format Information found).", "", "", {34f66502-e8a3-3972-e718-cb92e5c6c109}, " 10", "2026-06-06T16:19:05.514Z",        0, "", "", "2026-06-06T20:19:05.514001300Z", {00000000-0000-0000-0000-000000000000}
     Unknown,         10,           10,          0,          0,          0,          0,          0, 0x0000000000000000, 0x00000004, 0x00000230,                   11,             ,                     ,   {00000000-0000-0000-0000-000000000000},                                         ,   134252507455566193,          0,          0, "Unknown", "", "Unknown( 10): GUID=34f66502-e8a3-3972-e718-cb92e5c6c109 (No Format Information found).", "", "", {34f66502-e8a3-3972-e718-cb92e5c6c109}, " 10", "2026-06-06T16:19:05.556Z",        0, "", "", "2026-06-06T20:19:05.556619300Z", {00000000-0000-0000-0000-000000000000}
     Unknown,         10,           10,          0,          0,          0,          0,          0, 0x0000000000000000, 0x00000004, 0x00000230,                   11,             ,                     ,   {00000000-0000-0000-0000-000000000000},                                         ,   134252507455630667,          0,          0, "Unknown", "", "Unknown( 10): GUID=34f66502-e8a3-3972-e718-cb92e5c6c109 (No Format Information found).", "", "", {34f66502-e8a3-3972-e718-cb92e5c6c109}, " 10", "2026-06-06T16:19:05.563Z",        0, "", "", "2026-06-06T20:19:05.563066700Z", {00000000-0000-0000-0000-000000000000}
     Unknown,         10,           10,          0,          0,          0,          0,          0, 0x0000000000000000, 0x00000004, 0x00000230,                   11,             ,                     ,   {00000000-0000-0000-0000-000000000000},                                         ,   134252507455708583,          0,          0, "Unknown", "", "Unknown( 10): GUID=34f66502-e8a3-3972-e718-cb92e5c6c109 (No Format Information found).", "", "", {34f66502-e8a3-3972-e718-cb92e5c6c109}, " 10", "2026-06-06T16:19:05.570Z",        0, "", "", "2026-06-06T20:19:05.570858300Z", {00000000-0000-0000-0000-000000000000}
     Unknown,         10,           10,          0,          0,          0,          0,          0, 0x0000000000000000, 0x00000004, 0x00000230,                   11,             ,                     ,   {00000000-0000-0000-0000-000000000000},                                         ,   134252507455800620,          0,          0, "Unknown", "", "Unknown( 10): GUID=34f66502-e8a3-3972-e718-cb92e5c6c109 (No Format Information found).", "", "", {34f66502-e8a3-3972-e718-cb92e5c6c109}, " 10", "2026-06-06T16:19:05.580Z",        0, "", "", "2026-06-06T20:19:05.580062000Z", {00000000-0000-0000-0000-000000000000}
     Unknown,         10,           10,          0,          0,          0,          0,          0, 0x0000000000000000, 0x00000004, 0x00000230,                   11,             ,                     ,   {00000000-0000-0000-0000-000000000000},                                         ,   134252507455866333,          0,          0, "Unknown", "", "Unknown( 10): GUID=34f66502-e8a3-3972-e718-cb92e5c6c109 (No Format Information found).", "", "", {34f66502-e8a3-3972-e718-cb92e5c6c109}, " 10", "2026-06-06T16:19:05.586Z",        0, "", "", "2026-06-06T20:19:05.586633300Z", {00000000-0000-0000-0000-000000000000}
     Unknown,         10,           10,          0,          0,          0,          0,          0, 0x0000000000000000, 0x00000004, 0x00000230,                   13,             ,                     ,   {00000000-0000-0000-0000-000000000000},                                         ,   134252507455935465,          0,          0, "Unknown", "", "Unknown( 10): GUID=34f66502-e8a3-3972-e718-cb92e5c6c109 (No Format Information found).", "", "", {34f66502-e8a3-3972-e718-cb92e5c6c109}, " 10", "2026-06-06T16:19:05.593Z",        0, "", "", "2026-06-06T20:19:05.593546500Z", {00000000-0000-0000-0000-000000000000}
     Unknown,         10,           10,          0,          0,          0,          0,          0, 0x0000000000000000, 0x00000004, 0x00000230,                   14,             ,                     ,   {00000000-0000-0000-0000-000000000000},                                         ,   134252507458725058,          0,          0, "Unknown", "", "Unknown( 10): GUID=34f66502-e8a3-3972-e718-cb92e5c6c109 (No Format Information found).", "", "", {34f66502-e8a3-3972-e718-cb92e5c6c109}, " 10", "2026-06-06T16:19:05.872Z",        0, "", "", "2026-06-06T20:19:05.872505800Z", {00000000-0000-0000-0000-000000000000}
     Unknown,         10,           10,          0,          0,          0,          0,          0, 0x0000000000000000, 0x00000004, 0x00000230,                   11,             ,                     ,   {00000000-0000-0000-0000-000000000000},                                         ,   134252507458897721,          0,          0, "Unknown", "", "Unknown( 10): GUID=34f66502-e8a3-3972-e718-cb92e5c6c109 (No Format Information found).", "", "", {34f66502-e8a3-3972-e718-cb92e5c6c109}, " 10", "2026-06-06T16:19:05.889Z",        0, "", "", "2026-06-06T20:19:05.889772100Z", {00000000-0000-0000-0000-000000000000}
     Unknown,         10,           10,          0,          0,          0,          0,          0, 0x0000000000000000, 0x00000004, 0x00000230,                   16,             ,                     ,   {00000000-0000-0000-0000-000000000000},                                         ,   134252507458947330,          0,          0, "Unknown", "", "Unknown( 10): GUID=34f66502-e8a3-3972-e718-cb92e5c6c109 (No Format Information found).", "", "", {34f66502-e8a3-3972-e718-cb92e5c6c109}, " 10", "2026-06-06T16:19:05.894Z",        0, "", "", "2026-06-06T20:19:05.894733000Z", {00000000-0000-0000-0000-000000000000}
     Unknown,         10,           10,          0,          0,          0,          0,          0, 0x0000000000000000, 0x00000004, 0x00000230,                   11,             ,                     ,   {00000000-0000-0000-0000-000000000000},                                         ,   134252507459376563,          0,          0, "Unknown", "", "Unknown( 10): GUID=34f66502-e8a3-3972-e718-cb92e5c6c109 (No Format Information found).", "", "", {34f66502-e8a3-3972-e718-cb92e5c6c109}, " 10", "2026-06-06T16:19:05.937Z",        0, "", "", "2026-06-06T20:19:05.937656300Z", {00000000-0000-0000-0000-000000000000}
     Unknown,         10,           10,          0,          0,          0,          0,          0, 0x0000000000000000, 0x00000004, 0x00000230,                   13,             ,                     ,   {00000000-0000-0000-0000-000000000000},                                         ,   134252507459426489,          0,          0, "Unknown", "", "Unknown( 10): GUID=34f66502-e8a3-3972-e718-cb92e5c6c109 (No Format Information found).", "", "", {34f66502-e8a3-3972-e718-cb92e5c6c109}, " 10", "2026-06-06T16:19:05.942Z",        0, "", "", "2026-06-06T20:19:05.942648900Z", {00000000-0000-0000-0000-000000000000}
     Unknown,         10,           10,          0,          0,          0,          0,          0, 0x0000000000000000, 0x00000004, 0x00000230,                   11,             ,                     ,   {00000000-0000-0000-0000-000000000000},                                         ,   134252507459996661,          0,          0, "Unknown", "", "Unknown( 10): GUID=34f66502-e8a3-3972-e718-cb92e5c6c109 (No Format Information found).", "", "", {34f66502-e8a3-3972-e718-cb92e5c6c109}, " 10", "2026-06-06T16:19:05.999Z",        0, "", "", "2026-06-06T20:19:05.999666100Z", {00000000-0000-0000-0000-000000000000}
     Unknown,         10,           10,          0,          0,          0,          0,          0, 0x0000000000000000, 0x00000004, 0x00000230,                   11,             ,                     ,   {00000000-0000-0000-0000-000000000000},                                         ,   134252507462385545,          0,          0, "Unknown", "", "Unknown( 10): GUID=34f66502-e8a3-3972-e718-cb92e5c6c109 (No Format Information found).", "", "", {34f66502-e8a3-3972-e718-cb92e5c6c109}, " 10", "2026-06-06T16:19:06.238Z",        0, "", "", "2026-06-06T20:19:06.238554500Z", {00000000-0000-0000-0000-000000000000}
     Unknown,         10,           10,          0,          0,          0,          0,          0, 0x0000000000000000, 0x00000004, 0x00000230,                   11,             ,                     ,   {00000000-0000-0000-0000-000000000000},                                         ,   134252507462447079,          0,          0, "Unknown", "", "Unknown( 10): GUID=34f66502-e8a3-3972-e718-cb92e5c6c109 (No Format Information found).", "", "", {34f66502-e8a3-3972-e718-cb92e5c6c109}, " 10", "2026-06-06T16:19:06.244Z",        0, "", "", "2026-06-06T20:19:06.244707900Z", {00000000-0000-0000-0000-000000000000}
     Unknown,         10,           10,          0,          0,          0,          0,          0, 0x0000000000000000, 0x00000004, 0x00000230,                   13,             ,                     ,   {00000000-0000-0000-0000-000000000000},                                         ,   134252507462696866,          0,          0, "Unknown", "", "Unknown( 10): GUID=34f66502-e8a3-3972-e718-cb92e5c6c109 (No Format Information found).", "", "", {34f66502-e8a3-3972-e718-cb92e5c6c109}, " 10", "2026-06-06T16:19:06.269Z",        0, "", "", "2026-06-06T20:19:06.269686600Z", {00000000-0000-0000-0000-000000000000}
     Unknown,         10,           10,          0,          0,          0,          0,          0, 0x0000000000000000, 0x00000004, 0x00000230,                   15,             ,                     ,   {00000000-0000-0000-0000-000000000000},                                         ,   134252507462755862,          0,          0, "Unknown", "", "Unknown( 10): GUID=34f66502-e8a3-3972-e718-cb92e5c6c109 (No Format Information found).", "", "", {34f66502-e8a3-3972-e718-cb92e5c6c109}, " 10", "2026-06-06T16:19:06.275Z",        0, "", "", "2026-06-06T20:19:06.275586200Z", {00000000-0000-0000-0000-000000000000}
     Unknown,         10,           10,          0,          0,          0,          0,          0, 0x0000000000000000, 0x00000004, 0x00000230,                   16,             ,                     ,   {00000000-0000-0000-0000-000000000000},                                         ,   134252507569611697,          0,          0, "Unknown", "", "Unknown( 10): GUID=34f66502-e8a3-3972-e718-cb92e5c6c109 (No Format Information found).", "", "", {34f66502-e8a3-3972-e718-cb92e5c6c109}, " 10", "2026-06-06T16:19:16.961Z",        0, "", "", "2026-06-06T20:19:16.961169700Z", {00000000-0000-0000-0000-000000000000}
     Unknown,         10,           10,          0,          0,          0,          0,          0, 0x0000000000000000, 0x00000004, 0x00000230,                   14,             ,                     ,   {00000000-0000-0000-0000-000000000000},                                         ,   134252507569688120,          0,          0, "Unknown", "", "Unknown( 10): GUID=34f66502-e8a3-3972-e718-cb92e5c6c109 (No Format Information found).", "", "", {34f66502-e8a3-3972-e718-cb92e5c6c109}, " 10", "2026-06-06T16:19:16.968Z",        0, "", "", "2026-06-06T20:19:16.968812000Z", {00000000-0000-0000-0000-000000000000}
     Unknown,         10,           10,          0,          0,          0,          0,          0, 0x0000000000000000, 0x00000004, 0x00000230,                   11,             ,                     ,   {00000000-0000-0000-0000-000000000000},                                         ,   134252507569765089,          0,          0, "Unknown", "", "Unknown( 10): GUID=34f66502-e8a3-3972-e718-cb92e5c6c109 (No Format Information found).", "", "", {34f66502-e8a3-3972-e718-cb92e5c6c109}, " 10", "2026-06-06T16:19:16.976Z",        0, "", "", "2026-06-06T20:19:16.976508900Z", {00000000-0000-0000-0000-000000000000}
     Unknown,         10,           10,          0,          0,          0,          0,          0, 0x0000000000000000, 0x00000004, 0x00000230,                   15,             ,                     ,   {00000000-0000-0000-0000-000000000000},                                         ,   134252507569840531,          0,          0, "Unknown", "", "Unknown( 10): GUID=34f66502-e8a3-3972-e718-cb92e5c6c109 (No Format Information found).", "", "", {34f66502-e8a3-3972-e718-cb92e5c6c109}, " 10", "2026-06-06T16:19:16.984Z",        0, "", "", "2026-06-06T20:19:16.984053100Z", {00000000-0000-0000-0000-000000000000}
     Unknown,         10,           10,          0,          0,          0,          0,          0, 0x0000000000000000, 0x00000004, 0x00000230,                   11,             ,                     ,   {00000000-0000-0000-0000-000000000000},                                         ,   134252507569917231,          0,          0, "Unknown", "", "Unknown( 10): GUID=34f66502-e8a3-3972-e718-cb92e5c6c109 (No Format Information found).", "", "", {34f66502-e8a3-3972-e718-cb92e5c6c109}, " 10", "2026-06-06T16:19:16.991Z",        0, "", "", "2026-06-06T20:19:16.991723100Z", {00000000-0000-0000-0000-000000000000}
     Unknown,         10,           10,          0,          0,          0,          0,          0, 0x0000000000000000, 0x00000004, 0x00000230,                   11,             ,                     ,   {00000000-0000-0000-0000-000000000000},                                         ,   134252507569992727,          0,          0, "Unknown", "", "Unknown( 10): GUID=34f66502-e8a3-3972-e718-cb92e5c6c109 (No Format Information found).", "", "", {34f66502-e8a3-3972-e718-cb92e5c6c109}, " 10", "2026-06-06T16:19:16.999Z",        0, "", "", "2026-06-06T20:19:16.999272700Z", {00000000-0000-0000-0000-000000000000}
     Unknown,         10,           10,          0,          0,          0,          0,          0, 0x0000000000000000, 0x00000004, 0x00000230,                   11,             ,                     ,   {00000000-0000-0000-0000-000000000000},                                         ,   134252507570069484,          0,          0, "Unknown", "", "Unknown( 10): GUID=34f66502-e8a3-3972-e718-cb92e5c6c109 (No Format Information found).", "", "", {34f66502-e8a3-3972-e718-cb92e5c6c109}, " 10", "2026-06-06T16:19:17.006Z",        0, "", "", "2026-06-06T20:19:17.006948400Z", {00000000-0000-0000-0000-000000000000}
     Unknown,         10,           10,          0,          0,          0,          0,          0, 0x0000000000000000, 0x00000004, 0x00000230,                   11,             ,                     ,   {00000000-0000-0000-0000-000000000000},                                         ,   134252507570145262,          0,          0, "Unknown", "", "Unknown( 10): GUID=34f66502-e8a3-3972-e718-cb92e5c6c109 (No Format Information found).", "", "", {34f66502-e8a3-3972-e718-cb92e5c6c109}, " 10", "2026-06-06T16:19:17.014Z",        0, "", "", "2026-06-06T20:19:17.014526200Z", {00000000-0000-0000-0000-000000000000}
     Unknown,         10,           10,          0,          0,          0,          0,          0, 0x0000000000000000, 0x00000004, 0x00000230,                   11,             ,                     ,   {00000000-0000-0000-0000-000000000000},                                         ,   134252507570221485,          0,          0, "Unknown", "", "Unknown( 10): GUID=34f66502-e8a3-3972-e718-cb92e5c6c109 (No Format Information found).", "", "", {34f66502-e8a3-3972-e718-cb92e5c6c109}, " 10", "2026-06-06T16:19:17.022Z",        0, "", "", "2026-06-06T20:19:17.022148500Z", {00000000-0000-0000-0000-000000000000}
     Unknown,         10,           10,          0,          0,          0,          0,          0, 0x0000000000000000, 0x00000004, 0x00000230,                   11,             ,                     ,   {00000000-0000-0000-0000-000000000000},                                         ,   134252507570297868,          0,          0, "Unknown", "", "Unknown( 10): GUID=34f66502-e8a3-3972-e718-cb92e5c6c109 (No Format Information found).", "", "", {34f66502-e8a3-3972-e718-cb92e5c6c109}, " 10", "2026-06-06T16:19:17.029Z",        0, "", "", "2026-06-06T20:19:17.029786800Z", {00000000-0000-0000-0000-000000000000}
     Unknown,         10,           10,          0,          0,          0,          0,          0, 0x0000000000000000, 0x00000004, 0x00000230,                   11,             ,                     ,   {00000000-0000-0000-0000-000000000000},                                         ,   134252507570374333,          0,          0, "Unknown", "", "Unknown( 10): GUID=34f66502-e8a3-3972-e718-cb92e5c6c109 (No Format Information found).", "", "", {34f66502-e8a3-3972-e718-cb92e5c6c109}, " 10", "2026-06-06T16:19:17.037Z",        0, "", "", "2026-06-06T20:19:17.037433300Z", {00000000-0000-0000-0000-000000000000}
     Unknown,         10,           10,          0,          0,          0,          0,          0, 0x0000000000000000, 0x00000004, 0x00000230,                   11,             ,                     ,   {00000000-0000-0000-0000-000000000000},                                         ,   134252507570452144,          0,          0, "Unknown", "", "Unknown( 10): GUID=34f66502-e8a3-3972-e718-cb92e5c6c109 (No Format Information found).", "", "", {34f66502-e8a3-3972-e718-cb92e5c6c109}, " 10", "2026-06-06T16:19:17.045Z",        0, "", "", "2026-06-06T20:19:17.045214400Z", {00000000-0000-0000-0000-000000000000}
     Unknown,         10,           10,          0,          0,          0,          0,          0, 0x0000000000000000, 0x00000004, 0x00000230,                   18,             ,                     ,   {00000000-0000-0000-0000-000000000000},                                         ,   134252507570525334,          0,          0, "Unknown", "", "Unknown( 10): GUID=34f66502-e8a3-3972-e718-cb92e5c6c109 (No Format Information found).", "", "", {34f66502-e8a3-3972-e718-cb92e5c6c109}, " 10", "2026-06-06T16:19:17.052Z",        0, "", "", "2026-06-06T20:19:17.052533400Z", {00000000-0000-0000-0000-000000000000}
     Unknown,         10,           10,          0,          0,          0,          0,          0, 0x0000000000000000, 0x00000004, 0x00000230,                   11,             ,                     ,   {00000000-0000-0000-0000-000000000000},                                         ,   134252507570602277,          0,          0, "Unknown", "", "Unknown( 10): GUID=34f66502-e8a3-3972-e718-cb92e5c6c109 (No Format Information found).", "", "", {34f66502-e8a3-3972-e718-cb92e5c6c109}, " 10", "2026-06-06T16:19:17.060Z",        0, "", "", "2026-06-06T20:19:17.060227700Z", {00000000-0000-0000-0000-000000000000}
     Unknown,         10,           10,          0,          0,          0,          0,          0, 0x0000000000000000, 0x00000004, 0x00000230,                    0,             ,                     ,   {00000000-0000-0000-0000-000000000000},                                         ,   134252507570678054,          0,          0, "Unknown", "", "Unknown( 10): GUID=34f66502-e8a3-3972-e718-cb92e5c6c109 (No Format Information found).", "", "", {34f66502-e8a3-3972-e718-cb92e5c6c109}, " 10", "2026-06-06T16:19:17.067Z",        0, "", "", "2026-06-06T20:19:17.067805400Z", {00000000-0000-0000-0000-000000000000}
     Unknown,         10,           10,          0,          0,          0,          0,          0, 0x0000000000000000, 0x00000004, 0x00000230,                   10,             ,                     ,   {00000000-0000-0000-0000-000000000000},                                         ,   134252507570754705,          0,          0, "Unknown", "", "Unknown( 10): GUID=34f66502-e8a3-3972-e718-cb92e5c6c109 (No Format Information found).", "", "", {34f66502-e8a3-3972-e718-cb92e5c6c109}, " 10", "2026-06-06T16:19:17.075Z",        0, "", "", "2026-06-06T20:19:17.075470500Z", {00000000-0000-0000-0000-000000000000}
     Unknown,         10,           10,          0,          0,          0,          0,          0, 0x0000000000000000, 0x00000004, 0x00000230,                   10,             ,                     ,   {00000000-0000-0000-0000-000000000000},                                         ,   134252507570831061,          0,          0, "Unknown", "", "Unknown( 10): GUID=34f66502-e8a3-3972-e718-cb92e5c6c109 (No Format Information found).", "", "", {34f66502-e8a3-3972-e718-cb92e5c6c109}, " 10", "2026-06-06T16:19:17.083Z",        0, "", "", "2026-06-06T20:19:17.083106100Z", {00000000-0000-0000-0000-000000000000}
     Unknown,         10,           10,          0,          0,          0,          0,          0, 0x0000000000000000, 0x00000004, 0x00000230,                   16,             ,                     ,   {00000000-0000-0000-0000-000000000000},                                         ,   134252507570906803,          0,          0, "Unknown", "", "Unknown( 10): GUID=34f66502-e8a3-3972-e718-cb92e5c6c109 (No Format Information found).", "", "", {34f66502-e8a3-3972-e718-cb92e5c6c109}, " 10", "2026-06-06T16:19:17.090Z",        0, "", "", "2026-06-06T20:19:17.090680300Z", {00000000-0000-0000-0000-000000000000}
     Unknown,         10,           10,          0,          0,          0,          0,          0, 0x0000000000000000, 0x00000004, 0x00000230,                   11,             ,                     ,   {00000000-0000-0000-0000-000000000000},                                         ,   134252507570983423,          0,          0, "Unknown", "", "Unknown( 10): GUID=34f66502-e8a3-3972-e718-cb92e5c6c109 (No Format Information found).", "", "", {34f66502-e8a3-3972-e718-cb92e5c6c109}, " 10", "2026-06-06T16:19:17.098Z",        0, "", "", "2026-06-06T20:19:17.098342300Z", {00000000-0000-0000-0000-000000000000}
     Unknown,         10,           10,          0,          0,          0,          0,          0, 0x0000000000000000, 0x00000004, 0x00000230,                   14,             ,                     ,   {00000000-0000-0000-0000-000000000000},                                         ,   134252507571059756,          0,          0, "Unknown", "", "Unknown( 10): GUID=34f66502-e8a3-3972-e718-cb92e5c6c109 (No Format Information found).", "", "", {34f66502-e8a3-3972-e718-cb92e5c6c109}, " 10", "2026-06-06T16:19:17.105Z",        0, "", "", "2026-06-06T20:19:17.105975600Z", {00000000-0000-0000-0000-000000000000}
     Unknown,         10,           10,          0,          0,          0,          0,          0, 0x0000000000000000, 0x00000004, 0x00000230,                   11,             ,                     ,   {00000000-0000-0000-0000-000000000000},                                         ,   134252507571136740,          0,          0, "Unknown", "", "Unknown( 10): GUID=34f66502-e8a3-3972-e718-cb92e5c6c109 (No Format Information found).", "", "", {34f66502-e8a3-3972-e718-cb92e5c6c109}, " 10", "2026-06-06T16:19:17.113Z",        0, "", "", "2026-06-06T20:19:17.113674000Z", {00000000-0000-0000-0000-000000000000}
     Unknown,         10,           10,          0,          0,          0,          0,          0, 0x0000000000000000, 0x00000004, 0x00000230,                   11,             ,                     ,   {00000000-0000-0000-0000-000000000000},                                         ,   134252507571211882,          0,          0, "Unknown", "", "Unknown( 10): GUID=34f66502-e8a3-3972-e718-cb92e5c6c109 (No Format Information found).", "", "", {34f66502-e8a3-3972-e718-cb92e5c6c109}, " 10", "2026-06-06T16:19:17.121Z",        0, "", "", "2026-06-06T20:19:17.121188200Z", {00000000-0000-0000-0000-000000000000}
     Unknown,         10,           10,          0,          0,          0,          0,          0, 0x0000000000000000, 0x00000004, 0x00000230,                   11,             ,                     ,   {00000000-0000-0000-0000-000000000000},                                         ,   134252507571287691,          0,          0, "Unknown", "", "Unknown( 10): GUID=34f66502-e8a3-3972-e718-cb92e5c6c109 (No Format Information found).", "", "", {34f66502-e8a3-3972-e718-cb92e5c6c109}, " 10", "2026-06-06T16:19:17.128Z",        0, "", "", "2026-06-06T20:19:17.128769100Z", {00000000-0000-0000-0000-000000000000}
     Unknown,         10,           10,          0,          0,          0,          0,          0, 0x0000000000000000, 0x00000004, 0x00000230,                   11,             ,                     ,   {00000000-0000-0000-0000-000000000000},                                         ,   134252507571364375,          0,          0, "Unknown", "", "Unknown( 10): GUID=34f66502-e8a3-3972-e718-cb92e5c6c109 (No Format Information found).", "", "", {34f66502-e8a3-3972-e718-cb92e5c6c109}, " 10", "2026-06-06T16:19:17.136Z",        0, "", "", "2026-06-06T20:19:17.136437500Z", {00000000-0000-0000-0000-000000000000}
     Unknown,         10,           10,          0,          0,          0,          0,          0, 0x0000000000000000, 0x00000004, 0x00000230,                   16,             ,                     ,   {00000000-0000-0000-0000-000000000000},                                         ,   134252507571439909,          0,          0, "Unknown", "", "Unknown( 10): GUID=34f66502-e8a3-3972-e718-cb92e5c6c109 (No Format Information found).", "", "", {34f66502-e8a3-3972-e718-cb92e5c6c109}, " 10", "2026-06-06T16:19:17.143Z",        0, "", "", "2026-06-06T20:19:17.143990900Z", {00000000-0000-0000-0000-000000000000}
     Unknown,         10,           10,          0,          0,          0,          0,          0, 0x0000000000000000, 0x00000004, 0x00000230,                   11,             ,                     ,   {00000000-0000-0000-0000-000000000000},                                         ,   134252507571516498,          0,          0, "Unknown", "", "Unknown( 10): GUID=34f66502-e8a3-3972-e718-cb92e5c6c109 (No Format Information found).", "", "", {34f66502-e8a3-3972-e718-cb92e5c6c109}, " 10", "2026-06-06T16:19:17.151Z",        0, "", "", "2026-06-06T20:19:17.151649800Z", {00000000-0000-0000-0000-000000000000}
     Unknown,         10,           10,          0,          0,          0,          0,          0, 0x0000000000000000, 0x00000004, 0x00000230,                   11,             ,                     ,   {00000000-0000-0000-0000-000000000000},                                         ,   134252507571592686,          0,          0, "Unknown", "", "Unknown( 10): GUID=34f66502-e8a3-3972-e718-cb92e5c6c109 (No Format Information found).", "", "", {34f66502-e8a3-3972-e718-cb92e5c6c109}, " 10", "2026-06-06T16:19:17.159Z",        0, "", "", "2026-06-06T20:19:17.159268600Z", {00000000-0000-0000-0000-000000000000}
     Unknown,         10,           10,          0,          0,          0,          0,          0, 0x0000000000000000, 0x00000004, 0x00000230,                   11,             ,                     ,   {00000000-0000-0000-0000-000000000000},                                         ,   134252507571669464,          0,          0, "Unknown", "", "Unknown( 10): GUID=34f66502-e8a3-3972-e718-cb92e5c6c109 (No Format Information found).", "", "", {34f66502-e8a3-3972-e718-cb92e5c6c109}, " 10", "2026-06-06T16:19:17.166Z",        0, "", "", "2026-06-06T20:19:17.166946400Z", {00000000-0000-0000-0000-000000000000}
     Unknown,         10,           10,          0,          0,          0,          0,          0, 0x0000000000000000, 0x00000004, 0x00000230,                   10,             ,                     ,   {00000000-0000-0000-0000-000000000000},                                         ,   134252507571745897,          0,          0, "Unknown", "", "Unknown( 10): GUID=34f66502-e8a3-3972-e718-cb92e5c6c109 (No Format Information found).", "", "", {34f66502-e8a3-3972-e718-cb92e5c6c109}, " 10", "2026-06-06T16:19:17.174Z",        0, "", "", "2026-06-06T20:19:17.174589700Z", {00000000-0000-0000-0000-000000000000}
     Unknown,         10,           10,          0,          0,          0,          0,          0, 0x0000000000000000, 0x00000004, 0x00000230,                   12,             ,                     ,   {00000000-0000-0000-0000-000000000000},                                         ,   134252507571822143,          0,          0, "Unknown", "", "Unknown( 10): GUID=34f66502-e8a3-3972-e718-cb92e5c6c109 (No Format Information found).", "", "", {34f66502-e8a3-3972-e718-cb92e5c6c109}, " 10", "2026-06-06T16:19:17.182Z",        0, "", "", "2026-06-06T20:19:17.182214300Z", {00000000-0000-0000-0000-000000000000}
     Unknown,         10,           10,          0,          0,          0,          0,          0, 0x0000000000000000, 0x00000004, 0x00000230,                   12,             ,                     ,   {00000000-0000-0000-0000-000000000000},                                         ,   134252507571898061,          0,          0, "Unknown", "", "Unknown( 10): GUID=34f66502-e8a3-3972-e718-cb92e5c6c109 (No Format Information found).", "", "", {34f66502-e8a3-3972-e718-cb92e5c6c109}, " 10", "2026-06-06T16:19:17.189Z",        0, "", "", "2026-06-06T20:19:17.189806100Z", {00000000-0000-0000-0000-000000000000}
     Unknown,         10,           10,          0,          0,          0,          0,          0, 0x0000000000000000, 0x00000004, 0x00000230,                   12,             ,                     ,   {00000000-0000-0000-0000-000000000000},                                         ,   134252507571974113,          0,          0, "Unknown", "", "Unknown( 10): GUID=34f66502-e8a3-3972-e718-cb92e5c6c109 (No Format Information found).", "", "", {34f66502-e8a3-3972-e718-cb92e5c6c109}, " 10", "2026-06-06T16:19:17.197Z",        0, "", "", "2026-06-06T20:19:17.197411300Z", {00000000-0000-0000-0000-000000000000}
     Unknown,         10,           10,          0,          0,          0,          0,          0, 0x0000000000000000, 0x00000004, 0x00000230,                   11,             ,                     ,   {00000000-0000-0000-0000-000000000000},                                         ,   134252507572050546,          0,          0, "Unknown", "", "Unknown( 10): GUID=34f66502-e8a3-3972-e718-cb92e5c6c109 (No Format Information found).", "", "", {34f66502-e8a3-3972-e718-cb92e5c6c109}, " 10", "2026-06-06T16:19:17.205Z",        0, "", "", "2026-06-06T20:19:17.205054600Z", {00000000-0000-0000-0000-000000000000}
     Unknown,         10,           10,          0,          0,          0,          0,          0, 0x0000000000000000, 0x00000004, 0x00000230,                   12,             ,                     ,   {00000000-0000-0000-0000-000000000000},                                         ,   134252507572127269,          0,          0, "Unknown", "", "Unknown( 10): GUID=34f66502-e8a3-3972-e718-cb92e5c6c109 (No Format Information found).", "", "", {34f66502-e8a3-3972-e718-cb92e5c6c109}, " 10", "2026-06-06T16:19:17.212Z",        0, "", "", "2026-06-06T20:19:17.212726900Z", {00000000-0000-0000-0000-000000000000}
     Unknown,         10,           10,          0,          0,          0,          0,          0, 0x0000000000000000, 0x00000004, 0x00000230,                   12,             ,                     ,   {00000000-0000-0000-0000-000000000000},                                         ,   134252507572203116,          0,          0, "Unknown", "", "Unknown( 10): GUID=34f66502-e8a3-3972-e718-cb92e5c6c109 (No Format Information found).", "", "", {34f66502-e8a3-3972-e718-cb92e5c6c109}, " 10", "2026-06-06T16:19:17.220Z",        0, "", "", "2026-06-06T20:19:17.220311600Z", {00000000-0000-0000-0000-000000000000}
     Unknown,         10,           10,          0,          0,          0,          0,          0, 0x0000000000000000, 0x00000004, 0x00000230,                   11,             ,                     ,   {00000000-0000-0000-0000-000000000000},                                         ,   134252507572279965,          0,          0, "Unknown", "", "Unknown( 10): GUID=34f66502-e8a3-3972-e718-cb92e5c6c109 (No Format Information found).", "", "", {34f66502-e8a3-3972-e718-cb92e5c6c109}, " 10", "2026-06-06T16:19:17.227Z",        0, "", "", "2026-06-06T20:19:17.227996500Z", {00000000-0000-0000-0000-000000000000}
     Unknown,         10,           10,          0,          0,          0,          0,          0, 0x0000000000000000, 0x00000004, 0x00000230,                   11,             ,                     ,   {00000000-0000-0000-0000-000000000000},                                         ,   134252507572357711,          0,          0, "Unknown", "", "Unknown( 10): GUID=34f66502-e8a3-3972-e718-cb92e5c6c109 (No Format Information found).", "", "", {34f66502-e8a3-3972-e718-cb92e5c6c109}, " 10", "2026-06-06T16:19:17.235Z",        0, "", "", "2026-06-06T20:19:17.235771100Z", {00000000-0000-0000-0000-000000000000}
     Unknown,         10,           10,          0,          0,          0,          0,          0, 0x0000000000000000, 0x00000004, 0x00000230,                   11,             ,                     ,   {00000000-0000-0000-0000-000000000000},                                         ,   134252507572431177,          0,          0, "Unknown", "", "Unknown( 10): GUID=34f66502-e8a3-3972-e718-cb92e5c6c109 (No Format Information found).", "", "", {34f66502-e8a3-3972-e718-cb92e5c6c109}, " 10", "2026-06-06T16:19:17.243Z",        0, "", "", "2026-06-06T20:19:17.243117700Z", {00000000-0000-0000-0000-000000000000}
     Unknown,         10,           10,          0,          0,          0,          0,          0, 0x0000000000000000, 0x00000004, 0x00000230,                   11,             ,                     ,   {00000000-0000-0000-0000-000000000000},                                         ,   134252507572508045,          0,          0, "Unknown", "", "Unknown( 10): GUID=34f66502-e8a3-3972-e718-cb92e5c6c109 (No Format Information found).", "", "", {34f66502-e8a3-3972-e718-cb92e5c6c109}, " 10", "2026-06-06T16:19:17.250Z",        0, "", "", "2026-06-06T20:19:17.250804500Z", {00000000-0000-0000-0000-000000000000}
     Unknown,         10,           10,          0,          0,          0,          0,          0, 0x0000000000000000, 0x00000004, 0x00000230,                   11,             ,                     ,   {00000000-0000-0000-0000-000000000000},                                         ,   134252507572583254,          0,          0, "Unknown", "", "Unknown( 10): GUID=34f66502-e8a3-3972-e718-cb92e5c6c109 (No Format Information found).", "", "", {34f66502-e8a3-3972-e718-cb92e5c6c109}, " 10", "2026-06-06T16:19:17.258Z",        0, "", "", "2026-06-06T20:19:17.258325400Z", {00000000-0000-0000-0000-000000000000}
     Unknown,         10,           10,          0,          0,          0,          0,          0, 0x0000000000000000, 0x00000004, 0x00000230,                   11,             ,                     ,   {00000000-0000-0000-0000-000000000000},                                         ,   134252507572660130,          0,          0, "Unknown", "", "Unknown( 10): GUID=34f66502-e8a3-3972-e718-cb92e5c6c109 (No Format Information found).", "", "", {34f66502-e8a3-3972-e718-cb92e5c6c109}, " 10", "2026-06-06T16:19:17.266Z",        0, "", "", "2026-06-06T20:19:17.266013000Z", {00000000-0000-0000-0000-000000000000}
     Unknown,         10,           10,          0,          0,          0,          0,          0, 0x0000000000000000, 0x00000004, 0x00000230,                   11,             ,                     ,   {00000000-0000-0000-0000-000000000000},                                         ,   134252507572736161,          0,          0, "Unknown", "", "Unknown( 10): GUID=34f66502-e8a3-3972-e718-cb92e5c6c109 (No Format Information found).", "", "", {34f66502-e8a3-3972-e718-cb92e5c6c109}, " 10", "2026-06-06T16:19:17.273Z",        0, "", "", "2026-06-06T20:19:17.273616100Z", {00000000-0000-0000-0000-000000000000}
     Unknown,         10,           10,          0,          0,          0,          0,          0, 0x0000000000000000, 0x00000004, 0x00000230,                   10,             ,                     ,   {00000000-0000-0000-0000-000000000000},                                         ,   134252507572812499,          0,          0, "Unknown", "", "Unknown( 10): GUID=34f66502-e8a3-3972-e718-cb92e5c6c109 (No Format Information found).", "", "", {34f66502-e8a3-3972-e718-cb92e5c6c109}, " 10", "2026-06-06T16:19:17.281Z",        0, "", "", "2026-06-06T20:19:17.281249900Z", {00000000-0000-0000-0000-000000000000}
     Unknown,         10,           10,          0,          0,          0,          0,          0, 0x0000000000000000, 0x00000004, 0x00000230,                   10,             ,                     ,   {00000000-0000-0000-0000-000000000000},                                         ,   134252507572888502,          0,          0, "Unknown", "", "Unknown( 10): GUID=34f66502-e8a3-3972-e718-cb92e5c6c109 (No Format Information found).", "", "", {34f66502-e8a3-3972-e718-cb92e5c6c109}, " 10", "2026-06-06T16:19:17.288Z",        0, "", "", "2026-06-06T20:19:17.288850200Z", {00000000-0000-0000-0000-000000000000}
     Unknown,         10,           10,          0,          0,          0,          0,          0, 0x0000000000000000, 0x00000004, 0x00000230,                   10,             ,                     ,   {00000000-0000-0000-0000-000000000000},                                         ,   134252507572966147,          0,          0, "Unknown", "", "Unknown( 10): GUID=34f66502-e8a3-3972-e718-cb92e5c6c109 (No Format Information found).", "", "", {34f66502-e8a3-3972-e718-cb92e5c6c109}, " 10", "2026-06-06T16:19:17.296Z",        0, "", "", "2026-06-06T20:19:17.296614700Z", {00000000-0000-0000-0000-000000000000}
     Unknown,         10,           10,          0,          0,          0,          0,          0, 0x0000000000000000, 0x00000004, 0x00000230,                   10,             ,                     ,   {00000000-0000-0000-0000-000000000000},                                         ,   134252507573039767,          0,          0, "Unknown", "", "Unknown( 10): GUID=34f66502-e8a3-3972-e718-cb92e5c6c109 (No Format Information found).", "", "", {34f66502-e8a3-3972-e718-cb92e5c6c109}, " 10", "2026-06-06T16:19:17.303Z",        0, "", "", "2026-06-06T20:19:17.303976700Z", {00000000-0000-0000-0000-000000000000}
     Unknown,         10,           10,          0,          0,          0,          0,          0, 0x0000000000000000, 0x00000004, 0x00000230,                   10,             ,                     ,   {00000000-0000-0000-0000-000000000000},                                         ,   134252507573116737,          0,          0, "Unknown", "", "Unknown( 10): GUID=34f66502-e8a3-3972-e718-cb92e5c6c109 (No Format Information found).", "", "", {34f66502-e8a3-3972-e718-cb92e5c6c109}, " 10", "2026-06-06T16:19:17.311Z",        0, "", "", "2026-06-06T20:19:17.311673700Z", {00000000-0000-0000-0000-000000000000}
     Unknown,         10,           10,          0,          0,          0,          0,          0, 0x0000000000000000, 0x00000004, 0x00000230,                   10,             ,                     ,   {00000000-0000-0000-0000-000000000000},                                         ,   134252507573193048,          0,          0, "Unknown", "", "Unknown( 10): GUID=34f66502-e8a3-3972-e718-cb92e5c6c109 (No Format Information found).", "", "", {34f66502-e8a3-3972-e718-cb92e5c6c109}, " 10", "2026-06-06T16:19:17.319Z",        0, "", "", "2026-06-06T20:19:17.319304800Z", {00000000-0000-0000-0000-000000000000}
     Unknown,         10,           10,          0,          0,          0,          0,          0, 0x0000000000000000, 0x00000004, 0x00000230,                   14,             ,                     ,   {00000000-0000-0000-0000-000000000000},                                         ,   134252507573268804,          0,          0, "Unknown", "", "Unknown( 10): GUID=34f66502-e8a3-3972-e718-cb92e5c6c109 (No Format Information found).", "", "", {34f66502-e8a3-3972-e718-cb92e5c6c109}, " 10", "2026-06-06T16:19:17.326Z",        0, "", "", "2026-06-06T20:19:17.326880400Z", {00000000-0000-0000-0000-000000000000}
     Unknown,         10,           10,          0,          0,          0,          0,          0, 0x0000000000000000, 0x00000004, 0x00000230,                   10,             ,                     ,   {00000000-0000-0000-0000-000000000000},                                         ,   134252507573344916,          0,          0, "Unknown", "", "Unknown( 10): GUID=34f66502-e8a3-3972-e718-cb92e5c6c109 (No Format Information found).", "", "", {34f66502-e8a3-3972-e718-cb92e5c6c109}, " 10", "2026-06-06T16:19:17.334Z",        0, "", "", "2026-06-06T20:19:17.334491600Z", {00000000-0000-0000-0000-000000000000}
     Unknown,         10,           10,          0,          0,          0,          0,          0, 0x0000000000000000, 0x00000004, 0x00000230,                   10,             ,                     ,   {00000000-0000-0000-0000-000000000000},                                         ,   134252507573420966,          0,          0, "Unknown", "", "Unknown( 10): GUID=34f66502-e8a3-3972-e718-cb92e5c6c109 (No Format Information found).", "", "", {34f66502-e8a3-3972-e718-cb92e5c6c109}, " 10", "2026-06-06T16:19:17.342Z",        0, "", "", "2026-06-06T20:19:17.342096600Z", {00000000-0000-0000-0000-000000000000}
     Unknown,         10,           10,          0,          0,          0,          0,          0, 0x0000000000000000, 0x00000004, 0x00000230,                   14,             ,                     ,   {00000000-0000-0000-0000-000000000000},                                         ,   134252507573496644,          0,          0, "Unknown", "", "Unknown( 10): GUID=34f66502-e8a3-3972-e718-cb92e5c6c109 (No Format Information found).", "", "", {34f66502-e8a3-3972-e718-cb92e5c6c109}, " 10", "2026-06-06T16:19:17.349Z",        0, "", "", "2026-06-06T20:19:17.349664400Z", {00000000-0000-0000-0000-000000000000}
     Unknown,         10,           10,          0,          0,          0,          0,          0, 0x0000000000000000, 0x00000004, 0x00000230,                   10,             ,                     ,   {00000000-0000-0000-0000-000000000000},                                         ,   134252507573573219,          0,          0, "Unknown", "", "Unknown( 10): GUID=34f66502-e8a3-3972-e718-cb92e5c6c109 (No Format Information found).", "", "", {34f66502-e8a3-3972-e718-cb92e5c6c109}, " 10", "2026-06-06T16:19:17.357Z",        0, "", "", "2026-06-06T20:19:17.357321900Z", {00000000-0000-0000-0000-000000000000}
     Unknown,         10,           10,          0,          0,          0,          0,          0, 0x0000000000000000, 0x00000004, 0x00000230,                   14,             ,                     ,   {00000000-0000-0000-0000-000000000000},                                         ,   134252507573649633,          0,          0, "Unknown", "", "Unknown( 10): GUID=34f66502-e8a3-3972-e718-cb92e5c6c109 (No Format Information found).", "", "", {34f66502-e8a3-3972-e718-cb92e5c6c109}, " 10", "2026-06-06T16:19:17.364Z",        0, "", "", "2026-06-06T20:19:17.364963300Z", {00000000-0000-0000-0000-000000000000}
     Unknown,         10,           10,          0,          0,          0,          0,          0, 0x0000000000000000, 0x00000004, 0x00000230,                   10,             ,                     ,   {00000000-0000-0000-0000-000000000000},                                         ,   134252507573726310,          0,          0, "Unknown", "", "Unknown( 10): GUID=34f66502-e8a3-3972-e718-cb92e5c6c109 (No Format Information found).", "", "", {34f66502-e8a3-3972-e718-cb92e5c6c109}, " 10", "2026-06-06T16:19:17.372Z",        0, "", "", "2026-06-06T20:19:17.372631000Z", {00000000-0000-0000-0000-000000000000}
     Unknown,         10,           10,          0,          0,          0,          0,          0, 0x0000000000000000, 0x00000004, 0x00000230,                   10,             ,                     ,   {00000000-0000-0000-0000-000000000000},                                         ,   134252507573801829,          0,          0, "Unknown", "", "Unknown( 10): GUID=34f66502-e8a3-3972-e718-cb92e5c6c109 (No Format Information found).", "", "", {34f66502-e8a3-3972-e718-cb92e5c6c109}, " 10", "2026-06-06T16:19:17.380Z",        0, "", "", "2026-06-06T20:19:17.380182900Z", {00000000-0000-0000-0000-000000000000}
     Unknown,         10,           10,          0,          0,          0,          0,          0, 0x0000000000000000, 0x00000004, 0x00000230,                   10,             ,                     ,   {00000000-0000-0000-0000-000000000000},                                         ,   134252507573878056,          0,          0, "Unknown", "", "Unknown( 10): GUID=34f66502-e8a3-3972-e718-cb92e5c6c109 (No Format Information found).", "", "", {34f66502-e8a3-3972-e718-cb92e5c6c109}, " 10", "2026-06-06T16:19:17.387Z",        0, "", "", "2026-06-06T20:19:17.387805600Z", {00000000-0000-0000-0000-000000000000}
     Unknown,         10,           10,          0,          0,          0,          0,          0, 0x0000000000000000, 0x00000004, 0x00000230,                   10,             ,                     ,   {00000000-0000-0000-0000-000000000000},                                         ,   134252507573954472,          0,          0, "Unknown", "", "Unknown( 10): GUID=34f66502-e8a3-3972-e718-cb92e5c6c109 (No Format Information found).", "", "", {34f66502-e8a3-3972-e718-cb92e5c6c109}, " 10", "2026-06-06T16:19:17.395Z",        0, "", "", "2026-06-06T20:19:17.395447200Z", {00000000-0000-0000-0000-000000000000}
     Unknown,         10,           10,          0,          0,          0,          0,          0, 0x0000000000000000, 0x00000004, 0x00000230,                   10,             ,                     ,   {00000000-0000-0000-0000-000000000000},                                         ,   134252507574031092,          0,          0, "Unknown", "", "Unknown( 10): GUID=34f66502-e8a3-3972-e718-cb92e5c6c109 (No Format Information found).", "", "", {34f66502-e8a3-3972-e718-cb92e5c6c109}, " 10", "2026-06-06T16:19:17.403Z",        0, "", "", "2026-06-06T20:19:17.403109200Z", {00000000-0000-0000-0000-000000000000}
     Unknown,         10,           10,          0,          0,          0,          0,          0, 0x0000000000000000, 0x00000004, 0x00000230,                   18,             ,                     ,   {00000000-0000-0000-0000-000000000000},                                         ,   134252507574106211,          0,          0, "Unknown", "", "Unknown( 10): GUID=34f66502-e8a3-3972-e718-cb92e5c6c109 (No Format Information found).", "", "", {34f66502-e8a3-3972-e718-cb92e5c6c109}, " 10", "2026-06-06T16:19:17.410Z",        0, "", "", "2026-06-06T20:19:17.410621100Z", {00000000-0000-0000-0000-000000000000}
     Unknown,         10,           10,          0,          0,          0,          0,          0, 0x0000000000000000, 0x00000004, 0x00000230,                   10,             ,                     ,   {00000000-0000-0000-0000-000000000000},                                         ,   134252507574182226,          0,          0, "Unknown", "", "Unknown( 10): GUID=34f66502-e8a3-3972-e718-cb92e5c6c109 (No Format Information found).", "", "", {34f66502-e8a3-3972-e718-cb92e5c6c109}, " 10", "2026-06-06T16:19:17.418Z",        0, "", "", "2026-06-06T20:19:17.418222600Z", {00000000-0000-0000-0000-000000000000}
     Unknown,         10,           10,          0,          0,          0,          0,          0, 0x0000000000000000, 0x00000004, 0x00000230,                   11,             ,                     ,   {00000000-0000-0000-0000-000000000000},                                         ,   134252507574259697,          0,          0, "Unknown", "", "Unknown( 10): GUID=34f66502-e8a3-3972-e718-cb92e5c6c109 (No Format Information found).", "", "", {34f66502-e8a3-3972-e718-cb92e5c6c109}, " 10", "2026-06-06T16:19:17.425Z",        0, "", "", "2026-06-06T20:19:17.425969700Z", {00000000-0000-0000-0000-000000000000}
     Unknown,         10,           10,          0,          0,          0,          0,          0, 0x0000000000000000, 0x00000004, 0x00000230,                   11,             ,                     ,   {00000000-0000-0000-0000-000000000000},                                         ,   134252507574334596,          0,          0, "Unknown", "", "Unknown( 10): GUID=34f66502-e8a3-3972-e718-cb92e5c6c109 (No Format Information found).", "", "", {34f66502-e8a3-3972-e718-cb92e5c6c109}, " 10", "2026-06-06T16:19:17.433Z",        0, "", "", "2026-06-06T20:19:17.433459600Z", {00000000-0000-0000-0000-000000000000}
     Unknown,         10,           10,          0,          0,          0,          0,          0, 0x0000000000000000, 0x00000004, 0x00000230,                   12,             ,                     ,   {00000000-0000-0000-0000-000000000000},                                         ,   134252507574410863,          0,          0, "Unknown", "", "Unknown( 10): GUID=34f66502-e8a3-3972-e718-cb92e5c6c109 (No Format Information found).", "", "", {34f66502-e8a3-3972-e718-cb92e5c6c109}, " 10", "2026-06-06T16:19:17.441Z",        0, "", "", "2026-06-06T20:19:17.441086300Z", {00000000-0000-0000-0000-000000000000}
     Unknown,         10,           10,          0,          0,          0,          0,          0, 0x0000000000000000, 0x00000004, 0x00000230,                   16,             ,                     ,   {00000000-0000-0000-0000-000000000000},                                         ,   134252507574487810,          0,          0, "Unknown", "", "Unknown( 10): GUID=34f66502-e8a3-3972-e718-cb92e5c6c109 (No Format Information found).", "", "", {34f66502-e8a3-3972-e718-cb92e5c6c109}, " 10", "2026-06-06T16:19:17.448Z",        0, "", "", "2026-06-06T20:19:17.448781000Z", {00000000-0000-0000-0000-000000000000}
     Unknown,         10,           10,          0,          0,          0,          0,          0, 0x0000000000000000, 0x00000004, 0x00000230,                   17,             ,                     ,   {00000000-0000-0000-0000-000000000000},                                         ,   134252507574563819,          0,          0, "Unknown", "", "Unknown( 10): GUID=34f66502-e8a3-3972-e718-cb92e5c6c109 (No Format Information found).", "", "", {34f66502-e8a3-3972-e718-cb92e5c6c109}, " 10", "2026-06-06T16:19:17.456Z",        0, "", "", "2026-06-06T20:19:17.456381900Z", {00000000-0000-0000-0000-000000000000}
     Unknown,         10,           10,          0,          0,          0,          0,          0, 0x0000000000000000, 0x00000004, 0x00000230,                    1,             ,                     ,   {00000000-0000-0000-0000-000000000000},                                         ,   134252507574640428,          0,          0, "Unknown", "", "Unknown( 10): GUID=34f66502-e8a3-3972-e718-cb92e5c6c109 (No Format Information found).", "", "", {34f66502-e8a3-3972-e718-cb92e5c6c109}, " 10", "2026-06-06T16:19:17.464Z",        0, "", "", "2026-06-06T20:19:17.464042800Z", {00000000-0000-0000-0000-000000000000}
     Unknown,         10,           10,          0,          0,          0,          0,          0, 0x0000000000000000, 0x00000004, 0x00000230,                   17,             ,                     ,   {00000000-0000-0000-0000-000000000000},                                         ,   134252507574716431,          0,          0, "Unknown", "", "Unknown( 10): GUID=34f66502-e8a3-3972-e718-cb92e5c6c109 (No Format Information found).", "", "", {34f66502-e8a3-3972-e718-cb92e5c6c109}, " 10", "2026-06-06T16:19:17.471Z",        0, "", "", "2026-06-06T20:19:17.471643100Z", {00000000-0000-0000-0000-000000000000}
     Unknown,         10,           10,          0,          0,          0,          0,          0, 0x0000000000000000, 0x00000004, 0x00000230,                   11,             ,                     ,   {00000000-0000-0000-0000-000000000000},                                         ,   134252507574791836,          0,          0, "Unknown", "", "Unknown( 10): GUID=34f66502-e8a3-3972-e718-cb92e5c6c109 (No Format Information found).", "", "", {34f66502-e8a3-3972-e718-cb92e5c6c109}, " 10", "2026-06-06T16:19:17.479Z",        0, "", "", "2026-06-06T20:19:17.479183600Z", {00000000-0000-0000-0000-000000000000}
     Unknown,         10,           10,          0,          0,          0,          0,          0, 0x0000000000000000, 0x00000004, 0x00000230,                   11,             ,                     ,   {00000000-0000-0000-0000-000000000000},                                         ,   134252507574868321,          0,          0, "Unknown", "", "Unknown( 10): GUID=34f66502-e8a3-3972-e718-cb92e5c6c109 (No Format Information found).", "", "", {34f66502-e8a3-3972-e718-cb92e5c6c109}, " 10", "2026-06-06T16:19:17.486Z",        0, "", "", "2026-06-06T20:19:17.486832100Z", {00000000-0000-0000-0000-000000000000}
     Unknown,         10,           10,          0,          0,          0,          0,          0, 0x0000000000000000, 0x00000004, 0x00000230,                   11,             ,                     ,   {00000000-0000-0000-0000-000000000000},                                         ,   134252507574944288,          0,          0, "Unknown", "", "Unknown( 10): GUID=34f66502-e8a3-3972-e718-cb92e5c6c109 (No Format Information found).", "", "", {34f66502-e8a3-3972-e718-cb92e5c6c109}, " 10", "2026-06-06T16:19:17.494Z",        0, "", "", "2026-06-06T20:19:17.494428800Z", {00000000-0000-0000-0000-000000000000}
     Unknown,         10,           10,          0,          0,          0,          0,          0, 0x0000000000000000, 0x00000004, 0x00000230,                   14,             ,                     ,   {00000000-0000-0000-0000-000000000000},                                         ,   134252507575020353,          0,          0, "Unknown", "", "Unknown( 10): GUID=34f66502-e8a3-3972-e718-cb92e5c6c109 (No Format Information found).", "", "", {34f66502-e8a3-3972-e718-cb92e5c6c109}, " 10", "2026-06-06T16:19:17.502Z",        0, "", "", "2026-06-06T20:19:17.502035300Z", {00000000-0000-0000-0000-000000000000}
     Unknown,         10,           10,          0,          0,          0,          0,          0, 0x0000000000000000, 0x00000004, 0x00000230,                   15,             ,                     ,   {00000000-0000-0000-0000-000000000000},                                         ,   134252507575096778,          0,          0, "Unknown", "", "Unknown( 10): GUID=34f66502-e8a3-3972-e718-cb92e5c6c109 (No Format Information found).", "", "", {34f66502-e8a3-3972-e718-cb92e5c6c109}, " 10", "2026-06-06T16:19:17.509Z",        0, "", "", "2026-06-06T20:19:17.509677800Z", {00000000-0000-0000-0000-000000000000}
     Unknown,         10,           10,          0,          0,          0,          0,          0, 0x0000000000000000, 0x00000004, 0x00000230,                    0,             ,                     ,   {00000000-0000-0000-0000-000000000000},                                         ,   134252507575173069,          0,          0, "Unknown", "", "Unknown( 10): GUID=34f66502-e8a3-3972-e718-cb92e5c6c109 (No Format Information found).", "", "", {34f66502-e8a3-3972-e718-cb92e5c6c109}, " 10", "2026-06-06T16:19:17.517Z",        0, "", "", "2026-06-06T20:19:17.517306900Z", {00000000-0000-0000-0000-000000000000}
     Unknown,         10,           10,          0,          0,          0,          0,          0, 0x0000000000000000, 0x00000004, 0x00000230,                   14,             ,                     ,   {00000000-0000-0000-0000-000000000000},                                         ,   134252507575249031,          0,          0, "Unknown", "", "Unknown( 10): GUID=34f66502-e8a3-3972-e718-cb92e5c6c109 (No Format Information found).", "", "", {34f66502-e8a3-3972-e718-cb92e5c6c109}, " 10", "2026-06-06T16:19:17.524Z",        0, "", "", "2026-06-06T20:19:17.524903100Z", {00000000-0000-0000-0000-000000000000}
     Unknown,         10,           10,          0,          0,          0,          0,          0, 0x0000000000000000, 0x00000004, 0x00000230,                   11,             ,                     ,   {00000000-0000-0000-0000-000000000000},                                         ,   134252507575326821,          0,          0, "Unknown", "", "Unknown( 10): GUID=34f66502-e8a3-3972-e718-cb92e5c6c109 (No Format Information found).", "", "", {34f66502-e8a3-3972-e718-cb92e5c6c109}, " 10", "2026-06-06T16:19:17.532Z",        0, "", "", "2026-06-06T20:19:17.532682100Z", {00000000-0000-0000-0000-000000000000}
     Unknown,         10,           10,          0,          0,          0,          0,          0, 0x0000000000000000, 0x00000004, 0x00000230,                   11,             ,                     ,   {00000000-0000-0000-0000-000000000000},                                         ,   134252507575401335,          0,          0, "Unknown", "", "Unknown( 10): GUID=34f66502-e8a3-3972-e718-cb92e5c6c109 (No Format Information found).", "", "", {34f66502-e8a3-3972-e718-cb92e5c6c109}, " 10", "2026-06-06T16:19:17.540Z",        0, "", "", "2026-06-06T20:19:17.540133500Z", {00000000-0000-0000-0000-000000000000}
     Unknown,         10,           10,          0,          0,          0,          0,          0, 0x0000000000000000, 0x00000004, 0x00000230,                   12,             ,                     ,   {00000000-0000-0000-0000-000000000000},                                         ,   134252507575479672,          0,          0, "Unknown", "", "Unknown( 10): GUID=34f66502-e8a3-3972-e718-cb92e5c6c109 (No Format Information found).", "", "", {34f66502-e8a3-3972-e718-cb92e5c6c109}, " 10", "2026-06-06T16:19:17.547Z",        0, "", "", "2026-06-06T20:19:17.547967200Z", {00000000-0000-0000-0000-000000000000}
     Unknown,         10,           10,          0,          0,          0,          0,          0, 0x0000000000000000, 0x00000004, 0x00000230,                   11,             ,                     ,   {00000000-0000-0000-0000-000000000000},                                         ,   134252507575553607,          0,          0, "Unknown", "", "Unknown( 10): GUID=34f66502-e8a3-3972-e718-cb92e5c6c109 (No Format Information found).", "", "", {34f66502-e8a3-3972-e718-cb92e5c6c109}, " 10", "2026-06-06T16:19:17.555Z",        0, "", "", "2026-06-06T20:19:17.555360700Z", {00000000-0000-0000-0000-000000000000}
     Unknown,         10,           10,          0,          0,          0,          0,          0, 0x0000000000000000, 0x00000004, 0x00000230,                   18,             ,                     ,   {00000000-0000-0000-0000-000000000000},                                         ,   134252507575629854,          0,          0, "Unknown", "", "Unknown( 10): GUID=34f66502-e8a3-3972-e718-cb92e5c6c109 (No Format Information found).", "", "", {34f66502-e8a3-3972-e718-cb92e5c6c109}, " 10", "2026-06-06T16:19:17.562Z",        0, "", "", "2026-06-06T20:19:17.562985400Z", {00000000-0000-0000-0000-000000000000}
     Unknown,         10,           10,          0,          0,          0,          0,          0, 0x0000000000000000, 0x00000004, 0x00000230,                   16,             ,                     ,   {00000000-0000-0000-0000-000000000000},                                         ,   134252507575705187,          0,          0, "Unknown", "", "Unknown( 10): GUID=34f66502-e8a3-3972-e718-cb92e5c6c109 (No Format Information found).", "", "", {34f66502-e8a3-3972-e718-cb92e5c6c109}, " 10", "2026-06-06T16:19:17.570Z",        0, "", "", "2026-06-06T20:19:17.570518700Z", {00000000-0000-0000-0000-000000000000}
     Unknown,         10,           10,          0,          0,          0,          0,          0, 0x0000000000000000, 0x00000004, 0x00000230,                    1,             ,                     ,   {00000000-0000-0000-0000-000000000000},                                         ,   134252507575781849,          0,          0, "Unknown", "", "Unknown( 10): GUID=34f66502-e8a3-3972-e718-cb92e5c6c109 (No Format Information found).", "", "", {34f66502-e8a3-3972-e718-cb92e5c6c109}, " 10", "2026-06-06T16:19:17.578Z",        0, "", "", "2026-06-06T20:19:17.578184900Z", {00000000-0000-0000-0000-000000000000}
     Unknown,         10,           10,          0,          0,          0,          0,          0, 0x0000000000000000, 0x00000004, 0x00000230,                    0,             ,                     ,   {00000000-0000-0000-0000-000000000000},                                         ,   134252507575858602,          0,          0, "Unknown", "", "Unknown( 10): GUID=34f66502-e8a3-3972-e718-cb92e5c6c109 (No Format Information found).", "", "", {34f66502-e8a3-3972-e718-cb92e5c6c109}, " 10", "2026-06-06T16:19:17.585Z",        0, "", "", "2026-06-06T20:19:17.585860200Z", {00000000-0000-0000-0000-000000000000}
     Unknown,         10,           10,          0,          0,          0,          0,          0, 0x0000000000000000, 0x00000004, 0x00000230,                   17,             ,                     ,   {00000000-0000-0000-0000-000000000000},                                         ,   134252507575933862,          0,          0, "Unknown", "", "Unknown( 10): GUID=34f66502-e8a3-3972-e718-cb92e5c6c109 (No Format Information found).", "", "", {34f66502-e8a3-3972-e718-cb92e5c6c109}, " 10", "2026-06-06T16:19:17.593Z",        0, "", "", "2026-06-06T20:19:17.593386200Z", {00000000-0000-0000-0000-000000000000}
     Unknown,         10,           10,          0,          0,          0,          0,          0, 0x0000000000000000, 0x00000004, 0x00000230,                   11,             ,                     ,   {00000000-0000-0000-0000-000000000000},                                         ,   134252507576010094,          0,          0, "Unknown", "", "Unknown( 10): GUID=34f66502-e8a3-3972-e718-cb92e5c6c109 (No Format Information found).", "", "", {34f66502-e8a3-3972-e718-cb92e5c6c109}, " 10", "2026-06-06T16:19:17.601Z",        0, "", "", "2026-06-06T20:19:17.601009400Z", {00000000-0000-0000-0000-000000000000}
     Unknown,         10,           10,          0,          0,          0,          0,          0, 0x0000000000000000, 0x00000004, 0x00000230,                    1,             ,                     ,   {00000000-0000-0000-0000-000000000000},                                         ,   134252507576086312,          0,          0, "Unknown", "", "Unknown( 10): GUID=34f66502-e8a3-3972-e718-cb92e5c6c109 (No Format Information found).", "", "", {34f66502-e8a3-3972-e718-cb92e5c6c109}, " 10", "2026-06-06T16:19:17.608Z",        0, "", "", "2026-06-06T20:19:17.608631200Z", {00000000-0000-0000-0000-000000000000}
     Unknown,         10,           10,          0,          0,          0,          0,          0, 0x0000000000000000, 0x00000004, 0x00000230,                   11,             ,                     ,   {00000000-0000-0000-0000-000000000000},                                         ,   134252507576162308,          0,          0, "Unknown", "", "Unknown( 10): GUID=34f66502-e8a3-3972-e718-cb92e5c6c109 (No Format Information found).", "", "", {34f66502-e8a3-3972-e718-cb92e5c6c109}, " 10", "2026-06-06T16:19:17.616Z",        0, "", "", "2026-06-06T20:19:17.616230800Z", {00000000-0000-0000-0000-000000000000}
     Unknown,         10,           10,          0,          0,          0,          0,          0, 0x0000000000000000, 0x00000004, 0x00000230,                   18,             ,                     ,   {00000000-0000-0000-0000-000000000000},                                         ,   134252507576238611,          0,          0, "Unknown", "", "Unknown( 10): GUID=34f66502-e8a3-3972-e718-cb92e5c6c109 (No Format Information found).", "", "", {34f66502-e8a3-3972-e718-cb92e5c6c109}, " 10", "2026-06-06T16:19:17.623Z",        0, "", "", "2026-06-06T20:19:17.623861100Z", {00000000-0000-0000-0000-000000000000}
     Unknown,         10,           10,          0,          0,          0,          0,          0, 0x0000000000000000, 0x00000004, 0x00000230,                   11,             ,                     ,   {00000000-0000-0000-0000-000000000000},                                         ,   134252507576314480,          0,          0, "Unknown", "", "Unknown( 10): GUID=34f66502-e8a3-3972-e718-cb92e5c6c109 (No Format Information found).", "", "", {34f66502-e8a3-3972-e718-cb92e5c6c109}, " 10", "2026-06-06T16:19:17.631Z",        0, "", "", "2026-06-06T20:19:17.631448000Z", {00000000-0000-0000-0000-000000000000}
     Unknown,         10,           10,          0,          0,          0,          0,          0, 0x0000000000000000, 0x00000004, 0x00000230,                   11,             ,                     ,   {00000000-0000-0000-0000-000000000000},                                         ,   134252507576390822,          0,          0, "Unknown", "", "Unknown( 10): GUID=34f66502-e8a3-3972-e718-cb92e5c6c109 (No Format Information found).", "", "", {34f66502-e8a3-3972-e718-cb92e5c6c109}, " 10", "2026-06-06T16:19:17.639Z",        0, "", "", "2026-06-06T20:19:17.639082200Z", {00000000-0000-0000-0000-000000000000}
     Unknown,         10,           10,          0,          0,          0,          0,          0, 0x0000000000000000, 0x00000004, 0x00000230,                   18,             ,                     ,   {00000000-0000-0000-0000-000000000000},                                         ,   134252507576467053,          0,          0, "Unknown", "", "Unknown( 10): GUID=34f66502-e8a3-3972-e718-cb92e5c6c109 (No Format Information found).", "", "", {34f66502-e8a3-3972-e718-cb92e5c6c109}, " 10", "2026-06-06T16:19:17.646Z",        0, "", "", "2026-06-06T20:19:17.646705300Z", {00000000-0000-0000-0000-000000000000}
     Unknown,         10,           10,          0,          0,          0,          0,          0, 0x0000000000000000, 0x00000004, 0x00000230,                   11,             ,                     ,   {00000000-0000-0000-0000-000000000000},                                         ,   134252507576543614,          0,          0, "Unknown", "", "Unknown( 10): GUID=34f66502-e8a3-3972-e718-cb92e5c6c109 (No Format Information found).", "", "", {34f66502-e8a3-3972-e718-cb92e5c6c109}, " 10", "2026-06-06T16:19:17.654Z",        0, "", "", "2026-06-06T20:19:17.654361400Z", {00000000-0000-0000-0000-000000000000}
     Unknown,         10,           10,          0,          0,          0,          0,          0, 0x0000000000000000, 0x00000004, 0x00000230,                   16,             ,                     ,   {00000000-0000-0000-0000-000000000000},                                         ,   134252507576619583,          0,          0, "Unknown", "", "Unknown( 10): GUID=34f66502-e8a3-3972-e718-cb92e5c6c109 (No Format Information found).", "", "", {34f66502-e8a3-3972-e718-cb92e5c6c109}, " 10", "2026-06-06T16:19:17.661Z",        0, "", "", "2026-06-06T20:19:17.661958300Z", {00000000-0000-0000-0000-000000000000}
     Unknown,         10,           10,          0,          0,          0,          0,          0, 0x0000000000000000, 0x00000004, 0x00000230,                   18,             ,                     ,   {00000000-0000-0000-0000-000000000000},                                         ,   134252507576695324,          0,          0, "Unknown", "", "Unknown( 10): GUID=34f66502-e8a3-3972-e718-cb92e5c6c109 (No Format Information found).", "", "", {34f66502-e8a3-3972-e718-cb92e5c6c109}, " 10", "2026-06-06T16:19:17.669Z",        0, "", "", "2026-06-06T20:19:17.669532400Z", {00000000-0000-0000-0000-000000000000}
     Unknown,         10,           10,          0,          0,          0,          0,          0, 0x0000000000000000, 0x00000004, 0x00000230,                    0,             ,                     ,   {00000000-0000-0000-0000-000000000000},                                         ,   134252507576770822,          0,          0, "Unknown", "", "Unknown( 10): GUID=34f66502-e8a3-3972-e718-cb92e5c6c109 (No Format Information found).", "", "", {34f66502-e8a3-3972-e718-cb92e5c6c109}, " 10", "2026-06-06T16:19:17.677Z",        0, "", "", "2026-06-06T20:19:17.677082200Z", {00000000-0000-0000-0000-000000000000}
     Unknown,         10,           10,          0,          0,          0,          0,          0, 0x0000000000000000, 0x00000004, 0x00000230,                   14,             ,                     ,   {00000000-0000-0000-0000-000000000000},                                         ,   134252507576847065,          0,          0, "Unknown", "", "Unknown( 10): GUID=34f66502-e8a3-3972-e718-cb92e5c6c109 (No Format Information found).", "", "", {34f66502-e8a3-3972-e718-cb92e5c6c109}, " 10", "2026-06-06T16:19:17.684Z",        0, "", "", "2026-06-06T20:19:17.684706500Z", {00000000-0000-0000-0000-000000000000}
     Unknown,         10,           10,          0,          0,          0,          0,          0, 0x0000000000000000, 0x00000004, 0x00000230,                   16,             ,                     ,   {00000000-0000-0000-0000-000000000000},                                         ,   134252507576923374,          0,          0, "Unknown", "", "Unknown( 10): GUID=34f66502-e8a3-3972-e718-cb92e5c6c109 (No Format Information found).", "", "", {34f66502-e8a3-3972-e718-cb92e5c6c109}, " 10", "2026-06-06T16:19:17.692Z",        0, "", "", "2026-06-06T20:19:17.692337400Z", {00000000-0000-0000-0000-000000000000}
     Unknown,         10,           10,          0,          0,          0,          0,          0, 0x0000000000000000, 0x00000004, 0x00000230,                   16,             ,                     ,   {00000000-0000-0000-0000-000000000000},                                         ,   134252507576999827,          0,          0, "Unknown", "", "Unknown( 10): GUID=34f66502-e8a3-3972-e718-cb92e5c6c109 (No Format Information found).", "", "", {34f66502-e8a3-3972-e718-cb92e5c6c109}, " 10", "2026-06-06T16:19:17.699Z",        0, "", "", "2026-06-06T20:19:17.699982700Z", {00000000-0000-0000-0000-000000000000}
     Unknown,         10,           10,          0,          0,          0,          0,          0, 0x0000000000000000, 0x00000004, 0x00000230,                   15,             ,                     ,   {00000000-0000-0000-0000-000000000000},                                         ,   134252507577075134,          0,          0, "Unknown", "", "Unknown( 10): GUID=34f66502-e8a3-3972-e718-cb92e5c6c109 (No Format Information found).", "", "", {34f66502-e8a3-3972-e718-cb92e5c6c109}, " 10", "2026-06-06T16:19:17.707Z",        0, "", "", "2026-06-06T20:19:17.707513400Z", {00000000-0000-0000-0000-000000000000}
     Unknown,         10,           10,          0,          0,          0,          0,          0, 0x0000000000000000, 0x00000004, 0x00000230,                   16,             ,                     ,   {00000000-0000-0000-0000-000000000000},                                         ,   134252507577151552,          0,          0, "Unknown", "", "Unknown( 10): GUID=34f66502-e8a3-3972-e718-cb92e5c6c109 (No Format Information found).", "", "", {34f66502-e8a3-3972-e718-cb92e5c6c109}, " 10", "2026-06-06T16:19:17.715Z",        0, "", "", "2026-06-06T20:19:17.715155200Z", {00000000-0000-0000-0000-000000000000}
     Unknown,         10,           10,          0,          0,          0,          0,          0, 0x0000000000000000, 0x00000004, 0x00000230,                   16,             ,                     ,   {00000000-0000-0000-0000-000000000000},                                         ,   134252507577227413,          0,          0, "Unknown", "", "Unknown( 10): GUID=34f66502-e8a3-3972-e718-cb92e5c6c109 (No Format Information found).", "", "", {34f66502-e8a3-3972-e718-cb92e5c6c109}, " 10", "2026-06-06T16:19:17.722Z",        0, "", "", "2026-06-06T20:19:17.722741300Z", {00000000-0000-0000-0000-000000000000}
     Unknown,         10,           10,          0,          0,          0,          0,          0, 0x0000000000000000, 0x00000004, 0x00000230,                   17,             ,                     ,   {00000000-0000-0000-0000-000000000000},                                         ,   134252507577299819,          0,          0, "Unknown", "", "Unknown( 10): GUID=34f66502-e8a3-3972-e718-cb92e5c6c109 (No Format Information found).", "", "", {34f66502-e8a3-3972-e718-cb92e5c6c109}, " 10", "2026-06-06T16:19:17.729Z",        0, "", "", "2026-06-06T20:19:17.729981900Z", {00000000-0000-0000-0000-000000000000}
     Unknown,         10,           10,          0,          0,          0,          0,          0, 0x0000000000000000, 0x00000004, 0x00000230,                   10,             ,                     ,   {00000000-0000-0000-0000-000000000000},                                         ,   134252507579511076,          0,          0, "Unknown", "", "Unknown( 10): GUID=34f66502-e8a3-3972-e718-cb92e5c6c109 (No Format Information found).", "", "", {34f66502-e8a3-3972-e718-cb92e5c6c109}, " 10", "2026-06-06T16:19:17.951Z",        0, "", "", "2026-06-06T20:19:17.951107600Z", {00000000-0000-0000-0000-000000000000}
     Unknown,         10,           10,          0,          0,          0,          0,          0, 0x0000000000000000, 0x00000004, 0x00000230,                   11,             ,                     ,   {00000000-0000-0000-0000-000000000000},                                         ,   134252507579586324,          0,          0, "Unknown", "", "Unknown( 10): GUID=34f66502-e8a3-3972-e718-cb92e5c6c109 (No Format Information found).", "", "", {34f66502-e8a3-3972-e718-cb92e5c6c109}, " 10", "2026-06-06T16:19:17.958Z",        0, "", "", "2026-06-06T20:19:17.958632400Z", {00000000-0000-0000-0000-000000000000}
     Unknown,         10,           10,          0,          0,          0,          0,          0, 0x0000000000000000, 0x00000004, 0x00000230,                   11,             ,                     ,   {00000000-0000-0000-0000-000000000000},                                         ,   134252507579662240,          0,          0, "Unknown", "", "Unknown( 10): GUID=34f66502-e8a3-3972-e718-cb92e5c6c109 (No Format Information found).", "", "", {34f66502-e8a3-3972-e718-cb92e5c6c109}, " 10", "2026-06-06T16:19:17.966Z",        0, "", "", "2026-06-06T20:19:17.966224000Z", {00000000-0000-0000-0000-000000000000}
     Unknown,         10,           10,          0,          0,          0,          0,          0, 0x0000000000000000, 0x00000004, 0x00000230,                   11,             ,                     ,   {00000000-0000-0000-0000-000000000000},                                         ,   134252507579739892,          0,          0, "Unknown", "", "Unknown( 10): GUID=34f66502-e8a3-3972-e718-cb92e5c6c109 (No Format Information found).", "", "", {34f66502-e8a3-3972-e718-cb92e5c6c109}, " 10", "2026-06-06T16:19:17.973Z",        0, "", "", "2026-06-06T20:19:17.973989200Z", {00000000-0000-0000-0000-000000000000}
     Unknown,         10,           10,          0,          0,          0,          0,          0, 0x0000000000000000, 0x00000004, 0x00000230,                   11,             ,                     ,   {00000000-0000-0000-0000-000000000000},                                         ,   134252507579815910,          0,          0, "Unknown", "", "Unknown( 10): GUID=34f66502-e8a3-3972-e718-cb92e5c6c109 (No Format Information found).", "", "", {34f66502-e8a3-3972-e718-cb92e5c6c109}, " 10", "2026-06-06T16:19:17.981Z",        0, "", "", "2026-06-06T20:19:17.981591000Z", {00000000-0000-0000-0000-000000000000}
     Unknown,         10,           10,          0,          0,          0,          0,          0, 0x0000000000000000, 0x00000004, 0x00000230,                   11,             ,                     ,   {00000000-0000-0000-0000-000000000000},                                         ,   134252507579891672,          0,          0, "Unknown", "", "Unknown( 10): GUID=34f66502-e8a3-3972-e718-cb92e5c6c109 (No Format Information found).", "", "", {34f66502-e8a3-3972-e718-cb92e5c6c109}, " 10", "2026-06-06T16:19:17.989Z",        0, "", "", "2026-06-06T20:19:17.989167200Z", {00000000-0000-0000-0000-000000000000}
     Unknown,         10,           10,          0,          0,          0,          0,          0, 0x0000000000000000, 0x00000004, 0x00000230,                   11,             ,                     ,   {00000000-0000-0000-0000-000000000000},                                         ,   134252507579967972,          0,          0, "Unknown", "", "Unknown( 10): GUID=34f66502-e8a3-3972-e718-cb92e5c6c109 (No Format Information found).", "", "", {34f66502-e8a3-3972-e718-cb92e5c6c109}, " 10", "2026-06-06T16:19:17.996Z",        0, "", "", "2026-06-06T20:19:17.996797200Z", {00000000-0000-0000-0000-000000000000}
     Unknown,         10,           10,          0,          0,          0,          0,          0, 0x0000000000000000, 0x00000004, 0x00000230,                   13,             ,                     ,   {00000000-0000-0000-0000-000000000000},                                         ,   134252507580043672,          0,          0, "Unknown", "", "Unknown( 10): GUID=34f66502-e8a3-3972-e718-cb92e5c6c109 (No Format Information found).", "", "", {34f66502-e8a3-3972-e718-cb92e5c6c109}, " 10", "2026-06-06T16:19:18.004Z",        0, "", "", "2026-06-06T20:19:18.004367200Z", {00000000-0000-0000-0000-000000000000}
     Unknown,         10,           10,          0,          0,          0,          0,          0, 0x0000000000000000, 0x00000004, 0x00000230,                   11,             ,                     ,   {00000000-0000-0000-0000-000000000000},                                         ,   134252507580119828,          0,          0, "Unknown", "", "Unknown( 10): GUID=34f66502-e8a3-3972-e718-cb92e5c6c109 (No Format Information found).", "", "", {34f66502-e8a3-3972-e718-cb92e5c6c109}, " 10", "2026-06-06T16:19:18.011Z",        0, "", "", "2026-06-06T20:19:18.011982800Z", {00000000-0000-0000-0000-000000000000}
     Unknown,         10,           10,          0,          0,          0,          0,          0, 0x0000000000000000, 0x00000004, 0x00000230,                   11,             ,                     ,   {00000000-0000-0000-0000-000000000000},                                         ,   134252507580196094,          0,          0, "Unknown", "", "Unknown( 10): GUID=34f66502-e8a3-3972-e718-cb92e5c6c109 (No Format Information found).", "", "", {34f66502-e8a3-3972-e718-cb92e5c6c109}, " 10", "2026-06-06T16:19:18.019Z",        0, "", "", "2026-06-06T20:19:18.019609400Z", {00000000-0000-0000-0000-000000000000}
     Unknown,         10,           10,          0,          0,          0,          0,          0, 0x0000000000000000, 0x00000004, 0x00000230,                   10,             ,                     ,   {00000000-0000-0000-0000-000000000000},                                         ,   134252507580273113,          0,          0, "Unknown", "", "Unknown( 10): GUID=34f66502-e8a3-3972-e718-cb92e5c6c109 (No Format Information found).", "", "", {34f66502-e8a3-3972-e718-cb92e5c6c109}, " 10", "2026-06-06T16:19:18.027Z",        0, "", "", "2026-06-06T20:19:18.027311300Z", {00000000-0000-0000-0000-000000000000}
     Unknown,         10,           10,          0,          0,          0,          0,          0, 0x0000000000000000, 0x00000004, 0x00000230,                   14,             ,                     ,   {00000000-0000-0000-0000-000000000000},                                         ,   134252507580348469,          0,          0, "Unknown", "", "Unknown( 10): GUID=34f66502-e8a3-3972-e718-cb92e5c6c109 (No Format Information found).", "", "", {34f66502-e8a3-3972-e718-cb92e5c6c109}, " 10", "2026-06-06T16:19:18.034Z",        0, "", "", "2026-06-06T20:19:18.034846900Z", {00000000-0000-0000-0000-000000000000}
     Unknown,         10,           10,          0,          0,          0,          0,          0, 0x0000000000000000, 0x00000004, 0x00000230,                   10,             ,                     ,   {00000000-0000-0000-0000-000000000000},                                         ,   134252507580425860,          0,          0, "Unknown", "", "Unknown( 10): GUID=34f66502-e8a3-3972-e718-cb92e5c6c109 (No Format Information found).", "", "", {34f66502-e8a3-3972-e718-cb92e5c6c109}, " 10", "2026-06-06T16:19:18.042Z",        0, "", "", "2026-06-06T20:19:18.042586000Z", {00000000-0000-0000-0000-000000000000}
     Unknown,         10,           10,          0,          0,          0,          0,          0, 0x0000000000000000, 0x00000004, 0x00000230,                   14,             ,                     ,   {00000000-0000-0000-0000-000000000000},                                         ,   134252507580503341,          0,          0, "Unknown", "", "Unknown( 10): GUID=34f66502-e8a3-3972-e718-cb92e5c6c109 (No Format Information found).", "", "", {34f66502-e8a3-3972-e718-cb92e5c6c109}, " 10", "2026-06-06T16:19:18.050Z",        0, "", "", "2026-06-06T20:19:18.050334100Z", {00000000-0000-0000-0000-000000000000}
     Unknown,         10,           10,          0,          0,          0,          0,          0, 0x0000000000000000, 0x00000004, 0x00000230,                   11,             ,                     ,   {00000000-0000-0000-0000-000000000000},                                         ,   134252507580576969,          0,          0, "Unknown", "", "Unknown( 10): GUID=34f66502-e8a3-3972-e718-cb92e5c6c109 (No Format Information found).", "", "", {34f66502-e8a3-3972-e718-cb92e5c6c109}, " 10", "2026-06-06T16:19:18.057Z",        0, "", "", "2026-06-06T20:19:18.057696900Z", {00000000-0000-0000-0000-000000000000}
     Unknown,         10,           10,          0,          0,          0,          0,          0, 0x0000000000000000, 0x00000004, 0x00000230,                   16,             ,                     ,   {00000000-0000-0000-0000-000000000000},                                         ,   134252507580652131,          0,          0, "Unknown", "", "Unknown( 10): GUID=34f66502-e8a3-3972-e718-cb92e5c6c109 (No Format Information found).", "", "", {34f66502-e8a3-3972-e718-cb92e5c6c109}, " 10", "2026-06-06T16:19:18.065Z",        0, "", "", "2026-06-06T20:19:18.065213100Z", {00000000-0000-0000-0000-000000000000}
     Unknown,         10,           10,          0,          0,          0,          0,          0, 0x0000000000000000, 0x00000004, 0x00000230,                   11,             ,                     ,   {00000000-0000-0000-0000-000000000000},                                         ,   134252507580728896,          0,          0, "Unknown", "", "Unknown( 10): GUID=34f66502-e8a3-3972-e718-cb92e5c6c109 (No Format Information found).", "", "", {34f66502-e8a3-3972-e718-cb92e5c6c109}, " 10", "2026-06-06T16:19:18.072Z",        0, "", "", "2026-06-06T20:19:18.072889600Z", {00000000-0000-0000-0000-000000000000}
     Unknown,         10,           10,          0,          0,          0,          0,          0, 0x0000000000000000, 0x00000004, 0x00000230,                   11,             ,                     ,   {00000000-0000-0000-0000-000000000000},                                         ,   134252507580805456,          0,          0, "Unknown", "", "Unknown( 10): GUID=34f66502-e8a3-3972-e718-cb92e5c6c109 (No Format Information found).", "", "", {34f66502-e8a3-3972-e718-cb92e5c6c109}, " 10", "2026-06-06T16:19:18.080Z",        0, "", "", "2026-06-06T20:19:18.080545600Z", {00000000-0000-0000-0000-000000000000}
     Unknown,         10,           10,          0,          0,          0,          0,          0, 0x0000000000000000, 0x00000004, 0x00000230,                   11,             ,                     ,   {00000000-0000-0000-0000-000000000000},                                         ,   134252507580881192,          0,          0, "Unknown", "", "Unknown( 10): GUID=34f66502-e8a3-3972-e718-cb92e5c6c109 (No Format Information found).", "", "", {34f66502-e8a3-3972-e718-cb92e5c6c109}, " 10", "2026-06-06T16:19:18.088Z",        0, "", "", "2026-06-06T20:19:18.088119200Z", {00000000-0000-0000-0000-000000000000}
     Unknown,         10,           10,          0,          0,          0,          0,          0, 0x0000000000000000, 0x00000004, 0x00000230,                   13,             ,                     ,   {00000000-0000-0000-0000-000000000000},                                         ,   134252507580957233,          0,          0, "Unknown", "", "Unknown( 10): GUID=34f66502-e8a3-3972-e718-cb92e5c6c109 (No Format Information found).", "", "", {34f66502-e8a3-3972-e718-cb92e5c6c109}, " 10", "2026-06-06T16:19:18.095Z",        0, "", "", "2026-06-06T20:19:18.095723300Z", {00000000-0000-0000-0000-000000000000}
     Unknown,         10,           10,          0,          0,          0,          0,          0, 0x0000000000000000, 0x00000004, 0x00000230,                   13,             ,                     ,   {00000000-0000-0000-0000-000000000000},                                         ,   134252507581032986,          0,          0, "Unknown", "", "Unknown( 10): GUID=34f66502-e8a3-3972-e718-cb92e5c6c109 (No Format Information found).", "", "", {34f66502-e8a3-3972-e718-cb92e5c6c109}, " 10", "2026-06-06T16:19:18.103Z",        0, "", "", "2026-06-06T20:19:18.103298600Z", {00000000-0000-0000-0000-000000000000}
     Unknown,         10,           10,          0,          0,          0,          0,          0, 0x0000000000000000, 0x00000004, 0x00000230,                   12,             ,                     ,   {00000000-0000-0000-0000-000000000000},                                         ,   134252507581110323,          0,          0, "Unknown", "", "Unknown( 10): GUID=34f66502-e8a3-3972-e718-cb92e5c6c109 (No Format Information found).", "", "", {34f66502-e8a3-3972-e718-cb92e5c6c109}, " 10", "2026-06-06T16:19:18.111Z",        0, "", "", "2026-06-06T20:19:18.111032300Z", {00000000-0000-0000-0000-000000000000}
     Unknown,         10,           10,          0,          0,          0,          0,          0, 0x0000000000000000, 0x00000004, 0x00000230,                   11,             ,                     ,   {00000000-0000-0000-0000-000000000000},                                         ,   134252507581186783,          0,          0, "Unknown", "", "Unknown( 10): GUID=34f66502-e8a3-3972-e718-cb92e5c6c109 (No Format Information found).", "", "", {34f66502-e8a3-3972-e718-cb92e5c6c109}, " 10", "2026-06-06T16:19:18.118Z",        0, "", "", "2026-06-06T20:19:18.118678300Z", {00000000-0000-0000-0000-000000000000}
     Unknown,         10,           10,          0,          0,          0,          0,          0, 0x0000000000000000, 0x00000004, 0x00000230,                   14,             ,                     ,   {00000000-0000-0000-0000-000000000000},                                         ,   134252507581262388,          0,          0, "Unknown", "", "Unknown( 10): GUID=34f66502-e8a3-3972-e718-cb92e5c6c109 (No Format Information found).", "", "", {34f66502-e8a3-3972-e718-cb92e5c6c109}, " 10", "2026-06-06T16:19:18.126Z",        0, "", "", "2026-06-06T20:19:18.126238800Z", {00000000-0000-0000-0000-000000000000}
     Unknown,         10,           10,          0,          0,          0,          0,          0, 0x0000000000000000, 0x00000004, 0x00000230,                   11,             ,                     ,   {00000000-0000-0000-0000-000000000000},                                         ,   134252507581338826,          0,          0, "Unknown", "", "Unknown( 10): GUID=34f66502-e8a3-3972-e718-cb92e5c6c109 (No Format Information found).", "", "", {34f66502-e8a3-3972-e718-cb92e5c6c109}, " 10", "2026-06-06T16:19:18.133Z",        0, "", "", "2026-06-06T20:19:18.133882600Z", {00000000-0000-0000-0000-000000000000}
     Unknown,         10,           10,          0,          0,          0,          0,          0, 0x0000000000000000, 0x00000004, 0x00000230,                   11,             ,                     ,   {00000000-0000-0000-0000-000000000000},                                         ,   134252507581414543,          0,          0, "Unknown", "", "Unknown( 10): GUID=34f66502-e8a3-3972-e718-cb92e5c6c109 (No Format Information found).", "", "", {34f66502-e8a3-3972-e718-cb92e5c6c109}, " 10", "2026-06-06T16:19:18.141Z",        0, "", "", "2026-06-06T20:19:18.141454300Z", {00000000-0000-0000-0000-000000000000}
     Unknown,         10,           10,          0,          0,          0,          0,          0, 0x0000000000000000, 0x00000004, 0x00000230,                   13,             ,                     ,   {00000000-0000-0000-0000-000000000000},                                         ,   134252507581492222,          0,          0, "Unknown", "", "Unknown( 10): GUID=34f66502-e8a3-3972-e718-cb92e5c6c109 (No Format Information found).", "", "", {34f66502-e8a3-3972-e718-cb92e5c6c109}, " 10", "2026-06-06T16:19:18.149Z",        0, "", "", "2026-06-06T20:19:18.149222200Z", {00000000-0000-0000-0000-000000000000}
     Unknown,         10,           10,          0,          0,          0,          0,          0, 0x0000000000000000, 0x00000004, 0x00000230,                   11,             ,                     ,   {00000000-0000-0000-0000-000000000000},                                         ,   134252507581569345,          0,          0, "Unknown", "", "Unknown( 10): GUID=34f66502-e8a3-3972-e718-cb92e5c6c109 (No Format Information found).", "", "", {34f66502-e8a3-3972-e718-cb92e5c6c109}, " 10", "2026-06-06T16:19:18.156Z",        0, "", "", "2026-06-06T20:19:18.156934500Z", {00000000-0000-0000-0000-000000000000}
     Unknown,         10,           10,          0,          0,          0,          0,          0, 0x0000000000000000, 0x00000004, 0x00000230,                   11,             ,                     ,   {00000000-0000-0000-0000-000000000000},                                         ,   134252507581643620,          0,          0, "Unknown", "", "Unknown( 10): GUID=34f66502-e8a3-3972-e718-cb92e5c6c109 (No Format Information found).", "", "", {34f66502-e8a3-3972-e718-cb92e5c6c109}, " 10", "2026-06-06T16:19:18.164Z",        0, "", "", "2026-06-06T20:19:18.164362000Z", {00000000-0000-0000-0000-000000000000}
     Unknown,         10,           10,          0,          0,          0,          0,          0, 0x0000000000000000, 0x00000004, 0x00000230,                   13,             ,                     ,   {00000000-0000-0000-0000-000000000000},                                         ,   134252507581719285,          0,          0, "Unknown", "", "Unknown( 10): GUID=34f66502-e8a3-3972-e718-cb92e5c6c109 (No Format Information found).", "", "", {34f66502-e8a3-3972-e718-cb92e5c6c109}, " 10", "2026-06-06T16:19:18.171Z",        0, "", "", "2026-06-06T20:19:18.171928500Z", {00000000-0000-0000-0000-000000000000}
     Unknown,         10,           10,          0,          0,          0,          0,          0, 0x0000000000000000, 0x00000004, 0x00000230,                   13,             ,                     ,   {00000000-0000-0000-0000-000000000000},                                         ,   134252507581795883,          0,          0, "Unknown", "", "Unknown( 10): GUID=34f66502-e8a3-3972-e718-cb92e5c6c109 (No Format Information found).", "", "", {34f66502-e8a3-3972-e718-cb92e5c6c109}, " 10", "2026-06-06T16:19:18.179Z",        0, "", "", "2026-06-06T20:19:18.179588300Z", {00000000-0000-0000-0000-000000000000}
     Unknown,         10,           10,          0,          0,          0,          0,          0, 0x0000000000000000, 0x00000004, 0x00000230,                   11,             ,                     ,   {00000000-0000-0000-0000-000000000000},                                         ,   134252507581872577,          0,          0, "Unknown", "", "Unknown( 10): GUID=34f66502-e8a3-3972-e718-cb92e5c6c109 (No Format Information found).", "", "", {34f66502-e8a3-3972-e718-cb92e5c6c109}, " 10", "2026-06-06T16:19:18.187Z",        0, "", "", "2026-06-06T20:19:18.187257700Z", {00000000-0000-0000-0000-000000000000}
     Unknown,         10,           10,          0,          0,          0,          0,          0, 0x0000000000000000, 0x00000004, 0x00000230,                   16,             ,                     ,   {00000000-0000-0000-0000-000000000000},                                         ,   134252507581948323,          0,          0, "Unknown", "", "Unknown( 10): GUID=34f66502-e8a3-3972-e718-cb92e5c6c109 (No Format Information found).", "", "", {34f66502-e8a3-3972-e718-cb92e5c6c109}, " 10", "2026-06-06T16:19:18.194Z",        0, "", "", "2026-06-06T20:19:18.194832300Z", {00000000-0000-0000-0000-000000000000}
     Unknown,         10,           10,          0,          0,          0,          0,          0, 0x0000000000000000, 0x00000004, 0x00000230,                   13,             ,                     ,   {00000000-0000-0000-0000-000000000000},                                         ,   134252507582023760,          0,          0, "Unknown", "", "Unknown( 10): GUID=34f66502-e8a3-3972-e718-cb92e5c6c109 (No Format Information found).", "", "", {34f66502-e8a3-3972-e718-cb92e5c6c109}, " 10", "2026-06-06T16:19:18.202Z",        0, "", "", "2026-06-06T20:19:18.202376000Z", {00000000-0000-0000-0000-000000000000}
     Unknown,         10,           10,          0,          0,          0,          0,          0, 0x0000000000000000, 0x00000004, 0x00000230,                   11,             ,                     ,   {00000000-0000-0000-0000-000000000000},                                         ,   134252507582100182,          0,          0, "Unknown", "", "Unknown( 10): GUID=34f66502-e8a3-3972-e718-cb92e5c6c109 (No Format Information found).", "", "", {34f66502-e8a3-3972-e718-cb92e5c6c109}, " 10", "2026-06-06T16:19:18.210Z",        0, "", "", "2026-06-06T20:19:18.210018200Z", {00000000-0000-0000-0000-000000000000}
     Unknown,         10,           10,          0,          0,          0,          0,          0, 0x0000000000000000, 0x00000004, 0x00000230,                   11,             ,                     ,   {00000000-0000-0000-0000-000000000000},                                         ,   134252507582178343,          0,          0, "Unknown", "", "Unknown( 10): GUID=34f66502-e8a3-3972-e718-cb92e5c6c109 (No Format Information found).", "", "", {34f66502-e8a3-3972-e718-cb92e5c6c109}, " 10", "2026-06-06T16:19:18.217Z",        0, "", "", "2026-06-06T20:19:18.217834300Z", {00000000-0000-0000-0000-000000000000}
     Unknown,         10,           10,          0,          0,          0,          0,          0, 0x0000000000000000, 0x00000004, 0x00000230,                   13,             ,                     ,   {00000000-0000-0000-0000-000000000000},                                         ,   134252507582253018,          0,          0, "Unknown", "", "Unknown( 10): GUID=34f66502-e8a3-3972-e718-cb92e5c6c109 (No Format Information found).", "", "", {34f66502-e8a3-3972-e718-cb92e5c6c109}, " 10", "2026-06-06T16:19:18.225Z",        0, "", "", "2026-06-06T20:19:18.225301800Z", {00000000-0000-0000-0000-000000000000}
     Unknown,         10,           10,          0,          0,          0,          0,          0, 0x0000000000000000, 0x00000004, 0x00000230,                   13,             ,                     ,   {00000000-0000-0000-0000-000000000000},                                         ,   134252507582328992,          0,          0, "Unknown", "", "Unknown( 10): GUID=34f66502-e8a3-3972-e718-cb92e5c6c109 (No Format Information found).", "", "", {34f66502-e8a3-3972-e718-cb92e5c6c109}, " 10", "2026-06-06T16:19:18.232Z",        0, "", "", "2026-06-06T20:19:18.232899200Z", {00000000-0000-0000-0000-000000000000}
     Unknown,         10,           10,          0,          0,          0,          0,          0, 0x0000000000000000, 0x00000004, 0x00000230,                   11,             ,                     ,   {00000000-0000-0000-0000-000000000000},                                         ,   134252507582405020,          0,          0, "Unknown", "", "Unknown( 10): GUID=34f66502-e8a3-3972-e718-cb92e5c6c109 (No Format Information found).", "", "", {34f66502-e8a3-3972-e718-cb92e5c6c109}, " 10", "2026-06-06T16:19:18.240Z",        0, "", "", "2026-06-06T20:19:18.240502000Z", {00000000-0000-0000-0000-000000000000}
     Unknown,         10,           10,          0,          0,          0,          0,          0, 0x0000000000000000, 0x00000004, 0x00000230,                   11,             ,                     ,   {00000000-0000-0000-0000-000000000000},                                         ,   134252507582481938,          0,          0, "Unknown", "", "Unknown( 10): GUID=34f66502-e8a3-3972-e718-cb92e5c6c109 (No Format Information found).", "", "", {34f66502-e8a3-3972-e718-cb92e5c6c109}, " 10", "2026-06-06T16:19:18.248Z",        0, "", "", "2026-06-06T20:19:18.248193800Z", {00000000-0000-0000-0000-000000000000}
     Unknown,         10,           10,          0,          0,          0,          0,          0, 0x0000000000000000, 0x00000004, 0x00000230,                   11,             ,                     ,   {00000000-0000-0000-0000-000000000000},                                         ,   134252507582557475,          0,          0, "Unknown", "", "Unknown( 10): GUID=34f66502-e8a3-3972-e718-cb92e5c6c109 (No Format Information found).", "", "", {34f66502-e8a3-3972-e718-cb92e5c6c109}, " 10", "2026-06-06T16:19:18.255Z",        0, "", "", "2026-06-06T20:19:18.255747500Z", {00000000-0000-0000-0000-000000000000}
     Unknown,         10,           10,          0,          0,          0,          0,          0, 0x0000000000000000, 0x00000004, 0x00000230,                   11,             ,                     ,   {00000000-0000-0000-0000-000000000000},                                         ,   134252507582633375,          0,          0, "Unknown", "", "Unknown( 10): GUID=34f66502-e8a3-3972-e718-cb92e5c6c109 (No Format Information found).", "", "", {34f66502-e8a3-3972-e718-cb92e5c6c109}, " 10", "2026-06-06T16:19:18.263Z",        0, "", "", "2026-06-06T20:19:18.263337500Z", {00000000-0000-0000-0000-000000000000}
     Unknown,         10,           10,          0,          0,          0,          0,          0, 0x0000000000000000, 0x00000004, 0x00000230,                   13,             ,                     ,   {00000000-0000-0000-0000-000000000000},                                         ,   134252507582709841,          0,          0, "Unknown", "", "Unknown( 10): GUID=34f66502-e8a3-3972-e718-cb92e5c6c109 (No Format Information found).", "", "", {34f66502-e8a3-3972-e718-cb92e5c6c109}, " 10", "2026-06-06T16:19:18.270Z",        0, "", "", "2026-06-06T20:19:18.270984100Z", {00000000-0000-0000-0000-000000000000}
     Unknown,         10,           10,          0,          0,          0,          0,          0, 0x0000000000000000, 0x00000004, 0x00000230,                   15,             ,                     ,   {00000000-0000-0000-0000-000000000000},                                         ,   134252507582786058,          0,          0, "Unknown", "", "Unknown( 10): GUID=34f66502-e8a3-3972-e718-cb92e5c6c109 (No Format Information found).", "", "", {34f66502-e8a3-3972-e718-cb92e5c6c109}, " 10", "2026-06-06T16:19:18.278Z",        0, "", "", "2026-06-06T20:19:18.278605800Z", {00000000-0000-0000-0000-000000000000}
     Unknown,         10,           10,          0,          0,          0,          0,          0, 0x0000000000000000, 0x00000004, 0x00000230,                   11,             ,                     ,   {00000000-0000-0000-0000-000000000000},                                         ,   134252507582862858,          0,          0, "Unknown", "", "Unknown( 10): GUID=34f66502-e8a3-3972-e718-cb92e5c6c109 (No Format Information found).", "", "", {34f66502-e8a3-3972-e718-cb92e5c6c109}, " 10", "2026-06-06T16:19:18.286Z",        0, "", "", "2026-06-06T20:19:18.286285800Z", {00000000-0000-0000-0000-000000000000}
     Unknown,         10,           10,          0,          0,          0,          0,          0, 0x0000000000000000, 0x00000004, 0x00000230,                   11,             ,                     ,   {00000000-0000-0000-0000-000000000000},                                         ,   134252507582937951,          0,          0, "Unknown", "", "Unknown( 10): GUID=34f66502-e8a3-3972-e718-cb92e5c6c109 (No Format Information found).", "", "", {34f66502-e8a3-3972-e718-cb92e5c6c109}, " 10", "2026-06-06T16:19:18.293Z",        0, "", "", "2026-06-06T20:19:18.293795100Z", {00000000-0000-0000-0000-000000000000}
     Unknown,         10,           10,          0,          0,          0,          0,          0, 0x0000000000000000, 0x00000004, 0x00000230,                   12,             ,                     ,   {00000000-0000-0000-0000-000000000000},                                         ,   134252507583016647,          0,          0, "Unknown", "", "Unknown( 10): GUID=34f66502-e8a3-3972-e718-cb92e5c6c109 (No Format Information found).", "", "", {34f66502-e8a3-3972-e718-cb92e5c6c109}, " 10", "2026-06-06T16:19:18.301Z",        0, "", "", "2026-06-06T20:19:18.301664700Z", {00000000-0000-0000-0000-000000000000}
     Unknown,         10,           10,          0,          0,          0,          0,          0, 0x0000000000000000, 0x00000004, 0x00000230,                   12,             ,                     ,   {00000000-0000-0000-0000-000000000000},                                         ,   134252507583089449,          0,          0, "Unknown", "", "Unknown( 10): GUID=34f66502-e8a3-3972-e718-cb92e5c6c109 (No Format Information found).", "", "", {34f66502-e8a3-3972-e718-cb92e5c6c109}, " 10", "2026-06-06T16:19:18.308Z",        0, "", "", "2026-06-06T20:19:18.308944900Z", {00000000-0000-0000-0000-000000000000}
     Unknown,         10,           10,          0,          0,          0,          0,          0, 0x0000000000000000, 0x00000004, 0x00000230,                   12,             ,                     ,   {00000000-0000-0000-0000-000000000000},                                         ,   134252507583166037,          0,          0, "Unknown", "", "Unknown( 10): GUID=34f66502-e8a3-3972-e718-cb92e5c6c109 (No Format Information found).", "", "", {34f66502-e8a3-3972-e718-cb92e5c6c109}, " 10", "2026-06-06T16:19:18.316Z",        0, "", "", "2026-06-06T20:19:18.316603700Z", {00000000-0000-0000-0000-000000000000}
     Unknown,         10,           10,          0,          0,          0,          0,          0, 0x0000000000000000, 0x00000004, 0x00000230,                   12,             ,                     ,   {00000000-0000-0000-0000-000000000000},                                         ,   134252507583242913,          0,          0, "Unknown", "", "Unknown( 10): GUID=34f66502-e8a3-3972-e718-cb92e5c6c109 (No Format Information found).", "", "", {34f66502-e8a3-3972-e718-cb92e5c6c109}, " 10", "2026-06-06T16:19:18.324Z",        0, "", "", "2026-06-06T20:19:18.324291300Z", {00000000-0000-0000-0000-000000000000}
     Unknown,         10,           10,          0,          0,          0,          0,          0, 0x0000000000000000, 0x00000004, 0x00000230,                   12,             ,                     ,   {00000000-0000-0000-0000-000000000000},                                         ,   134252507583318368,          0,          0, "Unknown", "", "Unknown( 10): GUID=34f66502-e8a3-3972-e718-cb92e5c6c109 (No Format Information found).", "", "", {34f66502-e8a3-3972-e718-cb92e5c6c109}, " 10", "2026-06-06T16:19:18.331Z",        0, "", "", "2026-06-06T20:19:18.331836800Z", {00000000-0000-0000-0000-000000000000}
     Unknown,         10,           10,          0,          0,          0,          0,          0, 0x0000000000000000, 0x00000004, 0x00000230,                   12,             ,                     ,   {00000000-0000-0000-0000-000000000000},                                         ,   134252507583394749,          0,          0, "Unknown", "", "Unknown( 10): GUID=34f66502-e8a3-3972-e718-cb92e5c6c109 (No Format Information found).", "", "", {34f66502-e8a3-3972-e718-cb92e5c6c109}, " 10", "2026-06-06T16:19:18.339Z",        0, "", "", "2026-06-06T20:19:18.339474900Z", {00000000-0000-0000-0000-000000000000}
     Unknown,         10,           10,          0,          0,          0,          0,          0, 0x0000000000000000, 0x00000004, 0x00000230,                   14,             ,                     ,   {00000000-0000-0000-0000-000000000000},                                         ,   134252507583470908,          0,          0, "Unknown", "", "Unknown( 10): GUID=34f66502-e8a3-3972-e718-cb92e5c6c109 (No Format Information found).", "", "", {34f66502-e8a3-3972-e718-cb92e5c6c109}, " 10", "2026-06-06T16:19:18.347Z",        0, "", "", "2026-06-06T20:19:18.347090800Z", {00000000-0000-0000-0000-000000000000}
     Unknown,         10,           10,          0,          0,          0,          0,          0, 0x0000000000000000, 0x00000004, 0x00000230,                   12,             ,                     ,   {00000000-0000-0000-0000-000000000000},                                         ,   134252507583547620,          0,          0, "Unknown", "", "Unknown( 10): GUID=34f66502-e8a3-3972-e718-cb92e5c6c109 (No Format Information found).", "", "", {34f66502-e8a3-3972-e718-cb92e5c6c109}, " 10", "2026-06-06T16:19:18.354Z",        0, "", "", "2026-06-06T20:19:18.354762000Z", {00000000-0000-0000-0000-000000000000}
     Unknown,         10,           10,          0,          0,          0,          0,          0, 0x0000000000000000, 0x00000004, 0x00000230,                   14,             ,                     ,   {00000000-0000-0000-0000-000000000000},                                         ,   134252507583623633,          0,          0, "Unknown", "", "Unknown( 10): GUID=34f66502-e8a3-3972-e718-cb92e5c6c109 (No Format Information found).", "", "", {34f66502-e8a3-3972-e718-cb92e5c6c109}, " 10", "2026-06-06T16:19:18.362Z",        0, "", "", "2026-06-06T20:19:18.362363300Z", {00000000-0000-0000-0000-000000000000}
     Unknown,         10,           10,          0,          0,          0,          0,          0, 0x0000000000000000, 0x00000004, 0x00000230,                   12,             ,                     ,   {00000000-0000-0000-0000-000000000000},                                         ,   134252507583699380,          0,          0, "Unknown", "", "Unknown( 10): GUID=34f66502-e8a3-3972-e718-cb92e5c6c109 (No Format Information found).", "", "", {34f66502-e8a3-3972-e718-cb92e5c6c109}, " 10", "2026-06-06T16:19:18.369Z",        0, "", "", "2026-06-06T20:19:18.369938000Z", {00000000-0000-0000-0000-000000000000}
     Unknown,         10,           10,          0,          0,          0,          0,          0, 0x0000000000000000, 0x00000004, 0x00000230,                   12,             ,                     ,   {00000000-0000-0000-0000-000000000000},                                         ,   134252507583776386,          0,          0, "Unknown", "", "Unknown( 10): GUID=34f66502-e8a3-3972-e718-cb92e5c6c109 (No Format Information found).", "", "", {34f66502-e8a3-3972-e718-cb92e5c6c109}, " 10", "2026-06-06T16:19:18.377Z",        0, "", "", "2026-06-06T20:19:18.377638600Z", {00000000-0000-0000-0000-000000000000}
     Unknown,         10,           10,          0,          0,          0,          0,          0, 0x0000000000000000, 0x00000004, 0x00000230,                   11,             ,                     ,   {00000000-0000-0000-0000-000000000000},                                         ,   134252507583851225,          0,          0, "Unknown", "", "Unknown( 10): GUID=34f66502-e8a3-3972-e718-cb92e5c6c109 (No Format Information found).", "", "", {34f66502-e8a3-3972-e718-cb92e5c6c109}, " 10", "2026-06-06T16:19:18.385Z",        0, "", "", "2026-06-06T20:19:18.385122500Z", {00000000-0000-0000-0000-000000000000}
     Unknown,         10,           10,          0,          0,          0,          0,          0, 0x0000000000000000, 0x00000004, 0x00000230,                   11,             ,                     ,   {00000000-0000-0000-0000-000000000000},                                         ,   134252507583928764,          0,          0, "Unknown", "", "Unknown( 10): GUID=34f66502-e8a3-3972-e718-cb92e5c6c109 (No Format Information found).", "", "", {34f66502-e8a3-3972-e718-cb92e5c6c109}, " 10", "2026-06-06T16:19:18.392Z",        0, "", "", "2026-06-06T20:19:18.392876400Z", {00000000-0000-0000-0000-000000000000}
     Unknown,         10,           10,          0,          0,          0,          0,          0, 0x0000000000000000, 0x00000004, 0x00000230,                   10,             ,                     ,   {00000000-0000-0000-0000-000000000000},                                         ,   134252507584003919,          0,          0, "Unknown", "", "Unknown( 10): GUID=34f66502-e8a3-3972-e718-cb92e5c6c109 (No Format Information found).", "", "", {34f66502-e8a3-3972-e718-cb92e5c6c109}, " 10", "2026-06-06T16:19:18.400Z",        0, "", "", "2026-06-06T20:19:18.400391900Z", {00000000-0000-0000-0000-000000000000}
     Unknown,         10,           10,          0,          0,          0,          0,          0, 0x0000000000000000, 0x00000004, 0x00000230,                   11,             ,                     ,   {00000000-0000-0000-0000-000000000000},                                         ,   134252507584080719,          0,          0, "Unknown", "", "Unknown( 10): GUID=34f66502-e8a3-3972-e718-cb92e5c6c109 (No Format Information found).", "", "", {34f66502-e8a3-3972-e718-cb92e5c6c109}, " 10", "2026-06-06T16:19:18.408Z",        0, "", "", "2026-06-06T20:19:18.408071900Z", {00000000-0000-0000-0000-000000000000}
     Unknown,         10,           10,          0,          0,          0,          0,          0, 0x0000000000000000, 0x00000004, 0x00000230,                   11,             ,                     ,   {00000000-0000-0000-0000-000000000000},                                         ,   134252507584157783,          0,          0, "Unknown", "", "Unknown( 10): GUID=34f66502-e8a3-3972-e718-cb92e5c6c109 (No Format Information found).", "", "", {34f66502-e8a3-3972-e718-cb92e5c6c109}, " 10", "2026-06-06T16:19:18.415Z",        0, "", "", "2026-06-06T20:19:18.415778300Z", {00000000-0000-0000-0000-000000000000}
     Unknown,         10,           10,          0,          0,          0,          0,          0, 0x0000000000000000, 0x00000004, 0x00000230,                   13,             ,                     ,   {00000000-0000-0000-0000-000000000000},                                         ,   134252507584232553,          0,          0, "Unknown", "", "Unknown( 10): GUID=34f66502-e8a3-3972-e718-cb92e5c6c109 (No Format Information found).", "", "", {34f66502-e8a3-3972-e718-cb92e5c6c109}, " 10", "2026-06-06T16:19:18.423Z",        0, "", "", "2026-06-06T20:19:18.423255300Z", {00000000-0000-0000-0000-000000000000}
     Unknown,         10,           10,          0,          0,          0,          0,          0, 0x0000000000000000, 0x00000004, 0x00000230,                   11,             ,                     ,   {00000000-0000-0000-0000-000000000000},                                         ,   134252507584309022,          0,          0, "Unknown", "", "Unknown( 10): GUID=34f66502-e8a3-3972-e718-cb92e5c6c109 (No Format Information found).", "", "", {34f66502-e8a3-3972-e718-cb92e5c6c109}, " 10", "2026-06-06T16:19:18.430Z",        0, "", "", "2026-06-06T20:19:18.430902200Z", {00000000-0000-0000-0000-000000000000}
     Unknown,         10,           10,          0,          0,          0,          0,          0, 0x0000000000000000, 0x00000004, 0x00000230,                   11,             ,                     ,   {00000000-0000-0000-0000-000000000000},                                         ,   134252507584385460,          0,          0, "Unknown", "", "Unknown( 10): GUID=34f66502-e8a3-3972-e718-cb92e5c6c109 (No Format Information found).", "", "", {34f66502-e8a3-3972-e718-cb92e5c6c109}, " 10", "2026-06-06T16:19:18.438Z",        0, "", "", "2026-06-06T20:19:18.438546000Z", {00000000-0000-0000-0000-000000000000}
     Unknown,         10,           10,          0,          0,          0,          0,          0, 0x0000000000000000, 0x00000004, 0x00000230,                   13,             ,                     ,   {00000000-0000-0000-0000-000000000000},                                         ,   134252507584461453,          0,          0, "Unknown", "", "Unknown( 10): GUID=34f66502-e8a3-3972-e718-cb92e5c6c109 (No Format Information found).", "", "", {34f66502-e8a3-3972-e718-cb92e5c6c109}, " 10", "2026-06-06T16:19:18.446Z",        0, "", "", "2026-06-06T20:19:18.446145300Z", {00000000-0000-0000-0000-000000000000}
     Unknown,         10,           10,          0,          0,          0,          0,          0, 0x0000000000000000, 0x00000004, 0x00000230,                   13,             ,                     ,   {00000000-0000-0000-0000-000000000000},                                         ,   134252507584539239,          0,          0, "Unknown", "", "Unknown( 10): GUID=34f66502-e8a3-3972-e718-cb92e5c6c109 (No Format Information found).", "", "", {34f66502-e8a3-3972-e718-cb92e5c6c109}, " 10", "2026-06-06T16:19:18.453Z",        0, "", "", "2026-06-06T20:19:18.453923900Z", {00000000-0000-0000-0000-000000000000}
     Unknown,         10,           10,          0,          0,          0,          0,          0, 0x0000000000000000, 0x00000004, 0x00000230,                   11,             ,                     ,   {00000000-0000-0000-0000-000000000000},                                         ,   134252507584614122,          0,          0, "Unknown", "", "Unknown( 10): GUID=34f66502-e8a3-3972-e718-cb92e5c6c109 (No Format Information found).", "", "", {34f66502-e8a3-3972-e718-cb92e5c6c109}, " 10", "2026-06-06T16:19:18.461Z",        0, "", "", "2026-06-06T20:19:18.461412200Z", {00000000-0000-0000-0000-000000000000}
     Unknown,         10,           10,          0,          0,          0,          0,          0, 0x0000000000000000, 0x00000004, 0x00000230,                   11,             ,                     ,   {00000000-0000-0000-0000-000000000000},                                         ,   134252507584690277,          0,          0, "Unknown", "", "Unknown( 10): GUID=34f66502-e8a3-3972-e718-cb92e5c6c109 (No Format Information found).", "", "", {34f66502-e8a3-3972-e718-cb92e5c6c109}, " 10", "2026-06-06T16:19:18.469Z",        0, "", "", "2026-06-06T20:19:18.469027700Z", {00000000-0000-0000-0000-000000000000}
     Unknown,         10,           10,          0,          0,          0,          0,          0, 0x0000000000000000, 0x00000004, 0x00000230,                   11,             ,                     ,   {00000000-0000-0000-0000-000000000000},                                         ,   134252507584766102,          0,          0, "Unknown", "", "Unknown( 10): GUID=34f66502-e8a3-3972-e718-cb92e5c6c109 (No Format Information found).", "", "", {34f66502-e8a3-3972-e718-cb92e5c6c109}, " 10", "2026-06-06T16:19:18.476Z",        0, "", "", "2026-06-06T20:19:18.476610200Z", {00000000-0000-0000-0000-000000000000}
     Unknown,         10,           10,          0,          0,          0,          0,          0, 0x0000000000000000, 0x00000004, 0x00000230,                   12,             ,                     ,   {00000000-0000-0000-0000-000000000000},                                         ,   134252507584843487,          0,          0, "Unknown", "", "Unknown( 10): GUID=34f66502-e8a3-3972-e718-cb92e5c6c109 (No Format Information found).", "", "", {34f66502-e8a3-3972-e718-cb92e5c6c109}, " 10", "2026-06-06T16:19:18.484Z",        0, "", "", "2026-06-06T20:19:18.484348700Z", {00000000-0000-0000-0000-000000000000}
     Unknown,         10,           10,          0,          0,          0,          0,          0, 0x0000000000000000, 0x00000004, 0x00000230,                   10,             ,                     ,   {00000000-0000-0000-0000-000000000000},                                         ,   134252507584918696,          0,          0, "Unknown", "", "Unknown( 10): GUID=34f66502-e8a3-3972-e718-cb92e5c6c109 (No Format Information found).", "", "", {34f66502-e8a3-3972-e718-cb92e5c6c109}, " 10", "2026-06-06T16:19:18.491Z",        0, "", "", "2026-06-06T20:19:18.491869600Z", {00000000-0000-0000-0000-000000000000}
     Unknown,         10,           10,          0,          0,          0,          0,          0, 0x0000000000000000, 0x00000004, 0x00000230,                   12,             ,                     ,   {00000000-0000-0000-0000-000000000000},                                         ,   134252507584993983,          0,          0, "Unknown", "", "Unknown( 10): GUID=34f66502-e8a3-3972-e718-cb92e5c6c109 (No Format Information found).", "", "", {34f66502-e8a3-3972-e718-cb92e5c6c109}, " 10", "2026-06-06T16:19:18.499Z",        0, "", "", "2026-06-06T20:19:18.499398300Z", {00000000-0000-0000-0000-000000000000}
     Unknown,         10,           10,          0,          0,          0,          0,          0, 0x0000000000000000, 0x00000004, 0x00000230,                   13,             ,                     ,   {00000000-0000-0000-0000-000000000000},                                         ,   134252507585070951,          0,          0, "Unknown", "", "Unknown( 10): GUID=34f66502-e8a3-3972-e718-cb92e5c6c109 (No Format Information found).", "", "", {34f66502-e8a3-3972-e718-cb92e5c6c109}, " 10", "2026-06-06T16:19:18.507Z",        0, "", "", "2026-06-06T20:19:18.507095100Z", {00000000-0000-0000-0000-000000000000}
     Unknown,         10,           10,          0,          0,          0,          0,          0, 0x0000000000000000, 0x00000004, 0x00000230,                   11,             ,                     ,   {00000000-0000-0000-0000-000000000000},                                         ,   134252507585147214,          0,          0, "Unknown", "", "Unknown( 10): GUID=34f66502-e8a3-3972-e718-cb92e5c6c109 (No Format Information found).", "", "", {34f66502-e8a3-3972-e718-cb92e5c6c109}, " 10", "2026-06-06T16:19:18.514Z",        0, "", "", "2026-06-06T20:19:18.514721400Z", {00000000-0000-0000-0000-000000000000}
     Unknown,         10,           10,          0,          0,          0,          0,          0, 0x0000000000000000, 0x00000004, 0x00000230,                   11,             ,                     ,   {00000000-0000-0000-0000-000000000000},                                         ,   134252507585223380,          0,          0, "Unknown", "", "Unknown( 10): GUID=34f66502-e8a3-3972-e718-cb92e5c6c109 (No Format Information found).", "", "", {34f66502-e8a3-3972-e718-cb92e5c6c109}, " 10", "2026-06-06T16:19:18.522Z",        0, "", "", "2026-06-06T20:19:18.522338000Z", {00000000-0000-0000-0000-000000000000}
     Unknown,         10,           10,          0,          0,          0,          0,          0, 0x0000000000000000, 0x00000004, 0x00000230,                   11,             ,                     ,   {00000000-0000-0000-0000-000000000000},                                         ,   134252507585299748,          0,          0, "Unknown", "", "Unknown( 10): GUID=34f66502-e8a3-3972-e718-cb92e5c6c109 (No Format Information found).", "", "", {34f66502-e8a3-3972-e718-cb92e5c6c109}, " 10", "2026-06-06T16:19:18.529Z",        0, "", "", "2026-06-06T20:19:18.529974800Z", {00000000-0000-0000-0000-000000000000}
     Unknown,         10,           10,          0,          0,          0,          0,          0, 0x0000000000000000, 0x00000004, 0x00000230,                    0,             ,                     ,   {00000000-0000-0000-0000-000000000000},                                         ,   134252507585375452,          0,          0, "Unknown", "", "Unknown( 10): GUID=34f66502-e8a3-3972-e718-cb92e5c6c109 (No Format Information found).", "", "", {34f66502-e8a3-3972-e718-cb92e5c6c109}, " 10", "2026-06-06T16:19:18.537Z",        0, "", "", "2026-06-06T20:19:18.537545200Z", {00000000-0000-0000-0000-000000000000}
     Unknown,         10,           10,          0,          0,          0,          0,          0, 0x0000000000000000, 0x00000004, 0x00000230,                   11,             ,                     ,   {00000000-0000-0000-0000-000000000000},                                         ,   134252507585452247,          0,          0, "Unknown", "", "Unknown( 10): GUID=34f66502-e8a3-3972-e718-cb92e5c6c109 (No Format Information found).", "", "", {34f66502-e8a3-3972-e718-cb92e5c6c109}, " 10", "2026-06-06T16:19:18.545Z",        0, "", "", "2026-06-06T20:19:18.545224700Z", {00000000-0000-0000-0000-000000000000}
     Unknown,         10,           10,          0,          0,          0,          0,          0, 0x0000000000000000, 0x00000004, 0x00000230,                   11,             ,                     ,   {00000000-0000-0000-0000-000000000000},                                         ,   134252507585529920,          0,          0, "Unknown", "", "Unknown( 10): GUID=34f66502-e8a3-3972-e718-cb92e5c6c109 (No Format Information found).", "", "", {34f66502-e8a3-3972-e718-cb92e5c6c109}, " 10", "2026-06-06T16:19:18.552Z",        0, "", "", "2026-06-06T20:19:18.552992000Z", {00000000-0000-0000-0000-000000000000}
     Unknown,         10,           10,          0,          0,          0,          0,          0, 0x0000000000000000, 0x00000004, 0x00000230,                   11,             ,                     ,   {00000000-0000-0000-0000-000000000000},                                         ,   134252507585602936,          0,          0, "Unknown", "", "Unknown( 10): GUID=34f66502-e8a3-3972-e718-cb92e5c6c109 (No Format Information found).", "", "", {34f66502-e8a3-3972-e718-cb92e5c6c109}, " 10", "2026-06-06T16:19:18.560Z",        0, "", "", "2026-06-06T20:19:18.560293600Z", {00000000-0000-0000-0000-000000000000}
     Unknown,         10,           10,          0,          0,          0,          0,          0, 0x0000000000000000, 0x00000004, 0x00000230,                   13,             ,                     ,   {00000000-0000-0000-0000-000000000000},                                         ,   134252507585679271,          0,          0, "Unknown", "", "Unknown( 10): GUID=34f66502-e8a3-3972-e718-cb92e5c6c109 (No Format Information found).", "", "", {34f66502-e8a3-3972-e718-cb92e5c6c109}, " 10", "2026-06-06T16:19:18.567Z",        0, "", "", "2026-06-06T20:19:18.567927100Z", {00000000-0000-0000-0000-000000000000}
     Unknown,         10,           10,          0,          0,          0,          0,          0, 0x0000000000000000, 0x00000004, 0x00000230,                   11,             ,                     ,   {00000000-0000-0000-0000-000000000000},                                         ,   134252507585756635,          0,          0, "Unknown", "", "Unknown( 10): GUID=34f66502-e8a3-3972-e718-cb92e5c6c109 (No Format Information found).", "", "", {34f66502-e8a3-3972-e718-cb92e5c6c109}, " 10", "2026-06-06T16:19:18.575Z",        0, "", "", "2026-06-06T20:19:18.575663500Z", {00000000-0000-0000-0000-000000000000}
     Unknown,         10,           10,          0,          0,          0,          0,          0, 0x0000000000000000, 0x00000004, 0x00000230,                   11,             ,                     ,   {00000000-0000-0000-0000-000000000000},                                         ,   134252507585831846,          0,          0, "Unknown", "", "Unknown( 10): GUID=34f66502-e8a3-3972-e718-cb92e5c6c109 (No Format Information found).", "", "", {34f66502-e8a3-3972-e718-cb92e5c6c109}, " 10", "2026-06-06T16:19:18.583Z",        0, "", "", "2026-06-06T20:19:18.583184600Z", {00000000-0000-0000-0000-000000000000}
     Unknown,         10,           10,          0,          0,          0,          0,          0, 0x0000000000000000, 0x00000004, 0x00000230,                   11,             ,                     ,   {00000000-0000-0000-0000-000000000000},                                         ,   134252507585907957,          0,          0, "Unknown", "", "Unknown( 10): GUID=34f66502-e8a3-3972-e718-cb92e5c6c109 (No Format Information found).", "", "", {34f66502-e8a3-3972-e718-cb92e5c6c109}, " 10", "2026-06-06T16:19:18.590Z",        0, "", "", "2026-06-06T20:19:18.590795700Z", {00000000-0000-0000-0000-000000000000}
     Unknown,         10,           10,          0,          0,          0,          0,          0, 0x0000000000000000, 0x00000004, 0x00000230,                   11,             ,                     ,   {00000000-0000-0000-0000-000000000000},                                         ,   134252507585984107,          0,          0, "Unknown", "", "Unknown( 10): GUID=34f66502-e8a3-3972-e718-cb92e5c6c109 (No Format Information found).", "", "", {34f66502-e8a3-3972-e718-cb92e5c6c109}, " 10", "2026-06-06T16:19:18.598Z",        0, "", "", "2026-06-06T20:19:18.598410700Z", {00000000-0000-0000-0000-000000000000}
     Unknown,         10,           10,          0,          0,          0,          0,          0, 0x0000000000000000, 0x00000004, 0x00000230,                   10,             ,                     ,   {00000000-0000-0000-0000-000000000000},                                         ,   134252507586060673,          0,          0, "Unknown", "", "Unknown( 10): GUID=34f66502-e8a3-3972-e718-cb92e5c6c109 (No Format Information found).", "", "", {34f66502-e8a3-3972-e718-cb92e5c6c109}, " 10", "2026-06-06T16:19:18.606Z",        0, "", "", "2026-06-06T20:19:18.606067300Z", {00000000-0000-0000-0000-000000000000}
     Unknown,         10,           10,          0,          0,          0,          0,          0, 0x0000000000000000, 0x00000004, 0x00000230,                   13,             ,                     ,   {00000000-0000-0000-0000-000000000000},                                         ,   134252507586138890,          0,          0, "Unknown", "", "Unknown( 10): GUID=34f66502-e8a3-3972-e718-cb92e5c6c109 (No Format Information found).", "", "", {34f66502-e8a3-3972-e718-cb92e5c6c109}, " 10", "2026-06-06T16:19:18.613Z",        0, "", "", "2026-06-06T20:19:18.613889000Z", {00000000-0000-0000-0000-000000000000}
     Unknown,         10,           10,          0,          0,          0,          0,          0, 0x0000000000000000, 0x00000004, 0x00000230,                   11,             ,                     ,   {00000000-0000-0000-0000-000000000000},                                         ,   134252507586216085,          0,          0, "Unknown", "", "Unknown( 10): GUID=34f66502-e8a3-3972-e718-cb92e5c6c109 (No Format Information found).", "", "", {34f66502-e8a3-3972-e718-cb92e5c6c109}, " 10", "2026-06-06T16:19:18.621Z",        0, "", "", "2026-06-06T20:19:18.621608500Z", {00000000-0000-0000-0000-000000000000}
     Unknown,         10,           10,          0,          0,          0,          0,          0, 0x0000000000000000, 0x00000004, 0x00000230,                   12,             ,                     ,   {00000000-0000-0000-0000-000000000000},                                         ,   134252507586291798,          0,          0, "Unknown", "", "Unknown( 10): GUID=34f66502-e8a3-3972-e718-cb92e5c6c109 (No Format Information found).", "", "", {34f66502-e8a3-3972-e718-cb92e5c6c109}, " 10", "2026-06-06T16:19:18.629Z",        0, "", "", "2026-06-06T20:19:18.629179800Z", {00000000-0000-0000-0000-000000000000}
     Unknown,         10,           10,          0,          0,          0,          0,          0, 0x0000000000000000, 0x00000004, 0x00000230,                   12,             ,                     ,   {00000000-0000-0000-0000-000000000000},                                         ,   134252507586386515,          0,          0, "Unknown", "", "Unknown( 10): GUID=34f66502-e8a3-3972-e718-cb92e5c6c109 (No Format Information found).", "", "", {34f66502-e8a3-3972-e718-cb92e5c6c109}, " 10", "2026-06-06T16:19:18.638Z",        0, "", "", "2026-06-06T20:19:18.638651500Z", {00000000-0000-0000-0000-000000000000}
     Unknown,         10,           10,          0,          0,          0,          0,          0, 0x0000000000000000, 0x00000004, 0x00000230,                   12,             ,                     ,   {00000000-0000-0000-0000-000000000000},                                         ,   134252507586448707,          0,          0, "Unknown", "", "Unknown( 10): GUID=34f66502-e8a3-3972-e718-cb92e5c6c109 (No Format Information found).", "", "", {34f66502-e8a3-3972-e718-cb92e5c6c109}, " 10", "2026-06-06T16:19:18.644Z",        0, "", "", "2026-06-06T20:19:18.644870700Z", {00000000-0000-0000-0000-000000000000}
     Unknown,         10,           10,          0,          0,          0,          0,          0, 0x0000000000000000, 0x00000004, 0x00000230,                   10,             ,                     ,   {00000000-0000-0000-0000-000000000000},                                         ,   134252507586516665,          0,          0, "Unknown", "", "Unknown( 10): GUID=34f66502-e8a3-3972-e718-cb92e5c6c109 (No Format Information found).", "", "", {34f66502-e8a3-3972-e718-cb92e5c6c109}, " 10", "2026-06-06T16:19:18.651Z",        0, "", "", "2026-06-06T20:19:18.651666500Z", {00000000-0000-0000-0000-000000000000}
     Unknown,         10,           10,          0,          0,          0,          0,          0, 0x0000000000000000, 0x00000004, 0x00000230,                   18,             ,                     ,   {00000000-0000-0000-0000-000000000000},                                         ,   134252507586592221,          0,          0, "Unknown", "", "Unknown( 10): GUID=34f66502-e8a3-3972-e718-cb92e5c6c109 (No Format Information found).", "", "", {34f66502-e8a3-3972-e718-cb92e5c6c109}, " 10", "2026-06-06T16:19:18.659Z",        0, "", "", "2026-06-06T20:19:18.659222100Z", {00000000-0000-0000-0000-000000000000}
     Unknown,         10,           10,          0,          0,          0,          0,          0, 0x0000000000000000, 0x00000004, 0x00000230,                   16,             ,                     ,   {00000000-0000-0000-0000-000000000000},                                         ,   134252507586668456,          0,          0, "Unknown", "", "Unknown( 10): GUID=34f66502-e8a3-3972-e718-cb92e5c6c109 (No Format Information found).", "", "", {34f66502-e8a3-3972-e718-cb92e5c6c109}, " 10", "2026-06-06T16:19:18.666Z",        0, "", "", "2026-06-06T20:19:18.666845600Z", {00000000-0000-0000-0000-000000000000}
     Unknown,         10,           10,          0,          0,          0,          0,          0, 0x0000000000000000, 0x00000004, 0x00000230,                   11,             ,                     ,   {00000000-0000-0000-0000-000000000000},                                         ,   134252507586744354,          0,          0, "Unknown", "", "Unknown( 10): GUID=34f66502-e8a3-3972-e718-cb92e5c6c109 (No Format Information found).", "", "", {34f66502-e8a3-3972-e718-cb92e5c6c109}, " 10", "2026-06-06T16:19:18.674Z",        0, "", "", "2026-06-06T20:19:18.674435400Z", {00000000-0000-0000-0000-000000000000}
     Unknown,         10,           10,          0,          0,          0,          0,          0, 0x0000000000000000, 0x00000004, 0x00000230,                   11,             ,                     ,   {00000000-0000-0000-0000-000000000000},                                         ,   134252507586820169,          0,          0, "Unknown", "", "Unknown( 10): GUID=34f66502-e8a3-3972-e718-cb92e5c6c109 (No Format Information found).", "", "", {34f66502-e8a3-3972-e718-cb92e5c6c109}, " 10", "2026-06-06T16:19:18.682Z",        0, "", "", "2026-06-06T20:19:18.682016900Z", {00000000-0000-0000-0000-000000000000}
     Unknown,         10,           10,          0,          0,          0,          0,          0, 0x0000000000000000, 0x00000004, 0x00000230,                   11,             ,                     ,   {00000000-0000-0000-0000-000000000000},                                         ,   134252507586897232,          0,          0, "Unknown", "", "Unknown( 10): GUID=34f66502-e8a3-3972-e718-cb92e5c6c109 (No Format Information found).", "", "", {34f66502-e8a3-3972-e718-cb92e5c6c109}, " 10", "2026-06-06T16:19:18.689Z",        0, "", "", "2026-06-06T20:19:18.689723200Z", {00000000-0000-0000-0000-000000000000}
     Unknown,         10,           10,          0,          0,          0,          0,          0, 0x0000000000000000, 0x00000004, 0x00000230,                   18,             ,                     ,   {00000000-0000-0000-0000-000000000000},                                         ,   134252507586973383,          0,          0, "Unknown", "", "Unknown( 10): GUID=34f66502-e8a3-3972-e718-cb92e5c6c109 (No Format Information found).", "", "", {34f66502-e8a3-3972-e718-cb92e5c6c109}, " 10", "2026-06-06T16:19:18.697Z",        0, "", "", "2026-06-06T20:19:18.697338300Z", {00000000-0000-0000-0000-000000000000}
     Unknown,         10,           10,          0,          0,          0,          0,          0, 0x0000000000000000, 0x00000004, 0x00000230,                   11,             ,                     ,   {00000000-0000-0000-0000-000000000000},                                         ,   134252507587049611,          0,          0, "Unknown", "", "Unknown( 10): GUID=34f66502-e8a3-3972-e718-cb92e5c6c109 (No Format Information found).", "", "", {34f66502-e8a3-3972-e718-cb92e5c6c109}, " 10", "2026-06-06T16:19:18.704Z",        0, "", "", "2026-06-06T20:19:18.704961100Z", {00000000-0000-0000-0000-000000000000}
     Unknown,         10,           10,          0,          0,          0,          0,          0, 0x0000000000000000, 0x00000004, 0x00000230,                   11,             ,                     ,   {00000000-0000-0000-0000-000000000000},                                         ,   134252507587125335,          0,          0, "Unknown", "", "Unknown( 10): GUID=34f66502-e8a3-3972-e718-cb92e5c6c109 (No Format Information found).", "", "", {34f66502-e8a3-3972-e718-cb92e5c6c109}, " 10", "2026-06-06T16:19:18.712Z",        0, "", "", "2026-06-06T20:19:18.712533500Z", {00000000-0000-0000-0000-000000000000}
     Unknown,         10,           10,          0,          0,          0,          0,          0, 0x0000000000000000, 0x00000004, 0x00000230,                   11,             ,                     ,   {00000000-0000-0000-0000-000000000000},                                         ,   134252507587201336,          0,          0, "Unknown", "", "Unknown( 10): GUID=34f66502-e8a3-3972-e718-cb92e5c6c109 (No Format Information found).", "", "", {34f66502-e8a3-3972-e718-cb92e5c6c109}, " 10", "2026-06-06T16:19:18.720Z",        0, "", "", "2026-06-06T20:19:18.720133600Z", {00000000-0000-0000-0000-000000000000}
     Unknown,         10,           10,          0,          0,          0,          0,          0, 0x0000000000000000, 0x00000004, 0x00000230,                   11,             ,                     ,   {00000000-0000-0000-0000-000000000000},                                         ,   134252507587281886,          0,          0, "Unknown", "", "Unknown( 10): GUID=34f66502-e8a3-3972-e718-cb92e5c6c109 (No Format Information found).", "", "", {34f66502-e8a3-3972-e718-cb92e5c6c109}, " 10", "2026-06-06T16:19:18.728Z",        0, "", "", "2026-06-06T20:19:18.728188600Z", {00000000-0000-0000-0000-000000000000}
     Unknown,         10,           10,          0,          0,          0,          0,          0, 0x0000000000000000, 0x00000004, 0x00000230,                   11,             ,                     ,   {00000000-0000-0000-0000-000000000000},                                         ,   134252507587357865,          0,          0, "Unknown", "", "Unknown( 10): GUID=34f66502-e8a3-3972-e718-cb92e5c6c109 (No Format Information found).", "", "", {34f66502-e8a3-3972-e718-cb92e5c6c109}, " 10", "2026-06-06T16:19:18.735Z",        0, "", "", "2026-06-06T20:19:18.735786500Z", {00000000-0000-0000-0000-000000000000}
     Unknown,         10,           10,          0,          0,          0,          0,          0, 0x0000000000000000, 0x00000004, 0x00000230,                   10,             ,                     ,   {00000000-0000-0000-0000-000000000000},                                         ,   134252507587434144,          0,          0, "Unknown", "", "Unknown( 10): GUID=34f66502-e8a3-3972-e718-cb92e5c6c109 (No Format Information found).", "", "", {34f66502-e8a3-3972-e718-cb92e5c6c109}, " 10", "2026-06-06T16:19:18.743Z",        0, "", "", "2026-06-06T20:19:18.743414400Z", {00000000-0000-0000-0000-000000000000}
     Unknown,         10,           10,          0,          0,          0,          0,          0, 0x0000000000000000, 0x00000004, 0x00000230,                   12,             ,                     ,   {00000000-0000-0000-0000-000000000000},                                         ,   134252507587510725,          0,          0, "Unknown", "", "Unknown( 10): GUID=34f66502-e8a3-3972-e718-cb92e5c6c109 (No Format Information found).", "", "", {34f66502-e8a3-3972-e718-cb92e5c6c109}, " 10", "2026-06-06T16:19:18.751Z",        0, "", "", "2026-06-06T20:19:18.751072500Z", {00000000-0000-0000-0000-000000000000}
     Unknown,         10,           10,          0,          0,          0,          0,          0, 0x0000000000000000, 0x00000004, 0x00000230,                   12,             ,                     ,   {00000000-0000-0000-0000-000000000000},                                         ,   134252507587587967,          0,          0, "Unknown", "", "Unknown( 10): GUID=34f66502-e8a3-3972-e718-cb92e5c6c109 (No Format Information found).", "", "", {34f66502-e8a3-3972-e718-cb92e5c6c109}, " 10", "2026-06-06T16:19:18.758Z",        0, "", "", "2026-06-06T20:19:18.758796700Z", {00000000-0000-0000-0000-000000000000}
     Unknown,         10,           10,          0,          0,          0,          0,          0, 0x0000000000000000, 0x00000004, 0x00000230,                   12,             ,                     ,   {00000000-0000-0000-0000-000000000000},                                         ,   134252507587663074,          0,          0, "Unknown", "", "Unknown( 10): GUID=34f66502-e8a3-3972-e718-cb92e5c6c109 (No Format Information found).", "", "", {34f66502-e8a3-3972-e718-cb92e5c6c109}, " 10", "2026-06-06T16:19:18.766Z",        0, "", "", "2026-06-06T20:19:18.766307400Z", {00000000-0000-0000-0000-000000000000}
     Unknown,         10,           10,          0,          0,          0,          0,          0, 0x0000000000000000, 0x00000004, 0x00000230,                   11,             ,                     ,   {00000000-0000-0000-0000-000000000000},                                         ,   134252507587752022,          0,          0, "Unknown", "", "Unknown( 10): GUID=34f66502-e8a3-3972-e718-cb92e5c6c109 (No Format Information found).", "", "", {34f66502-e8a3-3972-e718-cb92e5c6c109}, " 10", "2026-06-06T16:19:18.775Z",        0, "", "", "2026-06-06T20:19:18.775202200Z", {00000000-0000-0000-0000-000000000000}
     Unknown,         10,           10,          0,          0,          0,          0,          0, 0x0000000000000000, 0x00000004, 0x00000230,                   10,             ,                     ,   {00000000-0000-0000-0000-000000000000},                                         ,   134252507587832096,          0,          0, "Unknown", "", "Unknown( 10): GUID=34f66502-e8a3-3972-e718-cb92e5c6c109 (No Format Information found).", "", "", {34f66502-e8a3-3972-e718-cb92e5c6c109}, " 10", "2026-06-06T16:19:18.783Z",        0, "", "", "2026-06-06T20:19:18.783209600Z", {00000000-0000-0000-0000-000000000000}
     Unknown,         10,           10,          0,          0,          0,          0,          0, 0x0000000000000000, 0x00000004, 0x00000230,                   11,             ,                     ,   {00000000-0000-0000-0000-000000000000},                                         ,   134252507587911897,          0,          0, "Unknown", "", "Unknown( 10): GUID=34f66502-e8a3-3972-e718-cb92e5c6c109 (No Format Information found).", "", "", {34f66502-e8a3-3972-e718-cb92e5c6c109}, " 10", "2026-06-06T16:19:18.791Z",        0, "", "", "2026-06-06T20:19:18.791189700Z", {00000000-0000-0000-0000-000000000000}
     Unknown,         10,           10,          0,          0,          0,          0,          0, 0x0000000000000000, 0x00000004, 0x00000230,                   11,             ,                     ,   {00000000-0000-0000-0000-000000000000},                                         ,   134252507587990439,          0,          0, "Unknown", "", "Unknown( 10): GUID=34f66502-e8a3-3972-e718-cb92e5c6c109 (No Format Information found).", "", "", {34f66502-e8a3-3972-e718-cb92e5c6c109}, " 10", "2026-06-06T16:19:18.799Z",        0, "", "", "2026-06-06T20:19:18.799043900Z", {00000000-0000-0000-0000-000000000000}
     Unknown,         10,           10,          0,          0,          0,          0,          0, 0x0000000000000000, 0x00000004, 0x00000230,                   13,             ,                     ,   {00000000-0000-0000-0000-000000000000},                                         ,   134252507588070808,          0,          0, "Unknown", "", "Unknown( 10): GUID=34f66502-e8a3-3972-e718-cb92e5c6c109 (No Format Information found).", "", "", {34f66502-e8a3-3972-e718-cb92e5c6c109}, " 10", "2026-06-06T16:19:18.807Z",        0, "", "", "2026-06-06T20:19:18.807080800Z", {00000000-0000-0000-0000-000000000000}
     Unknown,         10,           10,          0,          0,          0,          0,          0, 0x0000000000000000, 0x00000004, 0x00000230,                   11,             ,                     ,   {00000000-0000-0000-0000-000000000000},                                         ,   134252507588149027,          0,          0, "Unknown", "", "Unknown( 10): GUID=34f66502-e8a3-3972-e718-cb92e5c6c109 (No Format Information found).", "", "", {34f66502-e8a3-3972-e718-cb92e5c6c109}, " 10", "2026-06-06T16:19:18.814Z",        0, "", "", "2026-06-06T20:19:18.814902700Z", {00000000-0000-0000-0000-000000000000}
     Unknown,         10,           10,          0,          0,          0,          0,          0, 0x0000000000000000, 0x00000004, 0x00000230,                   11,             ,                     ,   {00000000-0000-0000-0000-000000000000},                                         ,   134252507588228979,          0,          0, "Unknown", "", "Unknown( 10): GUID=34f66502-e8a3-3972-e718-cb92e5c6c109 (No Format Information found).", "", "", {34f66502-e8a3-3972-e718-cb92e5c6c109}, " 10", "2026-06-06T16:19:18.822Z",        0, "", "", "2026-06-06T20:19:18.822897900Z", {00000000-0000-0000-0000-000000000000}
     Unknown,         10,           10,          0,          0,          0,          0,          0, 0x0000000000000000, 0x00000004, 0x00000230,                   11,             ,                     ,   {00000000-0000-0000-0000-000000000000},                                         ,   134252507588307245,          0,          0, "Unknown", "", "Unknown( 10): GUID=34f66502-e8a3-3972-e718-cb92e5c6c109 (No Format Information found).", "", "", {34f66502-e8a3-3972-e718-cb92e5c6c109}, " 10", "2026-06-06T16:19:18.830Z",        0, "", "", "2026-06-06T20:19:18.830724500Z", {00000000-0000-0000-0000-000000000000}
     Unknown,         10,           10,          0,          0,          0,          0,          0, 0x0000000000000000, 0x00000004, 0x00000230,                   11,             ,                     ,   {00000000-0000-0000-0000-000000000000},                                         ,   134252507588387063,          0,          0, "Unknown", "", "Unknown( 10): GUID=34f66502-e8a3-3972-e718-cb92e5c6c109 (No Format Information found).", "", "", {34f66502-e8a3-3972-e718-cb92e5c6c109}, " 10", "2026-06-06T16:19:18.838Z",        0, "", "", "2026-06-06T20:19:18.838706300Z", {00000000-0000-0000-0000-000000000000}
     Unknown,         10,           10,          0,          0,          0,          0,          0, 0x0000000000000000, 0x00000004, 0x00000230,                   11,             ,                     ,   {00000000-0000-0000-0000-000000000000},                                         ,   134252507588484963,          0,          0, "Unknown", "", "Unknown( 10): GUID=34f66502-e8a3-3972-e718-cb92e5c6c109 (No Format Information found).", "", "", {34f66502-e8a3-3972-e718-cb92e5c6c109}, " 10", "2026-06-06T16:19:18.848Z",        0, "", "", "2026-06-06T20:19:18.848496300Z", {00000000-0000-0000-0000-000000000000}
     Unknown,         10,           10,          0,          0,          0,          0,          0, 0x0000000000000000, 0x00000004, 0x00000230,                   11,             ,                     ,   {00000000-0000-0000-0000-000000000000},                                         ,   134252507588549331,          0,          0, "Unknown", "", "Unknown( 10): GUID=34f66502-e8a3-3972-e718-cb92e5c6c109 (No Format Information found).", "", "", {34f66502-e8a3-3972-e718-cb92e5c6c109}, " 10", "2026-06-06T16:19:18.854Z",        0, "", "", "2026-06-06T20:19:18.854933100Z", {00000000-0000-0000-0000-000000000000}
     Unknown,         10,           10,          0,          0,          0,          0,          0, 0x0000000000000000, 0x00000004, 0x00000230,                   13,             ,                     ,   {00000000-0000-0000-0000-000000000000},                                         ,   134252507588621390,          0,          0, "Unknown", "", "Unknown( 10): GUID=34f66502-e8a3-3972-e718-cb92e5c6c109 (No Format Information found).", "", "", {34f66502-e8a3-3972-e718-cb92e5c6c109}, " 10", "2026-06-06T16:19:18.862Z",        0, "", "", "2026-06-06T20:19:18.862139000Z", {00000000-0000-0000-0000-000000000000}
     Unknown,         10,           10,          0,          0,          0,          0,          0, 0x0000000000000000, 0x00000004, 0x00000230,                   11,             ,                     ,   {00000000-0000-0000-0000-000000000000},                                         ,   134252507588700719,          0,          0, "Unknown", "", "Unknown( 10): GUID=34f66502-e8a3-3972-e718-cb92e5c6c109 (No Format Information found).", "", "", {34f66502-e8a3-3972-e718-cb92e5c6c109}, " 10", "2026-06-06T16:19:18.870Z",        0, "", "", "2026-06-06T20:19:18.870071900Z", {00000000-0000-0000-0000-000000000000}
     Unknown,         10,           10,          0,          0,          0,          0,          0, 0x0000000000000000, 0x00000004, 0x00000230,                   11,             ,                     ,   {00000000-0000-0000-0000-000000000000},                                         ,   134252507588783092,          0,          0, "Unknown", "", "Unknown( 10): GUID=34f66502-e8a3-3972-e718-cb92e5c6c109 (No Format Information found).", "", "", {34f66502-e8a3-3972-e718-cb92e5c6c109}, " 10", "2026-06-06T16:19:18.878Z",        0, "", "", "2026-06-06T20:19:18.878309200Z", {00000000-0000-0000-0000-000000000000}
     Unknown,         10,           10,          0,          0,          0,          0,          0, 0x0000000000000000, 0x00000004, 0x00000230,                   11,             ,                     ,   {00000000-0000-0000-0000-000000000000},                                         ,   134252507588859138,          0,          0, "Unknown", "", "Unknown( 10): GUID=34f66502-e8a3-3972-e718-cb92e5c6c109 (No Format Information found).", "", "", {34f66502-e8a3-3972-e718-cb92e5c6c109}, " 10", "2026-06-06T16:19:18.885Z",        0, "", "", "2026-06-06T20:19:18.885913800Z", {00000000-0000-0000-0000-000000000000}
     Unknown,         10,           10,          0,          0,          0,          0,          0, 0x0000000000000000, 0x00000004, 0x00000230,                   12,             ,                     ,   {00000000-0000-0000-0000-000000000000},                                         ,   134252507588938738,          0,          0, "Unknown", "", "Unknown( 10): GUID=34f66502-e8a3-3972-e718-cb92e5c6c109 (No Format Information found).", "", "", {34f66502-e8a3-3972-e718-cb92e5c6c109}, " 10", "2026-06-06T16:19:18.893Z",        0, "", "", "2026-06-06T20:19:18.893873800Z", {00000000-0000-0000-0000-000000000000}
     Unknown,         10,           10,          0,          0,          0,          0,          0, 0x0000000000000000, 0x00000004, 0x00000230,                   11,             ,                     ,   {00000000-0000-0000-0000-000000000000},                                         ,   134252507589018241,          0,          0, "Unknown", "", "Unknown( 10): GUID=34f66502-e8a3-3972-e718-cb92e5c6c109 (No Format Information found).", "", "", {34f66502-e8a3-3972-e718-cb92e5c6c109}, " 10", "2026-06-06T16:19:18.901Z",        0, "", "", "2026-06-06T20:19:18.901824100Z", {00000000-0000-0000-0000-000000000000}
     Unknown,         10,           10,          0,          0,          0,          0,          0, 0x0000000000000000, 0x00000004, 0x00000230,                   11,             ,                     ,   {00000000-0000-0000-0000-000000000000},                                         ,   134252507589096994,          0,          0, "Unknown", "", "Unknown( 10): GUID=34f66502-e8a3-3972-e718-cb92e5c6c109 (No Format Information found).", "", "", {34f66502-e8a3-3972-e718-cb92e5c6c109}, " 10", "2026-06-06T16:19:18.909Z",        0, "", "", "2026-06-06T20:19:18.909699400Z", {00000000-0000-0000-0000-000000000000}
     Unknown,         10,           10,          0,          0,          0,          0,          0, 0x0000000000000000, 0x00000004, 0x00000230,                   11,             ,                     ,   {00000000-0000-0000-0000-000000000000},                                         ,   134252507589176560,          0,          0, "Unknown", "", "Unknown( 10): GUID=34f66502-e8a3-3972-e718-cb92e5c6c109 (No Format Information found).", "", "", {34f66502-e8a3-3972-e718-cb92e5c6c109}, " 10", "2026-06-06T16:19:18.917Z",        0, "", "", "2026-06-06T20:19:18.917656000Z", {00000000-0000-0000-0000-000000000000}
     Unknown,         10,           10,          0,          0,          0,          0,          0, 0x0000000000000000, 0x00000004, 0x00000230,                   14,             ,                     ,   {00000000-0000-0000-0000-000000000000},                                         ,   134252507589255803,          0,          0, "Unknown", "", "Unknown( 10): GUID=34f66502-e8a3-3972-e718-cb92e5c6c109 (No Format Information found).", "", "", {34f66502-e8a3-3972-e718-cb92e5c6c109}, " 10", "2026-06-06T16:19:18.925Z",        0, "", "", "2026-06-06T20:19:18.925580300Z", {00000000-0000-0000-0000-000000000000}
     Unknown,         10,           10,          0,          0,          0,          0,          0, 0x0000000000000000, 0x00000004, 0x00000230,                   11,             ,                     ,   {00000000-0000-0000-0000-000000000000},                                         ,   134252507589334884,          0,          0, "Unknown", "", "Unknown( 10): GUID=34f66502-e8a3-3972-e718-cb92e5c6c109 (No Format Information found).", "", "", {34f66502-e8a3-3972-e718-cb92e5c6c109}, " 10", "2026-06-06T16:19:18.933Z",        0, "", "", "2026-06-06T20:19:18.933488400Z", {00000000-0000-0000-0000-000000000000}
     Unknown,         10,           10,          0,          0,          0,          0,          0, 0x0000000000000000, 0x00000004, 0x00000230,                    0,             ,                     ,   {00000000-0000-0000-0000-000000000000},                                         ,   134252507591564206,          0,          0, "Unknown", "", "Unknown( 10): GUID=34f66502-e8a3-3972-e718-cb92e5c6c109 (No Format Information found).", "", "", {34f66502-e8a3-3972-e718-cb92e5c6c109}, " 10", "2026-06-06T16:19:19.156Z",        0, "", "", "2026-06-06T20:19:19.156420600Z", {00000000-0000-0000-0000-000000000000}
     Unknown,         10,           10,          0,          0,          0,          0,          0, 0x0000000000000000, 0x00000004, 0x00000230,                   10,             ,                     ,   {00000000-0000-0000-0000-000000000000},                                         ,   134252507591641957,          0,          0, "Unknown", "", "Unknown( 10): GUID=34f66502-e8a3-3972-e718-cb92e5c6c109 (No Format Information found).", "", "", {34f66502-e8a3-3972-e718-cb92e5c6c109}, " 10", "2026-06-06T16:19:19.164Z",        0, "", "", "2026-06-06T20:19:19.164195700Z", {00000000-0000-0000-0000-000000000000}
     Unknown,         10,           10,          0,          0,          0,          0,          0, 0x0000000000000000, 0x00000004, 0x00000230,                   12,             ,                     ,   {00000000-0000-0000-0000-000000000000},                                         ,   134252507591722057,          0,          0, "Unknown", "", "Unknown( 10): GUID=34f66502-e8a3-3972-e718-cb92e5c6c109 (No Format Information found).", "", "", {34f66502-e8a3-3972-e718-cb92e5c6c109}, " 10", "2026-06-06T16:19:19.172Z",        0, "", "", "2026-06-06T20:19:19.172205700Z", {00000000-0000-0000-0000-000000000000}
     Unknown,         10,           10,          0,          0,          0,          0,          0, 0x0000000000000000, 0x00000004, 0x00000230,                    0,             ,                     ,   {00000000-0000-0000-0000-000000000000},                                         ,   134252507591802903,          0,          0, "Unknown", "", "Unknown( 10): GUID=34f66502-e8a3-3972-e718-cb92e5c6c109 (No Format Information found).", "", "", {34f66502-e8a3-3972-e718-cb92e5c6c109}, " 10", "2026-06-06T16:19:19.180Z",        0, "", "", "2026-06-06T20:19:19.180290300Z", {00000000-0000-0000-0000-000000000000}
     Unknown,         10,           10,          0,          0,          0,          0,          0, 0x0000000000000000, 0x00000004, 0x00000230,                   10,             ,                     ,   {00000000-0000-0000-0000-000000000000},                                         ,   134252507591882113,          0,          0, "Unknown", "", "Unknown( 10): GUID=34f66502-e8a3-3972-e718-cb92e5c6c109 (No Format Information found).", "", "", {34f66502-e8a3-3972-e718-cb92e5c6c109}, " 10", "2026-06-06T16:19:19.188Z",        0, "", "", "2026-06-06T20:19:19.188211300Z", {00000000-0000-0000-0000-000000000000}
     Unknown,         10,           10,          0,          0,          0,          0,          0, 0x0000000000000000, 0x00000004, 0x00000230,                   12,             ,                     ,   {00000000-0000-0000-0000-000000000000},                                         ,   134252507591960681,          0,          0, "Unknown", "", "Unknown( 10): GUID=34f66502-e8a3-3972-e718-cb92e5c6c109 (No Format Information found).", "", "", {34f66502-e8a3-3972-e718-cb92e5c6c109}, " 10", "2026-06-06T16:19:19.196Z",        0, "", "", "2026-06-06T20:19:19.196068100Z", {00000000-0000-0000-0000-000000000000}
     Unknown,         10,           10,          0,          0,          0,          0,          0, 0x0000000000000000, 0x00000004, 0x00000230,                   13,             ,                     ,   {00000000-0000-0000-0000-000000000000},                                         ,   134252507592040254,          0,          0, "Unknown", "", "Unknown( 10): GUID=34f66502-e8a3-3972-e718-cb92e5c6c109 (No Format Information found).", "", "", {34f66502-e8a3-3972-e718-cb92e5c6c109}, " 10", "2026-06-06T16:19:19.204Z",        0, "", "", "2026-06-06T20:19:19.204025400Z", {00000000-0000-0000-0000-000000000000}
     Unknown,         10,           10,          0,          0,          0,          0,          0, 0x0000000000000000, 0x00000004, 0x00000230,                    0,             ,                     ,   {00000000-0000-0000-0000-000000000000},                                         ,   134252507592119573,          0,          0, "Unknown", "", "Unknown( 10): GUID=34f66502-e8a3-3972-e718-cb92e5c6c109 (No Format Information found).", "", "", {34f66502-e8a3-3972-e718-cb92e5c6c109}, " 10", "2026-06-06T16:19:19.211Z",        0, "", "", "2026-06-06T20:19:19.211957300Z", {00000000-0000-0000-0000-000000000000}
     Unknown,         10,           10,          0,          0,          0,          0,          0, 0x0000000000000000, 0x00000004, 0x00000230,                   11,             ,                     ,   {00000000-0000-0000-0000-000000000000},                                         ,   134252507592200242,          0,          0, "Unknown", "", "Unknown( 10): GUID=34f66502-e8a3-3972-e718-cb92e5c6c109 (No Format Information found).", "", "", {34f66502-e8a3-3972-e718-cb92e5c6c109}, " 10", "2026-06-06T16:19:19.220Z",        0, "", "", "2026-06-06T20:19:19.220024200Z", {00000000-0000-0000-0000-000000000000}
     Unknown,         10,           10,          0,          0,          0,          0,          0, 0x0000000000000000, 0x00000004, 0x00000230,                   11,             ,                     ,   {00000000-0000-0000-0000-000000000000},                                         ,   134252507592276155,          0,          0, "Unknown", "", "Unknown( 10): GUID=34f66502-e8a3-3972-e718-cb92e5c6c109 (No Format Information found).", "", "", {34f66502-e8a3-3972-e718-cb92e5c6c109}, " 10", "2026-06-06T16:19:19.227Z",        0, "", "", "2026-06-06T20:19:19.227615500Z", {00000000-0000-0000-0000-000000000000}
     Unknown,         10,           10,          0,          0,          0,          0,          0, 0x0000000000000000, 0x00000004, 0x00000230,                   11,             ,                     ,   {00000000-0000-0000-0000-000000000000},                                         ,   134252507592357255,          0,          0, "Unknown", "", "Unknown( 10): GUID=34f66502-e8a3-3972-e718-cb92e5c6c109 (No Format Information found).", "", "", {34f66502-e8a3-3972-e718-cb92e5c6c109}, " 10", "2026-06-06T16:19:19.235Z",        0, "", "", "2026-06-06T20:19:19.235725500Z", {00000000-0000-0000-0000-000000000000}
     Unknown,         10,           10,          0,          0,          0,          0,          0, 0x0000000000000000, 0x00000004, 0x00000230,                   11,             ,                     ,   {00000000-0000-0000-0000-000000000000},                                         ,   134252507592434995,          0,          0, "Unknown", "", "Unknown( 10): GUID=34f66502-e8a3-3972-e718-cb92e5c6c109 (No Format Information found).", "", "", {34f66502-e8a3-3972-e718-cb92e5c6c109}, " 10", "2026-06-06T16:19:19.243Z",        0, "", "", "2026-06-06T20:19:19.243499500Z", {00000000-0000-0000-0000-000000000000}
     Unknown,         10,           10,          0,          0,          0,          0,          0, 0x0000000000000000, 0x00000004, 0x00000230,                   13,             ,                     ,   {00000000-0000-0000-0000-000000000000},                                         ,   134252507592514234,          0,          0, "Unknown", "", "Unknown( 10): GUID=34f66502-e8a3-3972-e718-cb92e5c6c109 (No Format Information found).", "", "", {34f66502-e8a3-3972-e718-cb92e5c6c109}, " 10", "2026-06-06T16:19:19.251Z",        0, "", "", "2026-06-06T20:19:19.251423400Z", {00000000-0000-0000-0000-000000000000}
     Unknown,         10,           10,          0,          0,          0,          0,          0, 0x0000000000000000, 0x00000004, 0x00000230,                    1,             ,                     ,   {00000000-0000-0000-0000-000000000000},                                         ,   134252507592594184,          0,          0, "Unknown", "", "Unknown( 10): GUID=34f66502-e8a3-3972-e718-cb92e5c6c109 (No Format Information found).", "", "", {34f66502-e8a3-3972-e718-cb92e5c6c109}, " 10", "2026-06-06T16:19:19.259Z",        0, "", "", "2026-06-06T20:19:19.259418400Z", {00000000-0000-0000-0000-000000000000}
     Unknown,         10,           10,          0,          0,          0,          0,          0, 0x0000000000000000, 0x00000004, 0x00000230,                   13,             ,                     ,   {00000000-0000-0000-0000-000000000000},                                         ,   134252507592673193,          0,          0, "Unknown", "", "Unknown( 10): GUID=34f66502-e8a3-3972-e718-cb92e5c6c109 (No Format Information found).", "", "", {34f66502-e8a3-3972-e718-cb92e5c6c109}, " 10", "2026-06-06T16:19:19.267Z",        0, "", "", "2026-06-06T20:19:19.267319300Z", {00000000-0000-0000-0000-000000000000}
     Unknown,         10,           10,          0,          0,          0,          0,          0, 0x0000000000000000, 0x00000004, 0x00000230,                   11,             ,                     ,   {00000000-0000-0000-0000-000000000000},                                         ,   134252507592752930,          0,          0, "Unknown", "", "Unknown( 10): GUID=34f66502-e8a3-3972-e718-cb92e5c6c109 (No Format Information found).", "", "", {34f66502-e8a3-3972-e718-cb92e5c6c109}, " 10", "2026-06-06T16:19:19.275Z",        0, "", "", "2026-06-06T20:19:19.275293000Z", {00000000-0000-0000-0000-000000000000}
     Unknown,         10,           10,          0,          0,          0,          0,          0, 0x0000000000000000, 0x00000004, 0x00000230,                   16,             ,                     ,   {00000000-0000-0000-0000-000000000000},                                         ,   134252507592832822,          0,          0, "Unknown", "", "Unknown( 10): GUID=34f66502-e8a3-3972-e718-cb92e5c6c109 (No Format Information found).", "", "", {34f66502-e8a3-3972-e718-cb92e5c6c109}, " 10", "2026-06-06T16:19:19.283Z",        0, "", "", "2026-06-06T20:19:19.283282200Z", {00000000-0000-0000-0000-000000000000}
     Unknown,         10,           10,          0,          0,          0,          0,          0, 0x0000000000000000, 0x00000004, 0x00000230,                   11,             ,                     ,   {00000000-0000-0000-0000-000000000000},                                         ,   134252507592912222,          0,          0, "Unknown", "", "Unknown( 10): GUID=34f66502-e8a3-3972-e718-cb92e5c6c109 (No Format Information found).", "", "", {34f66502-e8a3-3972-e718-cb92e5c6c109}, " 10", "2026-06-06T16:19:19.291Z",        0, "", "", "2026-06-06T20:19:19.291222200Z", {00000000-0000-0000-0000-000000000000}
     Unknown,         10,           10,          0,          0,          0,          0,          0, 0x0000000000000000, 0x00000004, 0x00000230,                   13,             ,                     ,   {00000000-0000-0000-0000-000000000000},                                         ,   134252507592990924,          0,          0, "Unknown", "", "Unknown( 10): GUID=34f66502-e8a3-3972-e718-cb92e5c6c109 (No Format Information found).", "", "", {34f66502-e8a3-3972-e718-cb92e5c6c109}, " 10", "2026-06-06T16:19:19.299Z",        0, "", "", "2026-06-06T20:19:19.299092400Z", {00000000-0000-0000-0000-000000000000}
     Unknown,         10,           10,          0,          0,          0,          0,          0, 0x0000000000000000, 0x00000004, 0x00000230,                   11,             ,                     ,   {00000000-0000-0000-0000-000000000000},                                         ,   134252507593071169,          0,          0, "Unknown", "", "Unknown( 10): GUID=34f66502-e8a3-3972-e718-cb92e5c6c109 (No Format Information found).", "", "", {34f66502-e8a3-3972-e718-cb92e5c6c109}, " 10", "2026-06-06T16:19:19.307Z",        0, "", "", "2026-06-06T20:19:19.307116900Z", {00000000-0000-0000-0000-000000000000}
     Unknown,         10,           10,          0,          0,          0,          0,          0, 0x0000000000000000, 0x00000004, 0x00000230,                   11,             ,                     ,   {00000000-0000-0000-0000-000000000000},                                         ,   134252507593149975,          0,          0, "Unknown", "", "Unknown( 10): GUID=34f66502-e8a3-3972-e718-cb92e5c6c109 (No Format Information found).", "", "", {34f66502-e8a3-3972-e718-cb92e5c6c109}, " 10", "2026-06-06T16:19:19.314Z",        0, "", "", "2026-06-06T20:19:19.314997500Z", {00000000-0000-0000-0000-000000000000}
     Unknown,         10,           10,          0,          0,          0,          0,          0, 0x0000000000000000, 0x00000004, 0x00000230,                   14,             ,                     ,   {00000000-0000-0000-0000-000000000000},                                         ,   134252507593229581,          0,          0, "Unknown", "", "Unknown( 10): GUID=34f66502-e8a3-3972-e718-cb92e5c6c109 (No Format Information found).", "", "", {34f66502-e8a3-3972-e718-cb92e5c6c109}, " 10", "2026-06-06T16:19:19.322Z",        0, "", "", "2026-06-06T20:19:19.322958100Z", {00000000-0000-0000-0000-000000000000}
     Unknown,         10,           10,          0,          0,          0,          0,          0, 0x0000000000000000, 0x00000004, 0x00000230,                   17,             ,                     ,   {00000000-0000-0000-0000-000000000000},                                         ,   134252507593311139,          0,          0, "Unknown", "", "Unknown( 10): GUID=34f66502-e8a3-3972-e718-cb92e5c6c109 (No Format Information found).", "", "", {34f66502-e8a3-3972-e718-cb92e5c6c109}, " 10", "2026-06-06T16:19:19.331Z",        0, "", "", "2026-06-06T20:19:19.331113900Z", {00000000-0000-0000-0000-000000000000}
     Unknown,         10,           10,          0,          0,          0,          0,          0, 0x0000000000000000, 0x00000004, 0x00000230,                   15,             ,                     ,   {00000000-0000-0000-0000-000000000000},                                         ,   134252507593391155,          0,          0, "Unknown", "", "Unknown( 10): GUID=34f66502-e8a3-3972-e718-cb92e5c6c109 (No Format Information found).", "", "", {34f66502-e8a3-3972-e718-cb92e5c6c109}, " 10", "2026-06-06T16:19:19.339Z",        0, "", "", "2026-06-06T20:19:19.339115500Z", {00000000-0000-0000-0000-000000000000}
     Unknown,         10,           10,          0,          0,          0,          0,          0, 0x0000000000000000, 0x00000004, 0x00000230,                   17,             ,                     ,   {00000000-0000-0000-0000-000000000000},                                         ,   134252507593468398,          0,          0, "Unknown", "", "Unknown( 10): GUID=34f66502-e8a3-3972-e718-cb92e5c6c109 (No Format Information found).", "", "", {34f66502-e8a3-3972-e718-cb92e5c6c109}, " 10", "2026-06-06T16:19:19.346Z",        0, "", "", "2026-06-06T20:19:19.346839800Z", {00000000-0000-0000-0000-000000000000}
     Unknown,         10,           10,          0,          0,          0,          0,          0, 0x0000000000000000, 0x00000004, 0x00000230,                   16,             ,                     ,   {00000000-0000-0000-0000-000000000000},                                         ,   134252507593547398,          0,          0, "Unknown", "", "Unknown( 10): GUID=34f66502-e8a3-3972-e718-cb92e5c6c109 (No Format Information found).", "", "", {34f66502-e8a3-3972-e718-cb92e5c6c109}, " 10", "2026-06-06T16:19:19.354Z",        0, "", "", "2026-06-06T20:19:19.354739800Z", {00000000-0000-0000-0000-000000000000}
     Unknown,         10,           10,          0,          0,          0,          0,          0, 0x0000000000000000, 0x00000004, 0x00000230,                    1,             ,                     ,   {00000000-0000-0000-0000-000000000000},                                         ,   134252507593626105,          0,          0, "Unknown", "", "Unknown( 10): GUID=34f66502-e8a3-3972-e718-cb92e5c6c109 (No Format Information found).", "", "", {34f66502-e8a3-3972-e718-cb92e5c6c109}, " 10", "2026-06-06T16:19:19.362Z",        0, "", "", "2026-06-06T20:19:19.362610500Z", {00000000-0000-0000-0000-000000000000}
     Unknown,         10,           10,          0,          0,          0,          0,          0, 0x0000000000000000, 0x00000004, 0x00000230,                    0,             ,                     ,   {00000000-0000-0000-0000-000000000000},                                         ,   134252507593706205,          0,          0, "Unknown", "", "Unknown( 10): GUID=34f66502-e8a3-3972-e718-cb92e5c6c109 (No Format Information found).", "", "", {34f66502-e8a3-3972-e718-cb92e5c6c109}, " 10", "2026-06-06T16:19:19.370Z",        0, "", "", "2026-06-06T20:19:19.370620500Z", {00000000-0000-0000-0000-000000000000}
     Unknown,         10,           10,          0,          0,          0,          0,          0, 0x0000000000000000, 0x00000004, 0x00000230,                   17,             ,                     ,   {00000000-0000-0000-0000-000000000000},                                         ,   134252507593787070,          0,          0, "Unknown", "", "Unknown( 10): GUID=34f66502-e8a3-3972-e718-cb92e5c6c109 (No Format Information found).", "", "", {34f66502-e8a3-3972-e718-cb92e5c6c109}, " 10", "2026-06-06T16:19:19.378Z",        0, "", "", "2026-06-06T20:19:19.378707000Z", {00000000-0000-0000-0000-000000000000}
     Unknown,         10,           10,          0,          0,          0,          0,          0, 0x0000000000000000, 0x00000004, 0x00000230,                    1,             ,                     ,   {00000000-0000-0000-0000-000000000000},                                         ,   134252507593864197,          0,          0, "Unknown", "", "Unknown( 10): GUID=34f66502-e8a3-3972-e718-cb92e5c6c109 (No Format Information found).", "", "", {34f66502-e8a3-3972-e718-cb92e5c6c109}, " 10", "2026-06-06T16:19:19.386Z",        0, "", "", "2026-06-06T20:19:19.386419700Z", {00000000-0000-0000-0000-000000000000}
     Unknown,         10,           10,          0,          0,          0,          0,          0, 0x0000000000000000, 0x00000004, 0x00000230,                    0,             ,                     ,   {00000000-0000-0000-0000-000000000000},                                         ,   134252507593944853,          0,          0, "Unknown", "", "Unknown( 10): GUID=34f66502-e8a3-3972-e718-cb92e5c6c109 (No Format Information found).", "", "", {34f66502-e8a3-3972-e718-cb92e5c6c109}, " 10", "2026-06-06T16:19:19.394Z",        0, "", "", "2026-06-06T20:19:19.394485300Z", {00000000-0000-0000-0000-000000000000}
     Unknown,         10,           10,          0,          0,          0,          0,          0, 0x0000000000000000, 0x00000004, 0x00000230,                    1,             ,                     ,   {00000000-0000-0000-0000-000000000000},                                         ,   134252507594023651,          0,          0, "Unknown", "", "Unknown( 10): GUID=34f66502-e8a3-3972-e718-cb92e5c6c109 (No Format Information found).", "", "", {34f66502-e8a3-3972-e718-cb92e5c6c109}, " 10", "2026-06-06T16:19:19.402Z",        0, "", "", "2026-06-06T20:19:19.402365100Z", {00000000-0000-0000-0000-000000000000}
     Unknown,         10,           10,          0,          0,          0,          0,          0, 0x0000000000000000, 0x00000004, 0x00000230,                    0,             ,                     ,   {00000000-0000-0000-0000-000000000000},                                         ,   134252507594101758,          0,          0, "Unknown", "", "Unknown( 10): GUID=34f66502-e8a3-3972-e718-cb92e5c6c109 (No Format Information found).", "", "", {34f66502-e8a3-3972-e718-cb92e5c6c109}, " 10", "2026-06-06T16:19:19.410Z",        0, "", "", "2026-06-06T20:19:19.410175800Z", {00000000-0000-0000-0000-000000000000}
     Unknown,         10,           10,          0,          0,          0,          0,          0, 0x0000000000000000, 0x00000004, 0x00000230,                   17,             ,                     ,   {00000000-0000-0000-0000-000000000000},                                         ,   134252507594182040,          0,          0, "Unknown", "", "Unknown( 10): GUID=34f66502-e8a3-3972-e718-cb92e5c6c109 (No Format Information found).", "", "", {34f66502-e8a3-3972-e718-cb92e5c6c109}, " 10", "2026-06-06T16:19:19.418Z",        0, "", "", "2026-06-06T20:19:19.418204000Z", {00000000-0000-0000-0000-000000000000}
     Unknown,         10,           10,          0,          0,          0,          0,          0, 0x0000000000000000, 0x00000004, 0x00000230,                   16,             ,                     ,   {00000000-0000-0000-0000-000000000000},                                         ,   134252507594262603,          0,          0, "Unknown", "", "Unknown( 10): GUID=34f66502-e8a3-3972-e718-cb92e5c6c109 (No Format Information found).", "", "", {34f66502-e8a3-3972-e718-cb92e5c6c109}, " 10", "2026-06-06T16:19:19.426Z",        0, "", "", "2026-06-06T20:19:19.426260300Z", {00000000-0000-0000-0000-000000000000}
     Unknown,         10,           10,          0,          0,          0,          0,          0, 0x0000000000000000, 0x00000004, 0x00000230,                    0,             ,                     ,   {00000000-0000-0000-0000-000000000000},                                         ,   134252507594361431,          0,          0, "Unknown", "", "Unknown( 10): GUID=34f66502-e8a3-3972-e718-cb92e5c6c109 (No Format Information found).", "", "", {34f66502-e8a3-3972-e718-cb92e5c6c109}, " 10", "2026-06-06T16:19:19.436Z",        0, "", "", "2026-06-06T20:19:19.436143100Z", {00000000-0000-0000-0000-000000000000}
     Unknown,         10,           10,          0,          0,          0,          0,          0, 0x0000000000000000, 0x00000004, 0x00000230,                   15,             ,                     ,   {00000000-0000-0000-0000-000000000000},                                         ,   134252507594419089,          0,          0, "Unknown", "", "Unknown( 10): GUID=34f66502-e8a3-3972-e718-cb92e5c6c109 (No Format Information found).", "", "", {34f66502-e8a3-3972-e718-cb92e5c6c109}, " 10", "2026-06-06T16:19:19.441Z",        0, "", "", "2026-06-06T20:19:19.441908900Z", {00000000-0000-0000-0000-000000000000}
     Unknown,         10,           10,          0,          0,          0,          0,          0, 0x0000000000000000, 0x00000004, 0x00000230,                    1,             ,                     ,   {00000000-0000-0000-0000-000000000000},                                         ,   134252507594501618,          0,          0, "Unknown", "", "Unknown( 10): GUID=34f66502-e8a3-3972-e718-cb92e5c6c109 (No Format Information found).", "", "", {34f66502-e8a3-3972-e718-cb92e5c6c109}, " 10", "2026-06-06T16:19:19.450Z",        0, "", "", "2026-06-06T20:19:19.450161800Z", {00000000-0000-0000-0000-000000000000}
     Unknown,         10,           10,          0,          0,          0,          0,          0, 0x0000000000000000, 0x00000004, 0x00000230,                   14,             ,                     ,   {00000000-0000-0000-0000-000000000000},                                         ,   134252507594580406,          0,          0, "Unknown", "", "Unknown( 10): GUID=34f66502-e8a3-3972-e718-cb92e5c6c109 (No Format Information found).", "", "", {34f66502-e8a3-3972-e718-cb92e5c6c109}, " 10", "2026-06-06T16:19:19.458Z",        0, "", "", "2026-06-06T20:19:19.458040600Z", {00000000-0000-0000-0000-000000000000}
     Unknown,         10,           10,          0,          0,          0,          0,          0, 0x0000000000000000, 0x00000004, 0x00000230,                   16,             ,                     ,   {00000000-0000-0000-0000-000000000000},                                         ,   134252507594659889,          0,          0, "Unknown", "", "Unknown( 10): GUID=34f66502-e8a3-3972-e718-cb92e5c6c109 (No Format Information found).", "", "", {34f66502-e8a3-3972-e718-cb92e5c6c109}, " 10", "2026-06-06T16:19:19.465Z",        0, "", "", "2026-06-06T20:19:19.465988900Z", {00000000-0000-0000-0000-000000000000}
     Unknown,         10,           10,          0,          0,          0,          0,          0, 0x0000000000000000, 0x00000004, 0x00000230,                   15,             ,                     ,   {00000000-0000-0000-0000-000000000000},                                         ,   134252507594738624,          0,          0, "Unknown", "", "Unknown( 10): GUID=34f66502-e8a3-3972-e718-cb92e5c6c109 (No Format Information found).", "", "", {34f66502-e8a3-3972-e718-cb92e5c6c109}, " 10", "2026-06-06T16:19:19.473Z",        0, "", "", "2026-06-06T20:19:19.473862400Z", {00000000-0000-0000-0000-000000000000}
     Unknown,         10,           10,          0,          0,          0,          0,          0, 0x0000000000000000, 0x00000004, 0x00000230,                   14,             ,                     ,   {00000000-0000-0000-0000-000000000000},                                         ,   134252507594820557,          0,          0, "Unknown", "", "Unknown( 10): GUID=34f66502-e8a3-3972-e718-cb92e5c6c109 (No Format Information found).", "", "", {34f66502-e8a3-3972-e718-cb92e5c6c109}, " 10", "2026-06-06T16:19:19.482Z",        0, "", "", "2026-06-06T20:19:19.482055700Z", {00000000-0000-0000-0000-000000000000}
     Unknown,         10,           10,          0,          0,          0,          0,          0, 0x0000000000000000, 0x00000004, 0x00000230,                   17,             ,                     ,   {00000000-0000-0000-0000-000000000000},                                         ,   134252507594898254,          0,          0, "Unknown", "", "Unknown( 10): GUID=34f66502-e8a3-3972-e718-cb92e5c6c109 (No Format Information found).", "", "", {34f66502-e8a3-3972-e718-cb92e5c6c109}, " 10", "2026-06-06T16:19:19.489Z",        0, "", "", "2026-06-06T20:19:19.489825400Z", {00000000-0000-0000-0000-000000000000}
     Unknown,         10,           10,          0,          0,          0,          0,          0, 0x0000000000000000, 0x00000004, 0x00000230,                    1,             ,                     ,   {00000000-0000-0000-0000-000000000000},                                         ,   134252507594975700,          0,          0, "Unknown", "", "Unknown( 10): GUID=34f66502-e8a3-3972-e718-cb92e5c6c109 (No Format Information found).", "", "", {34f66502-e8a3-3972-e718-cb92e5c6c109}, " 10", "2026-06-06T16:19:19.497Z",        0, "", "", "2026-06-06T20:19:19.497570000Z", {00000000-0000-0000-0000-000000000000}
     Unknown,         10,           10,          0,          0,          0,          0,          0, 0x0000000000000000, 0x00000004, 0x00000230,                   16,             ,                     ,   {00000000-0000-0000-0000-000000000000},                                         ,   134252507595056796,          0,          0, "Unknown", "", "Unknown( 10): GUID=34f66502-e8a3-3972-e718-cb92e5c6c109 (No Format Information found).", "", "", {34f66502-e8a3-3972-e718-cb92e5c6c109}, " 10", "2026-06-06T16:19:19.505Z",        0, "", "", "2026-06-06T20:19:19.505679600Z", {00000000-0000-0000-0000-000000000000}
     Unknown,         10,           10,          0,          0,          0,          0,          0, 0x0000000000000000, 0x00000004, 0x00000230,                    1,             ,                     ,   {00000000-0000-0000-0000-000000000000},                                         ,   134252507595135423,          0,          0, "Unknown", "", "Unknown( 10): GUID=34f66502-e8a3-3972-e718-cb92e5c6c109 (No Format Information found).", "", "", {34f66502-e8a3-3972-e718-cb92e5c6c109}, " 10", "2026-06-06T16:19:19.513Z",        0, "", "", "2026-06-06T20:19:19.513542300Z", {00000000-0000-0000-0000-000000000000}
     Unknown,         10,           10,          0,          0,          0,          0,          0, 0x0000000000000000, 0x00000004, 0x00000230,                    1,             ,                     ,   {00000000-0000-0000-0000-000000000000},                                         ,   134252507595215136,          0,          0, "Unknown", "", "Unknown( 10): GUID=34f66502-e8a3-3972-e718-cb92e5c6c109 (No Format Information found).", "", "", {34f66502-e8a3-3972-e718-cb92e5c6c109}, " 10", "2026-06-06T16:19:19.521Z",        0, "", "", "2026-06-06T20:19:19.521513600Z", {00000000-0000-0000-0000-000000000000}
     Unknown,         10,           10,          0,          0,          0,          0,          0, 0x0000000000000000, 0x00000004, 0x00000230,                   11,             ,                     ,   {00000000-0000-0000-0000-000000000000},                                         ,   134252507595294952,          0,          0, "Unknown", "", "Unknown( 10): GUID=34f66502-e8a3-3972-e718-cb92e5c6c109 (No Format Information found).", "", "", {34f66502-e8a3-3972-e718-cb92e5c6c109}, " 10", "2026-06-06T16:19:19.529Z",        0, "", "", "2026-06-06T20:19:19.529495200Z", {00000000-0000-0000-0000-000000000000}
     Unknown,         10,           10,          0,          0,          0,          0,          0, 0x0000000000000000, 0x00000004, 0x00000230,                   10,             ,                     ,   {00000000-0000-0000-0000-000000000000},                                         ,   134252507595372799,          0,          0, "Unknown", "", "Unknown( 10): GUID=34f66502-e8a3-3972-e718-cb92e5c6c109 (No Format Information found).", "", "", {34f66502-e8a3-3972-e718-cb92e5c6c109}, " 10", "2026-06-06T16:19:19.537Z",        0, "", "", "2026-06-06T20:19:19.537279900Z", {00000000-0000-0000-0000-000000000000}
     Unknown,         10,           10,          0,          0,          0,          0,          0, 0x0000000000000000, 0x00000004, 0x00000230,                   11,             ,                     ,   {00000000-0000-0000-0000-000000000000},                                         ,   134252507595453216,          0,          0, "Unknown", "", "Unknown( 10): GUID=34f66502-e8a3-3972-e718-cb92e5c6c109 (No Format Information found).", "", "", {34f66502-e8a3-3972-e718-cb92e5c6c109}, " 10", "2026-06-06T16:19:19.545Z",        0, "", "", "2026-06-06T20:19:19.545321600Z", {00000000-0000-0000-0000-000000000000}
     Unknown,         10,           10,          0,          0,          0,          0,          0, 0x0000000000000000, 0x00000004, 0x00000230,                   11,             ,                     ,   {00000000-0000-0000-0000-000000000000},                                         ,   134252507595531611,          0,          0, "Unknown", "", "Unknown( 10): GUID=34f66502-e8a3-3972-e718-cb92e5c6c109 (No Format Information found).", "", "", {34f66502-e8a3-3972-e718-cb92e5c6c109}, " 10", "2026-06-06T16:19:19.553Z",        0, "", "", "2026-06-06T20:19:19.553161100Z", {00000000-0000-0000-0000-000000000000}
     Unknown,         10,           10,          0,          0,          0,          0,          0, 0x0000000000000000, 0x00000004, 0x00000230,                   12,             ,                     ,   {00000000-0000-0000-0000-000000000000},                                         ,   134252507595610484,          0,          0, "Unknown", "", "Unknown( 10): GUID=34f66502-e8a3-3972-e718-cb92e5c6c109 (No Format Information found).", "", "", {34f66502-e8a3-3972-e718-cb92e5c6c109}, " 10", "2026-06-06T16:19:19.561Z",        0, "", "", "2026-06-06T20:19:19.561048400Z", {00000000-0000-0000-0000-000000000000}
     Unknown,         10,           10,          0,          0,          0,          0,          0, 0x0000000000000000, 0x00000004, 0x00000230,                   12,             ,                     ,   {00000000-0000-0000-0000-000000000000},                                         ,   134252507595691514,          0,          0, "Unknown", "", "Unknown( 10): GUID=34f66502-e8a3-3972-e718-cb92e5c6c109 (No Format Information found).", "", "", {34f66502-e8a3-3972-e718-cb92e5c6c109}, " 10", "2026-06-06T16:19:19.569Z",        0, "", "", "2026-06-06T20:19:19.569151400Z", {00000000-0000-0000-0000-000000000000}
     Unknown,         10,           10,          0,          0,          0,          0,          0, 0x0000000000000000, 0x00000004, 0x00000230,                   12,             ,                     ,   {00000000-0000-0000-0000-000000000000},                                         ,   134252507595769816,          0,          0, "Unknown", "", "Unknown( 10): GUID=34f66502-e8a3-3972-e718-cb92e5c6c109 (No Format Information found).", "", "", {34f66502-e8a3-3972-e718-cb92e5c6c109}, " 10", "2026-06-06T16:19:19.576Z",        0, "", "", "2026-06-06T20:19:19.576981600Z", {00000000-0000-0000-0000-000000000000}
     Unknown,         10,           10,          0,          0,          0,          0,          0, 0x0000000000000000, 0x00000004, 0x00000230,                   11,             ,                     ,   {00000000-0000-0000-0000-000000000000},                                         ,   134252507595848118,          0,          0, "Unknown", "", "Unknown( 10): GUID=34f66502-e8a3-3972-e718-cb92e5c6c109 (No Format Information found).", "", "", {34f66502-e8a3-3972-e718-cb92e5c6c109}, " 10", "2026-06-06T16:19:19.584Z",        0, "", "", "2026-06-06T20:19:19.584811800Z", {00000000-0000-0000-0000-000000000000}
     Unknown,         10,           10,          0,          0,          0,          0,          0, 0x0000000000000000, 0x00000004, 0x00000230,                   11,             ,                     ,   {00000000-0000-0000-0000-000000000000},                                         ,   134252507595929673,          0,          0, "Unknown", "", "Unknown( 10): GUID=34f66502-e8a3-3972-e718-cb92e5c6c109 (No Format Information found).", "", "", {34f66502-e8a3-3972-e718-cb92e5c6c109}, " 10", "2026-06-06T16:19:19.592Z",        0, "", "", "2026-06-06T20:19:19.592967300Z", {00000000-0000-0000-0000-000000000000}
     Unknown,         10,           10,          0,          0,          0,          0,          0, 0x0000000000000000, 0x00000004, 0x00000230,                   13,             ,                     ,   {00000000-0000-0000-0000-000000000000},                                         ,   134252507596009943,          0,          0, "Unknown", "", "Unknown( 10): GUID=34f66502-e8a3-3972-e718-cb92e5c6c109 (No Format Information found).", "", "", {34f66502-e8a3-3972-e718-cb92e5c6c109}, " 10", "2026-06-06T16:19:19.600Z",        0, "", "", "2026-06-06T20:19:19.600994300Z", {00000000-0000-0000-0000-000000000000}
     Unknown,         10,           10,          0,          0,          0,          0,          0, 0x0000000000000000, 0x00000004, 0x00000230,                   11,             ,                     ,   {00000000-0000-0000-0000-000000000000},                                         ,   134252507596087630,          0,          0, "Unknown", "", "Unknown( 10): GUID=34f66502-e8a3-3972-e718-cb92e5c6c109 (No Format Information found).", "", "", {34f66502-e8a3-3972-e718-cb92e5c6c109}, " 10", "2026-06-06T16:19:19.608Z",        0, "", "", "2026-06-06T20:19:19.608763000Z", {00000000-0000-0000-0000-000000000000}
     Unknown,         10,           10,          0,          0,          0,          0,          0, 0x0000000000000000, 0x00000004, 0x00000230,                   13,             ,                     ,   {00000000-0000-0000-0000-000000000000},                                         ,   134252507596167845,          0,          0, "Unknown", "", "Unknown( 10): GUID=34f66502-e8a3-3972-e718-cb92e5c6c109 (No Format Information found).", "", "", {34f66502-e8a3-3972-e718-cb92e5c6c109}, " 10", "2026-06-06T16:19:19.616Z",        0, "", "", "2026-06-06T20:19:19.616784500Z", {00000000-0000-0000-0000-000000000000}
     Unknown,         10,           10,          0,          0,          0,          0,          0, 0x0000000000000000, 0x00000004, 0x00000230,                   11,             ,                     ,   {00000000-0000-0000-0000-000000000000},                                         ,   134252507596245892,          0,          0, "Unknown", "", "Unknown( 10): GUID=34f66502-e8a3-3972-e718-cb92e5c6c109 (No Format Information found).", "", "", {34f66502-e8a3-3972-e718-cb92e5c6c109}, " 10", "2026-06-06T16:19:19.624Z",        0, "", "", "2026-06-06T20:19:19.624589200Z", {00000000-0000-0000-0000-000000000000}
     Unknown,         10,           10,          0,          0,          0,          0,          0, 0x0000000000000000, 0x00000004, 0x00000230,                   16,             ,                     ,   {00000000-0000-0000-0000-000000000000},                                         ,   134252507596326082,          0,          0, "Unknown", "", "Unknown( 10): GUID=34f66502-e8a3-3972-e718-cb92e5c6c109 (No Format Information found).", "", "", {34f66502-e8a3-3972-e718-cb92e5c6c109}, " 10", "2026-06-06T16:19:19.632Z",        0, "", "", "2026-06-06T20:19:19.632608200Z", {00000000-0000-0000-0000-000000000000}
     Unknown,         10,           10,          0,          0,          0,          0,          0, 0x0000000000000000, 0x00000004, 0x00000230,                   16,             ,                     ,   {00000000-0000-0000-0000-000000000000},                                         ,   134252507596405159,          0,          0, "Unknown", "", "Unknown( 10): GUID=34f66502-e8a3-3972-e718-cb92e5c6c109 (No Format Information found).", "", "", {34f66502-e8a3-3972-e718-cb92e5c6c109}, " 10", "2026-06-06T16:19:19.640Z",        0, "", "", "2026-06-06T20:19:19.640515900Z", {00000000-0000-0000-0000-000000000000}
     Unknown,         10,           10,          0,          0,          0,          0,          0, 0x0000000000000000, 0x00000004, 0x00000230,                   11,             ,                     ,   {00000000-0000-0000-0000-000000000000},                                         ,   134252507596484376,          0,          0, "Unknown", "", "Unknown( 10): GUID=34f66502-e8a3-3972-e718-cb92e5c6c109 (No Format Information found).", "", "", {34f66502-e8a3-3972-e718-cb92e5c6c109}, " 10", "2026-06-06T16:19:19.648Z",        0, "", "", "2026-06-06T20:19:19.648437600Z", {00000000-0000-0000-0000-000000000000}
     Unknown,         10,           10,          0,          0,          0,          0,          0, 0x0000000000000000, 0x00000004, 0x00000230,                   13,             ,                     ,   {00000000-0000-0000-0000-000000000000},                                         ,   134252507596564198,          0,          0, "Unknown", "", "Unknown( 10): GUID=34f66502-e8a3-3972-e718-cb92e5c6c109 (No Format Information found).", "", "", {34f66502-e8a3-3972-e718-cb92e5c6c109}, " 10", "2026-06-06T16:19:19.656Z",        0, "", "", "2026-06-06T20:19:19.656419800Z", {00000000-0000-0000-0000-000000000000}
     Unknown,         10,           10,          0,          0,          0,          0,          0, 0x0000000000000000, 0x00000004, 0x00000230,                   11,             ,                     ,   {00000000-0000-0000-0000-000000000000},                                         ,   134252507596642325,          0,          0, "Unknown", "", "Unknown( 10): GUID=34f66502-e8a3-3972-e718-cb92e5c6c109 (No Format Information found).", "", "", {34f66502-e8a3-3972-e718-cb92e5c6c109}, " 10", "2026-06-06T16:19:19.664Z",        0, "", "", "2026-06-06T20:19:19.664232500Z", {00000000-0000-0000-0000-000000000000}
     Unknown,         10,           10,          0,          0,          0,          0,          0, 0x0000000000000000, 0x00000004, 0x00000230,                   13,             ,                     ,   {00000000-0000-0000-0000-000000000000},                                         ,   134252507596723214,          0,          0, "Unknown", "", "Unknown( 10): GUID=34f66502-e8a3-3972-e718-cb92e5c6c109 (No Format Information found).", "", "", {34f66502-e8a3-3972-e718-cb92e5c6c109}, " 10", "2026-06-06T16:19:19.672Z",        0, "", "", "2026-06-06T20:19:19.672321400Z", {00000000-0000-0000-0000-000000000000}
     Unknown,         10,           10,          0,          0,          0,          0,          0, 0x0000000000000000, 0x00000004, 0x00000230,                   12,             ,                     ,   {00000000-0000-0000-0000-000000000000},                                         ,   134252507596802766,          0,          0, "Unknown", "", "Unknown( 10): GUID=34f66502-e8a3-3972-e718-cb92e5c6c109 (No Format Information found).", "", "", {34f66502-e8a3-3972-e718-cb92e5c6c109}, " 10", "2026-06-06T16:19:19.680Z",        0, "", "", "2026-06-06T20:19:19.680276600Z", {00000000-0000-0000-0000-000000000000}
     Unknown,         10,           10,          0,          0,          0,          0,          0, 0x0000000000000000, 0x00000004, 0x00000230,                   12,             ,                     ,   {00000000-0000-0000-0000-000000000000},                                         ,   134252507596884291,          0,          0, "Unknown", "", "Unknown( 10): GUID=34f66502-e8a3-3972-e718-cb92e5c6c109 (No Format Information found).", "", "", {34f66502-e8a3-3972-e718-cb92e5c6c109}, " 10", "2026-06-06T16:19:19.688Z",        0, "", "", "2026-06-06T20:19:19.688429100Z", {00000000-0000-0000-0000-000000000000}
     Unknown,         10,           10,          0,          0,          0,          0,          0, 0x0000000000000000, 0x00000004, 0x00000230,                   12,             ,                     ,   {00000000-0000-0000-0000-000000000000},                                         ,   134252507596960450,          0,          0, "Unknown", "", "Unknown( 10): GUID=34f66502-e8a3-3972-e718-cb92e5c6c109 (No Format Information found).", "", "", {34f66502-e8a3-3972-e718-cb92e5c6c109}, " 10", "2026-06-06T16:19:19.696Z",        0, "", "", "2026-06-06T20:19:19.696045000Z", {00000000-0000-0000-0000-000000000000}
     Unknown,         10,           10,          0,          0,          0,          0,          0, 0x0000000000000000, 0x00000004, 0x00000230,                   12,             ,                     ,   {00000000-0000-0000-0000-000000000000},                                         ,   134252507597040042,          0,          0, "Unknown", "", "Unknown( 10): GUID=34f66502-e8a3-3972-e718-cb92e5c6c109 (No Format Information found).", "", "", {34f66502-e8a3-3972-e718-cb92e5c6c109}, " 10", "2026-06-06T16:19:19.704Z",        0, "", "", "2026-06-06T20:19:19.704004200Z", {00000000-0000-0000-0000-000000000000}
     Unknown,         10,           10,          0,          0,          0,          0,          0, 0x0000000000000000, 0x00000004, 0x00000230,                   13,             ,                     ,   {00000000-0000-0000-0000-000000000000},                                         ,   134252507597120341,          0,          0, "Unknown", "", "Unknown( 10): GUID=34f66502-e8a3-3972-e718-cb92e5c6c109 (No Format Information found).", "", "", {34f66502-e8a3-3972-e718-cb92e5c6c109}, " 10", "2026-06-06T16:19:19.712Z",        0, "", "", "2026-06-06T20:19:19.712034100Z", {00000000-0000-0000-0000-000000000000}
     Unknown,         10,           10,          0,          0,          0,          0,          0, 0x0000000000000000, 0x00000004, 0x00000230,                   13,             ,                     ,   {00000000-0000-0000-0000-000000000000},                                         ,   134252507597198007,          0,          0, "Unknown", "", "Unknown( 10): GUID=34f66502-e8a3-3972-e718-cb92e5c6c109 (No Format Information found).", "", "", {34f66502-e8a3-3972-e718-cb92e5c6c109}, " 10", "2026-06-06T16:19:19.719Z",        0, "", "", "2026-06-06T20:19:19.719800700Z", {00000000-0000-0000-0000-000000000000}
     Unknown,         10,           10,          0,          0,          0,          0,          0, 0x0000000000000000, 0x00000004, 0x00000230,                   11,             ,                     ,   {00000000-0000-0000-0000-000000000000},                                         ,   134252507597277445,          0,          0, "Unknown", "", "Unknown( 10): GUID=34f66502-e8a3-3972-e718-cb92e5c6c109 (No Format Information found).", "", "", {34f66502-e8a3-3972-e718-cb92e5c6c109}, " 10", "2026-06-06T16:19:19.727Z",        0, "", "", "2026-06-06T20:19:19.727744500Z", {00000000-0000-0000-0000-000000000000}
     Unknown,         10,           10,          0,          0,          0,          0,          0, 0x0000000000000000, 0x00000004, 0x00000230,                   11,             ,                     ,   {00000000-0000-0000-0000-000000000000},                                         ,   134252507597357488,          0,          0, "Unknown", "", "Unknown( 10): GUID=34f66502-e8a3-3972-e718-cb92e5c6c109 (No Format Information found).", "", "", {34f66502-e8a3-3972-e718-cb92e5c6c109}, " 10", "2026-06-06T16:19:19.735Z",        0, "", "", "2026-06-06T20:19:19.735748800Z", {00000000-0000-0000-0000-000000000000}
     Unknown,         10,           10,          0,          0,          0,          0,          0, 0x0000000000000000, 0x00000004, 0x00000230,                   13,             ,                     ,   {00000000-0000-0000-0000-000000000000},                                         ,   134252507597436013,          0,          0, "Unknown", "", "Unknown( 10): GUID=34f66502-e8a3-3972-e718-cb92e5c6c109 (No Format Information found).", "", "", {34f66502-e8a3-3972-e718-cb92e5c6c109}, " 10", "2026-06-06T16:19:19.743Z",        0, "", "", "2026-06-06T20:19:19.743601300Z", {00000000-0000-0000-0000-000000000000}
     Unknown,         10,           10,          0,          0,          0,          0,          0, 0x0000000000000000, 0x00000004, 0x00000230,                   11,             ,                     ,   {00000000-0000-0000-0000-000000000000},                                         ,   134252507597519302,          0,          0, "Unknown", "", "Unknown( 10): GUID=34f66502-e8a3-3972-e718-cb92e5c6c109 (No Format Information found).", "", "", {34f66502-e8a3-3972-e718-cb92e5c6c109}, " 10", "2026-06-06T16:19:19.751Z",        0, "", "", "2026-06-06T20:19:19.751930200Z", {00000000-0000-0000-0000-000000000000}
     Unknown,         10,           10,          0,          0,          0,          0,          0, 0x0000000000000000, 0x00000004, 0x00000230,                   11,             ,                     ,   {00000000-0000-0000-0000-000000000000},                                         ,   134252507597598213,          0,          0, "Unknown", "", "Unknown( 10): GUID=34f66502-e8a3-3972-e718-cb92e5c6c109 (No Format Information found).", "", "", {34f66502-e8a3-3972-e718-cb92e5c6c109}, " 10", "2026-06-06T16:19:19.759Z",        0, "", "", "2026-06-06T20:19:19.759821300Z", {00000000-0000-0000-0000-000000000000}
     Unknown,         10,           10,          0,          0,          0,          0,          0, 0x0000000000000000, 0x00000004, 0x00000230,                   13,             ,                     ,   {00000000-0000-0000-0000-000000000000},                                         ,   134252507597675286,          0,          0, "Unknown", "", "Unknown( 10): GUID=34f66502-e8a3-3972-e718-cb92e5c6c109 (No Format Information found).", "", "", {34f66502-e8a3-3972-e718-cb92e5c6c109}, " 10", "2026-06-06T16:19:19.767Z",        0, "", "", "2026-06-06T20:19:19.767528600Z", {00000000-0000-0000-0000-000000000000}
     Unknown,         10,           10,          0,          0,          0,          0,          0, 0x0000000000000000, 0x00000004, 0x00000230,                   11,             ,                     ,   {00000000-0000-0000-0000-000000000000},                                         ,   134252507597753770,          0,          0, "Unknown", "", "Unknown( 10): GUID=34f66502-e8a3-3972-e718-cb92e5c6c109 (No Format Information found).", "", "", {34f66502-e8a3-3972-e718-cb92e5c6c109}, " 10", "2026-06-06T16:19:19.775Z",        0, "", "", "2026-06-06T20:19:19.775377000Z", {00000000-0000-0000-0000-000000000000}
     Unknown,         10,           10,          0,          0,          0,          0,          0, 0x0000000000000000, 0x00000004, 0x00000230,                   11,             ,                     ,   {00000000-0000-0000-0000-000000000000},                                         ,   134252507597834296,          0,          0, "Unknown", "", "Unknown( 10): GUID=34f66502-e8a3-3972-e718-cb92e5c6c109 (No Format Information found).", "", "", {34f66502-e8a3-3972-e718-cb92e5c6c109}, " 10", "2026-06-06T16:19:19.783Z",        0, "", "", "2026-06-06T20:19:19.783429600Z", {00000000-0000-0000-0000-000000000000}
     Unknown,         10,           10,          0,          0,          0,          0,          0, 0x0000000000000000, 0x00000004, 0x00000230,                   13,             ,                     ,   {00000000-0000-0000-0000-000000000000},                                         ,   134252507597912398,          0,          0, "Unknown", "", "Unknown( 10): GUID=34f66502-e8a3-3972-e718-cb92e5c6c109 (No Format Information found).", "", "", {34f66502-e8a3-3972-e718-cb92e5c6c109}, " 10", "2026-06-06T16:19:19.791Z",        0, "", "", "2026-06-06T20:19:19.791239800Z", {00000000-0000-0000-0000-000000000000}
     Unknown,         10,           10,          0,          0,          0,          0,          0, 0x0000000000000000, 0x00000004, 0x00000230,                   12,             ,                     ,   {00000000-0000-0000-0000-000000000000},                                         ,   134252507597993087,          0,          0, "Unknown", "", "Unknown( 10): GUID=34f66502-e8a3-3972-e718-cb92e5c6c109 (No Format Information found).", "", "", {34f66502-e8a3-3972-e718-cb92e5c6c109}, " 10", "2026-06-06T16:19:19.799Z",        0, "", "", "2026-06-06T20:19:19.799308700Z", {00000000-0000-0000-0000-000000000000}
     Unknown,         10,           10,          0,          0,          0,          0,          0, 0x0000000000000000, 0x00000004, 0x00000230,                   16,             ,                     ,   {00000000-0000-0000-0000-000000000000},                                         ,   134252507598071830,          0,          0, "Unknown", "", "Unknown( 10): GUID=34f66502-e8a3-3972-e718-cb92e5c6c109 (No Format Information found).", "", "", {34f66502-e8a3-3972-e718-cb92e5c6c109}, " 10", "2026-06-06T16:19:19.807Z",        0, "", "", "2026-06-06T20:19:19.807183000Z", {00000000-0000-0000-0000-000000000000}
     Unknown,         10,           10,          0,          0,          0,          0,          0, 0x0000000000000000, 0x00000004, 0x00000230,                   12,             ,                     ,   {00000000-0000-0000-0000-000000000000},                                         ,   134252507598150798,          0,          0, "Unknown", "", "Unknown( 10): GUID=34f66502-e8a3-3972-e718-cb92e5c6c109 (No Format Information found).", "", "", {34f66502-e8a3-3972-e718-cb92e5c6c109}, " 10", "2026-06-06T16:19:19.815Z",        0, "", "", "2026-06-06T20:19:19.815079800Z", {00000000-0000-0000-0000-000000000000}
     Unknown,         10,           10,          0,          0,          0,          0,          0, 0x0000000000000000, 0x00000004, 0x00000230,                   12,             ,                     ,   {00000000-0000-0000-0000-000000000000},                                         ,   134252507598229748,          0,          0, "Unknown", "", "Unknown( 10): GUID=34f66502-e8a3-3972-e718-cb92e5c6c109 (No Format Information found).", "", "", {34f66502-e8a3-3972-e718-cb92e5c6c109}, " 10", "2026-06-06T16:19:19.822Z",        0, "", "", "2026-06-06T20:19:19.822974800Z", {00000000-0000-0000-0000-000000000000}
     Unknown,         10,           10,          0,          0,          0,          0,          0, 0x0000000000000000, 0x00000004, 0x00000230,                   13,             ,                     ,   {00000000-0000-0000-0000-000000000000},                                         ,   134252507598309713,          0,          0, "Unknown", "", "Unknown( 10): GUID=34f66502-e8a3-3972-e718-cb92e5c6c109 (No Format Information found).", "", "", {34f66502-e8a3-3972-e718-cb92e5c6c109}, " 10", "2026-06-06T16:19:19.830Z",        0, "", "", "2026-06-06T20:19:19.830971300Z", {00000000-0000-0000-0000-000000000000}
     Unknown,         10,           10,          0,          0,          0,          0,          0, 0x0000000000000000, 0x00000004, 0x00000230,                   11,             ,                     ,   {00000000-0000-0000-0000-000000000000},                                         ,   134252507598388512,          0,          0, "Unknown", "", "Unknown( 10): GUID=34f66502-e8a3-3972-e718-cb92e5c6c109 (No Format Information found).", "", "", {34f66502-e8a3-3972-e718-cb92e5c6c109}, " 10", "2026-06-06T16:19:19.838Z",        0, "", "", "2026-06-06T20:19:19.838851200Z", {00000000-0000-0000-0000-000000000000}
     Unknown,         10,           10,          0,          0,          0,          0,          0, 0x0000000000000000, 0x00000004, 0x00000230,                   13,             ,                     ,   {00000000-0000-0000-0000-000000000000},                                         ,   134252507598469174,          0,          0, "Unknown", "", "Unknown( 10): GUID=34f66502-e8a3-3972-e718-cb92e5c6c109 (No Format Information found).", "", "", {34f66502-e8a3-3972-e718-cb92e5c6c109}, " 10", "2026-06-06T16:19:19.846Z",        0, "", "", "2026-06-06T20:19:19.846917400Z", {00000000-0000-0000-0000-000000000000}
     Unknown,         10,           10,          0,          0,          0,          0,          0, 0x0000000000000000, 0x00000004, 0x00000230,                   13,             ,                     ,   {00000000-0000-0000-0000-000000000000},                                         ,   134252507598551598,          0,          0, "Unknown", "", "Unknown( 10): GUID=34f66502-e8a3-3972-e718-cb92e5c6c109 (No Format Information found).", "", "", {34f66502-e8a3-3972-e718-cb92e5c6c109}, " 10", "2026-06-06T16:19:19.855Z",        0, "", "", "2026-06-06T20:19:19.855159800Z", {00000000-0000-0000-0000-000000000000}
     Unknown,         10,           10,          0,          0,          0,          0,          0, 0x0000000000000000, 0x00000004, 0x00000230,                   11,             ,                     ,   {00000000-0000-0000-0000-000000000000},                                         ,   134252507598629037,          0,          0, "Unknown", "", "Unknown( 10): GUID=34f66502-e8a3-3972-e718-cb92e5c6c109 (No Format Information found).", "", "", {34f66502-e8a3-3972-e718-cb92e5c6c109}, " 10", "2026-06-06T16:19:19.862Z",        0, "", "", "2026-06-06T20:19:19.862903700Z", {00000000-0000-0000-0000-000000000000}
     Unknown,         10,           10,          0,          0,          0,          0,          0, 0x0000000000000000, 0x00000004, 0x00000230,                   13,             ,                     ,   {00000000-0000-0000-0000-000000000000},                                         ,   134252507598711034,          0,          0, "Unknown", "", "Unknown( 10): GUID=34f66502-e8a3-3972-e718-cb92e5c6c109 (No Format Information found).", "", "", {34f66502-e8a3-3972-e718-cb92e5c6c109}, " 10", "2026-06-06T16:19:19.871Z",        0, "", "", "2026-06-06T20:19:19.871103400Z", {00000000-0000-0000-0000-000000000000}
     Unknown,         10,           10,          0,          0,          0,          0,          0, 0x0000000000000000, 0x00000004, 0x00000230,                   11,             ,                     ,   {00000000-0000-0000-0000-000000000000},                                         ,   134252507598788249,          0,          0, "Unknown", "", "Unknown( 10): GUID=34f66502-e8a3-3972-e718-cb92e5c6c109 (No Format Information found).", "", "", {34f66502-e8a3-3972-e718-cb92e5c6c109}, " 10", "2026-06-06T16:19:19.878Z",        0, "", "", "2026-06-06T20:19:19.878824900Z", {00000000-0000-0000-0000-000000000000}
     Unknown,         10,           10,          0,          0,          0,          0,          0, 0x0000000000000000, 0x00000004, 0x00000230,                   11,             ,                     ,   {00000000-0000-0000-0000-000000000000},                                         ,   134252507598868871,          0,          0, "Unknown", "", "Unknown( 10): GUID=34f66502-e8a3-3972-e718-cb92e5c6c109 (No Format Information found).", "", "", {34f66502-e8a3-3972-e718-cb92e5c6c109}, " 10", "2026-06-06T16:19:19.886Z",        0, "", "", "2026-06-06T20:19:19.886887100Z", {00000000-0000-0000-0000-000000000000}
     Unknown,         10,           10,          0,          0,          0,          0,          0, 0x0000000000000000, 0x00000004, 0x00000230,                   13,             ,                     ,   {00000000-0000-0000-0000-000000000000},                                         ,   134252507598945810,          0,          0, "Unknown", "", "Unknown( 10): GUID=34f66502-e8a3-3972-e718-cb92e5c6c109 (No Format Information found).", "", "", {34f66502-e8a3-3972-e718-cb92e5c6c109}, " 10", "2026-06-06T16:19:19.894Z",        0, "", "", "2026-06-06T20:19:19.894581000Z", {00000000-0000-0000-0000-000000000000}
     Unknown,         10,           10,          0,          0,          0,          0,          0, 0x0000000000000000, 0x00000004, 0x00000230,                   10,             ,                     ,   {00000000-0000-0000-0000-000000000000},                                         ,   134252507599027146,          0,          0, "Unknown", "", "Unknown( 10): GUID=34f66502-e8a3-3972-e718-cb92e5c6c109 (No Format Information found).", "", "", {34f66502-e8a3-3972-e718-cb92e5c6c109}, " 10", "2026-06-06T16:19:19.902Z",        0, "", "", "2026-06-06T20:19:19.902714600Z", {00000000-0000-0000-0000-000000000000}
     Unknown,         10,           10,          0,          0,          0,          0,          0, 0x0000000000000000, 0x00000004, 0x00000230,                   11,             ,                     ,   {00000000-0000-0000-0000-000000000000},                                         ,   134252507599106110,          0,          0, "Unknown", "", "Unknown( 10): GUID=34f66502-e8a3-3972-e718-cb92e5c6c109 (No Format Information found).", "", "", {34f66502-e8a3-3972-e718-cb92e5c6c109}, " 10", "2026-06-06T16:19:19.910Z",        0, "", "", "2026-06-06T20:19:19.910611000Z", {00000000-0000-0000-0000-000000000000}
     Unknown,         10,           10,          0,          0,          0,          0,          0, 0x0000000000000000, 0x00000004, 0x00000230,                   10,             ,                     ,   {00000000-0000-0000-0000-000000000000},                                         ,   134252507599201848,          0,          0, "Unknown", "", "Unknown( 10): GUID=34f66502-e8a3-3972-e718-cb92e5c6c109 (No Format Information found).", "", "", {34f66502-e8a3-3972-e718-cb92e5c6c109}, " 10", "2026-06-06T16:19:19.920Z",        0, "", "", "2026-06-06T20:19:19.920184800Z", {00000000-0000-0000-0000-000000000000}
     Unknown,         10,           10,          0,          0,          0,          0,          0, 0x0000000000000000, 0x00000004, 0x00000230,                   12,             ,                     ,   {00000000-0000-0000-0000-000000000000},                                         ,   134252507599262389,          0,          0, "Unknown", "", "Unknown( 10): GUID=34f66502-e8a3-3972-e718-cb92e5c6c109 (No Format Information found).", "", "", {34f66502-e8a3-3972-e718-cb92e5c6c109}, " 10", "2026-06-06T16:19:19.926Z",        0, "", "", "2026-06-06T20:19:19.926238900Z", {00000000-0000-0000-0000-000000000000}
     Unknown,         10,           10,          0,          0,          0,          0,          0, 0x0000000000000000, 0x00000004, 0x00000230,                   12,             ,                     ,   {00000000-0000-0000-0000-000000000000},                                         ,   134252507599338272,          0,          0, "Unknown", "", "Unknown( 10): GUID=34f66502-e8a3-3972-e718-cb92e5c6c109 (No Format Information found).", "", "", {34f66502-e8a3-3972-e718-cb92e5c6c109}, " 10", "2026-06-06T16:19:19.933Z",        0, "", "", "2026-06-06T20:19:19.933827200Z", {00000000-0000-0000-0000-000000000000}
     Unknown,         10,           10,          0,          0,          0,          0,          0, 0x0000000000000000, 0x00000004, 0x00000230,                   16,             ,                     ,   {00000000-0000-0000-0000-000000000000},                                         ,   134252507599418309,          0,          0, "Unknown", "", "Unknown( 10): GUID=34f66502-e8a3-3972-e718-cb92e5c6c109 (No Format Information found).", "", "", {34f66502-e8a3-3972-e718-cb92e5c6c109}, " 10", "2026-06-06T16:19:19.941Z",        0, "", "", "2026-06-06T20:19:19.941830900Z", {00000000-0000-0000-0000-000000000000}
     Unknown,         10,           10,          0,          0,          0,          0,          0, 0x0000000000000000, 0x00000004, 0x00000230,                   11,             ,                     ,   {00000000-0000-0000-0000-000000000000},                                         ,   134252507599497044,          0,          0, "Unknown", "", "Unknown( 10): GUID=34f66502-e8a3-3972-e718-cb92e5c6c109 (No Format Information found).", "", "", {34f66502-e8a3-3972-e718-cb92e5c6c109}, " 10", "2026-06-06T16:19:19.949Z",        0, "", "", "2026-06-06T20:19:19.949704400Z", {00000000-0000-0000-0000-000000000000}
     Unknown,         10,           10,          0,          0,          0,          0,          0, 0x0000000000000000, 0x00000004, 0x00000230,                   11,             ,                     ,   {00000000-0000-0000-0000-000000000000},                                         ,   134252507599576616,          0,          0, "Unknown", "", "Unknown( 10): GUID=34f66502-e8a3-3972-e718-cb92e5c6c109 (No Format Information found).", "", "", {34f66502-e8a3-3972-e718-cb92e5c6c109}, " 10", "2026-06-06T16:19:19.957Z",        0, "", "", "2026-06-06T20:19:19.957661600Z", {00000000-0000-0000-0000-000000000000}
     Unknown,         10,           10,          0,          0,          0,          0,          0, 0x0000000000000000, 0x00000004, 0x00000230,                   11,             ,                     ,   {00000000-0000-0000-0000-000000000000},                                         ,   134252507599655444,          0,          0, "Unknown", "", "Unknown( 10): GUID=34f66502-e8a3-3972-e718-cb92e5c6c109 (No Format Information found).", "", "", {34f66502-e8a3-3972-e718-cb92e5c6c109}, " 10", "2026-06-06T16:19:19.965Z",        0, "", "", "2026-06-06T20:19:19.965544400Z", {00000000-0000-0000-0000-000000000000}
     Unknown,         10,           10,          0,          0,          0,          0,          0, 0x0000000000000000, 0x00000004, 0x00000230,                   16,             ,                     ,   {00000000-0000-0000-0000-000000000000},                                         ,   134252507599735064,          0,          0, "Unknown", "", "Unknown( 10): GUID=34f66502-e8a3-3972-e718-cb92e5c6c109 (No Format Information found).", "", "", {34f66502-e8a3-3972-e718-cb92e5c6c109}, " 10", "2026-06-06T16:19:19.973Z",        0, "", "", "2026-06-06T20:19:19.973506400Z", {00000000-0000-0000-0000-000000000000}
     Unknown,         10,           10,          0,          0,          0,          0,          0, 0x0000000000000000, 0x00000004, 0x00000230,                   11,             ,                     ,   {00000000-0000-0000-0000-000000000000},                                         ,   134252507599814419,          0,          0, "Unknown", "", "Unknown( 10): GUID=34f66502-e8a3-3972-e718-cb92e5c6c109 (No Format Information found).", "", "", {34f66502-e8a3-3972-e718-cb92e5c6c109}, " 10", "2026-06-06T16:19:19.981Z",        0, "", "", "2026-06-06T20:19:19.981441900Z", {00000000-0000-0000-0000-000000000000}
     Unknown,         10,           10,          0,          0,          0,          0,          0, 0x0000000000000000, 0x00000004, 0x00000230,                   13,             ,                     ,   {00000000-0000-0000-0000-000000000000},                                         ,   134252507599894007,          0,          0, "Unknown", "", "Unknown( 10): GUID=34f66502-e8a3-3972-e718-cb92e5c6c109 (No Format Information found).", "", "", {34f66502-e8a3-3972-e718-cb92e5c6c109}, " 10", "2026-06-06T16:19:19.989Z",        0, "", "", "2026-06-06T20:19:19.989400700Z", {00000000-0000-0000-0000-000000000000}
     Unknown,         10,           10,          0,          0,          0,          0,          0, 0x0000000000000000, 0x00000004, 0x00000230,                   11,             ,                     ,   {00000000-0000-0000-0000-000000000000},                                         ,   134252507599974877,          0,          0, "Unknown", "", "Unknown( 10): GUID=34f66502-e8a3-3972-e718-cb92e5c6c109 (No Format Information found).", "", "", {34f66502-e8a3-3972-e718-cb92e5c6c109}, " 10", "2026-06-06T16:19:19.997Z",        0, "", "", "2026-06-06T20:19:19.997487700Z", {00000000-0000-0000-0000-000000000000}
     Unknown,         10,           10,          0,          0,          0,          0,          0, 0x0000000000000000, 0x00000004, 0x00000230,                   13,             ,                     ,   {00000000-0000-0000-0000-000000000000},                                         ,   134252507600057523,          0,          0, "Unknown", "", "Unknown( 10): GUID=34f66502-e8a3-3972-e718-cb92e5c6c109 (No Format Information found).", "", "", {34f66502-e8a3-3972-e718-cb92e5c6c109}, " 10", "2026-06-06T16:19:20.005Z",        0, "", "", "2026-06-06T20:19:20.005752300Z", {00000000-0000-0000-0000-000000000000}
     Unknown,         10,           10,          0,          0,          0,          0,          0, 0x0000000000000000, 0x00000004, 0x00000230,                   18,             ,                     ,   {00000000-0000-0000-0000-000000000000},                                         ,   134252507600137164,          0,          0, "Unknown", "", "Unknown( 10): GUID=34f66502-e8a3-3972-e718-cb92e5c6c109 (No Format Information found).", "", "", {34f66502-e8a3-3972-e718-cb92e5c6c109}, " 10", "2026-06-06T16:19:20.013Z",        0, "", "", "2026-06-06T20:19:20.013716400Z", {00000000-0000-0000-0000-000000000000}
     Unknown,         10,           10,          0,          0,          0,          0,          0, 0x0000000000000000, 0x00000004, 0x00000230,                   13,             ,                     ,   {00000000-0000-0000-0000-000000000000},                                         ,   134252507600217430,          0,          0, "Unknown", "", "Unknown( 10): GUID=34f66502-e8a3-3972-e718-cb92e5c6c109 (No Format Information found).", "", "", {34f66502-e8a3-3972-e718-cb92e5c6c109}, " 10", "2026-06-06T16:19:20.021Z",        0, "", "", "2026-06-06T20:19:20.021743000Z", {00000000-0000-0000-0000-000000000000}
     Unknown,         10,           10,          0,          0,          0,          0,          0, 0x0000000000000000, 0x00000004, 0x00000230,                   11,             ,                     ,   {00000000-0000-0000-0000-000000000000},                                         ,   134252507600296629,          0,          0, "Unknown", "", "Unknown( 10): GUID=34f66502-e8a3-3972-e718-cb92e5c6c109 (No Format Information found).", "", "", {34f66502-e8a3-3972-e718-cb92e5c6c109}, " 10", "2026-06-06T16:19:20.029Z",        0, "", "", "2026-06-06T20:19:20.029662900Z", {00000000-0000-0000-0000-000000000000}
     Unknown,         10,           10,          0,          0,          0,          0,          0, 0x0000000000000000, 0x00000004, 0x00000230,                   11,             ,                     ,   {00000000-0000-0000-0000-000000000000},                                         ,   134252507600375951,          0,          0, "Unknown", "", "Unknown( 10): GUID=34f66502-e8a3-3972-e718-cb92e5c6c109 (No Format Information found).", "", "", {34f66502-e8a3-3972-e718-cb92e5c6c109}, " 10", "2026-06-06T16:19:20.037Z",        0, "", "", "2026-06-06T20:19:20.037595100Z", {00000000-0000-0000-0000-000000000000}
     Unknown,         10,           10,          0,          0,          0,          0,          0, 0x0000000000000000, 0x00000004, 0x00000230,                   11,             ,                     ,   {00000000-0000-0000-0000-000000000000},                                         ,   134252507600456144,          0,          0, "Unknown", "", "Unknown( 10): GUID=34f66502-e8a3-3972-e718-cb92e5c6c109 (No Format Information found).", "", "", {34f66502-e8a3-3972-e718-cb92e5c6c109}, " 10", "2026-06-06T16:19:20.045Z",        0, "", "", "2026-06-06T20:19:20.045614400Z", {00000000-0000-0000-0000-000000000000}
     Unknown,         10,           10,          0,          0,          0,          0,          0, 0x0000000000000000, 0x00000004, 0x00000230,                   11,             ,                     ,   {00000000-0000-0000-0000-000000000000},                                         ,   134252507600536075,          0,          0, "Unknown", "", "Unknown( 10): GUID=34f66502-e8a3-3972-e718-cb92e5c6c109 (No Format Information found).", "", "", {34f66502-e8a3-3972-e718-cb92e5c6c109}, " 10", "2026-06-06T16:19:20.053Z",        0, "", "", "2026-06-06T20:19:20.053607500Z", {00000000-0000-0000-0000-000000000000}
     Unknown,         10,           10,          0,          0,          0,          0,          0, 0x0000000000000000, 0x00000004, 0x00000230,                   11,             ,                     ,   {00000000-0000-0000-0000-000000000000},                                         ,   134252507600614119,          0,          0, "Unknown", "", "Unknown( 10): GUID=34f66502-e8a3-3972-e718-cb92e5c6c109 (No Format Information found).", "", "", {34f66502-e8a3-3972-e718-cb92e5c6c109}, " 10", "2026-06-06T16:19:20.061Z",        0, "", "", "2026-06-06T20:19:20.061411900Z", {00000000-0000-0000-0000-000000000000}
     Unknown,         10,           10,          0,          0,          0,          0,          0, 0x0000000000000000, 0x00000004, 0x00000230,                   11,             ,                     ,   {00000000-0000-0000-0000-000000000000},                                         ,   134252507600695689,          0,          0, "Unknown", "", "Unknown( 10): GUID=34f66502-e8a3-3972-e718-cb92e5c6c109 (No Format Information found).", "", "", {34f66502-e8a3-3972-e718-cb92e5c6c109}, " 10", "2026-06-06T16:19:20.069Z",        0, "", "", "2026-06-06T20:19:20.069568900Z", {00000000-0000-0000-0000-000000000000}
     Unknown,         10,           10,          0,          0,          0,          0,          0, 0x0000000000000000, 0x00000004, 0x00000230,                   10,             ,                     ,   {00000000-0000-0000-0000-000000000000},                                         ,   134252507600772560,          0,          0, "Unknown", "", "Unknown( 10): GUID=34f66502-e8a3-3972-e718-cb92e5c6c109 (No Format Information found).", "", "", {34f66502-e8a3-3972-e718-cb92e5c6c109}, " 10", "2026-06-06T16:19:20.077Z",        0, "", "", "2026-06-06T20:19:20.077256000Z", {00000000-0000-0000-0000-000000000000}
     Unknown,         10,           10,          0,          0,          0,          0,          0, 0x0000000000000000, 0x00000004, 0x00000230,                   11,             ,                     ,   {00000000-0000-0000-0000-000000000000},                                         ,   134252507600851465,          0,          0, "Unknown", "", "Unknown( 10): GUID=34f66502-e8a3-3972-e718-cb92e5c6c109 (No Format Information found).", "", "", {34f66502-e8a3-3972-e718-cb92e5c6c109}, " 10", "2026-06-06T16:19:20.085Z",        0, "", "", "2026-06-06T20:19:20.085146500Z", {00000000-0000-0000-0000-000000000000}
     Unknown,         10,           10,          0,          0,          0,          0,          0, 0x0000000000000000, 0x00000004, 0x00000230,                   11,             ,                     ,   {00000000-0000-0000-0000-000000000000},                                         ,   134252507600930504,          0,          0, "Unknown", "", "Unknown( 10): GUID=34f66502-e8a3-3972-e718-cb92e5c6c109 (No Format Information found).", "", "", {34f66502-e8a3-3972-e718-cb92e5c6c109}, " 10", "2026-06-06T16:19:20.093Z",        0, "", "", "2026-06-06T20:19:20.093050400Z", {00000000-0000-0000-0000-000000000000}
     Unknown,         10,           10,          0,          0,          0,          0,          0, 0x0000000000000000, 0x00000004, 0x00000230,                   14,             ,                     ,   {00000000-0000-0000-0000-000000000000},                                         ,   134252507601011430,          0,          0, "Unknown", "", "Unknown( 10): GUID=34f66502-e8a3-3972-e718-cb92e5c6c109 (No Format Information found).", "", "", {34f66502-e8a3-3972-e718-cb92e5c6c109}, " 10", "2026-06-06T16:19:20.101Z",        0, "", "", "2026-06-06T20:19:20.101143000Z", {00000000-0000-0000-0000-000000000000}
     Unknown,         10,           10,          0,          0,          0,          0,          0, 0x0000000000000000, 0x00000004, 0x00000230,                   10,             ,                     ,   {00000000-0000-0000-0000-000000000000},                                         ,   134252507601089799,          0,          0, "Unknown", "", "Unknown( 10): GUID=34f66502-e8a3-3972-e718-cb92e5c6c109 (No Format Information found).", "", "", {34f66502-e8a3-3972-e718-cb92e5c6c109}, " 10", "2026-06-06T16:19:20.108Z",        0, "", "", "2026-06-06T20:19:20.108979900Z", {00000000-0000-0000-0000-000000000000}
     Unknown,         10,           10,          0,          0,          0,          0,          0, 0x0000000000000000, 0x00000004, 0x00000230,                   10,             ,                     ,   {00000000-0000-0000-0000-000000000000},                                         ,   134252507601170613,          0,          0, "Unknown", "", "Unknown( 10): GUID=34f66502-e8a3-3972-e718-cb92e5c6c109 (No Format Information found).", "", "", {34f66502-e8a3-3972-e718-cb92e5c6c109}, " 10", "2026-06-06T16:19:20.117Z",        0, "", "", "2026-06-06T20:19:20.117061300Z", {00000000-0000-0000-0000-000000000000}
     Unknown,         10,           10,          0,          0,          0,          0,          0, 0x0000000000000000, 0x00000004, 0x00000230,                   13,             ,                     ,   {00000000-0000-0000-0000-000000000000},                                         ,   134252507601247420,          0,          0, "Unknown", "", "Unknown( 10): GUID=34f66502-e8a3-3972-e718-cb92e5c6c109 (No Format Information found).", "", "", {34f66502-e8a3-3972-e718-cb92e5c6c109}, " 10", "2026-06-06T16:19:20.124Z",        0, "", "", "2026-06-06T20:19:20.124742000Z", {00000000-0000-0000-0000-000000000000}
     Unknown,         10,           10,          0,          0,          0,          0,          0, 0x0000000000000000, 0x00000004, 0x00000230,                   11,             ,                     ,   {00000000-0000-0000-0000-000000000000},                                         ,   134252507601329755,          0,          0, "Unknown", "", "Unknown( 10): GUID=34f66502-e8a3-3972-e718-cb92e5c6c109 (No Format Information found).", "", "", {34f66502-e8a3-3972-e718-cb92e5c6c109}, " 10", "2026-06-06T16:19:20.132Z",        0, "", "", "2026-06-06T20:19:20.132975500Z", {00000000-0000-0000-0000-000000000000}
     Unknown,         10,           10,          0,          0,          0,          0,          0, 0x0000000000000000, 0x00000004, 0x00000230,                   13,             ,                     ,   {00000000-0000-0000-0000-000000000000},                                         ,   134252507601407117,          0,          0, "Unknown", "", "Unknown( 10): GUID=34f66502-e8a3-3972-e718-cb92e5c6c109 (No Format Information found).", "", "", {34f66502-e8a3-3972-e718-cb92e5c6c109}, " 10", "2026-06-06T16:19:20.140Z",        0, "", "", "2026-06-06T20:19:20.140711700Z", {00000000-0000-0000-0000-000000000000}
     Unknown,         10,           10,          0,          0,          0,          0,          0, 0x0000000000000000, 0x00000004, 0x00000230,                   16,             ,                     ,   {00000000-0000-0000-0000-000000000000},                                         ,   134252507601487100,          0,          0, "Unknown", "", "Unknown( 10): GUID=34f66502-e8a3-3972-e718-cb92e5c6c109 (No Format Information found).", "", "", {34f66502-e8a3-3972-e718-cb92e5c6c109}, " 10", "2026-06-06T16:19:20.148Z",        0, "", "", "2026-06-06T20:19:20.148710000Z", {00000000-0000-0000-0000-000000000000}
     Unknown,         10,           10,          0,          0,          0,          0,          0, 0x0000000000000000, 0x00000004, 0x00000230,                   16,             ,                     ,   {00000000-0000-0000-0000-000000000000},                                         ,   134252507601583326,          0,          0, "Unknown", "", "Unknown( 10): GUID=34f66502-e8a3-3972-e718-cb92e5c6c109 (No Format Information found).", "", "", {34f66502-e8a3-3972-e718-cb92e5c6c109}, " 10", "2026-06-06T16:19:20.158Z",        0, "", "", "2026-06-06T20:19:20.158332600Z", {00000000-0000-0000-0000-000000000000}
     Unknown,         10,           10,          0,          0,          0,          0,          0, 0x0000000000000000, 0x00000004, 0x00000230,                   18,             ,                     ,   {00000000-0000-0000-0000-000000000000},                                         ,   134252507601647551,          0,          0, "Unknown", "", "Unknown( 10): GUID=34f66502-e8a3-3972-e718-cb92e5c6c109 (No Format Information found).", "", "", {34f66502-e8a3-3972-e718-cb92e5c6c109}, " 10", "2026-06-06T16:19:20.164Z",        0, "", "", "2026-06-06T20:19:20.164755100Z", {00000000-0000-0000-0000-000000000000}
     Unknown,         10,           10,          0,          0,          0,          0,          0, 0x0000000000000000, 0x00000004, 0x00000230,                   16,             ,                     ,   {00000000-0000-0000-0000-000000000000},                                         ,   134252507601729251,          0,          0, "Unknown", "", "Unknown( 10): GUID=34f66502-e8a3-3972-e718-cb92e5c6c109 (No Format Information found).", "", "", {34f66502-e8a3-3972-e718-cb92e5c6c109}, " 10", "2026-06-06T16:19:20.172Z",        0, "", "", "2026-06-06T20:19:20.172925100Z", {00000000-0000-0000-0000-000000000000}
     Unknown,         10,           10,          0,          0,          0,          0,          0, 0x0000000000000000, 0x00000004, 0x00000230,                   16,             ,                     ,   {00000000-0000-0000-0000-000000000000},                                         ,   134252507601799647,          0,          0, "Unknown", "", "Unknown( 10): GUID=34f66502-e8a3-3972-e718-cb92e5c6c109 (No Format Information found).", "", "", {34f66502-e8a3-3972-e718-cb92e5c6c109}, " 10", "2026-06-06T16:19:20.179Z",        0, "", "", "2026-06-06T20:19:20.179964700Z", {00000000-0000-0000-0000-000000000000}
     Unknown,         10,           10,          0,          0,          0,          0,          0, 0x0000000000000000, 0x00000004, 0x00000230,                   13,             ,                     ,   {00000000-0000-0000-0000-000000000000},                                         ,   134252507601879142,          0,          0, "Unknown", "", "Unknown( 10): GUID=34f66502-e8a3-3972-e718-cb92e5c6c109 (No Format Information found).", "", "", {34f66502-e8a3-3972-e718-cb92e5c6c109}, " 10", "2026-06-06T16:19:20.187Z",        0, "", "", "2026-06-06T20:19:20.187914200Z", {00000000-0000-0000-0000-000000000000}
     Unknown,         10,           10,          0,          0,          0,          0,          0, 0x0000000000000000, 0x00000004, 0x00000230,                   13,             ,                     ,   {00000000-0000-0000-0000-000000000000},                                         ,   134252507601958087,          0,          0, "Unknown", "", "Unknown( 10): GUID=34f66502-e8a3-3972-e718-cb92e5c6c109 (No Format Information found).", "", "", {34f66502-e8a3-3972-e718-cb92e5c6c109}, " 10", "2026-06-06T16:19:20.195Z",        0, "", "", "2026-06-06T20:19:20.195808700Z", {00000000-0000-0000-0000-000000000000}
     Unknown,         10,           10,          0,          0,          0,          0,          0, 0x0000000000000000, 0x00000004, 0x00000230,                    0,             ,                     ,   {00000000-0000-0000-0000-000000000000},                                         ,   134252507602037325,          0,          0, "Unknown", "", "Unknown( 10): GUID=34f66502-e8a3-3972-e718-cb92e5c6c109 (No Format Information found).", "", "", {34f66502-e8a3-3972-e718-cb92e5c6c109}, " 10", "2026-06-06T16:19:20.203Z",        0, "", "", "2026-06-06T20:19:20.203732500Z", {00000000-0000-0000-0000-000000000000}
     Unknown,         10,           10,          0,          0,          0,          0,          0, 0x0000000000000000, 0x00000004, 0x00000230,                   14,             ,                     ,   {00000000-0000-0000-0000-000000000000},                                         ,   134252507602118573,          0,          0, "Unknown", "", "Unknown( 10): GUID=34f66502-e8a3-3972-e718-cb92e5c6c109 (No Format Information found).", "", "", {34f66502-e8a3-3972-e718-cb92e5c6c109}, " 10", "2026-06-06T16:19:20.211Z",        0, "", "", "2026-06-06T20:19:20.211857300Z", {00000000-0000-0000-0000-000000000000}
     Unknown,         10,           10,          0,          0,          0,          0,          0, 0x0000000000000000, 0x00000004, 0x00000230,                   10,             ,                     ,   {00000000-0000-0000-0000-000000000000},                                         ,   134252507602196718,          0,          0, "Unknown", "", "Unknown( 10): GUID=34f66502-e8a3-3972-e718-cb92e5c6c109 (No Format Information found).", "", "", {34f66502-e8a3-3972-e718-cb92e5c6c109}, " 10", "2026-06-06T16:19:20.219Z",        0, "", "", "2026-06-06T20:19:20.219671800Z", {00000000-0000-0000-0000-000000000000}
     Unknown,         10,           10,          0,          0,          0,          0,          0, 0x0000000000000000, 0x00000004, 0x00000230,                   13,             ,                     ,   {00000000-0000-0000-0000-000000000000},                                         ,   134252507602276693,          0,          0, "Unknown", "", "Unknown( 10): GUID=34f66502-e8a3-3972-e718-cb92e5c6c109 (No Format Information found).", "", "", {34f66502-e8a3-3972-e718-cb92e5c6c109}, " 10", "2026-06-06T16:19:20.227Z",        0, "", "", "2026-06-06T20:19:20.227669300Z", {00000000-0000-0000-0000-000000000000}
     Unknown,         10,           10,          0,          0,          0,          0,          0, 0x0000000000000000, 0x00000004, 0x00000230,                   13,             ,                     ,   {00000000-0000-0000-0000-000000000000},                                         ,   134252507602356937,          0,          0, "Unknown", "", "Unknown( 10): GUID=34f66502-e8a3-3972-e718-cb92e5c6c109 (No Format Information found).", "", "", {34f66502-e8a3-3972-e718-cb92e5c6c109}, " 10", "2026-06-06T16:19:20.235Z",        0, "", "", "2026-06-06T20:19:20.235693700Z", {00000000-0000-0000-0000-000000000000}
     Unknown,         10,           10,          0,          0,          0,          0,          0, 0x0000000000000000, 0x00000004, 0x00000230,                   11,             ,                     ,   {00000000-0000-0000-0000-000000000000},                                         ,   134252507602439488,          0,          0, "Unknown", "", "Unknown( 10): GUID=34f66502-e8a3-3972-e718-cb92e5c6c109 (No Format Information found).", "", "", {34f66502-e8a3-3972-e718-cb92e5c6c109}, " 10", "2026-06-06T16:19:20.243Z",        0, "", "", "2026-06-06T20:19:20.243948800Z", {00000000-0000-0000-0000-000000000000}
     Unknown,         10,           10,          0,          0,          0,          0,          0, 0x0000000000000000, 0x00000004, 0x00000230,                   13,             ,                     ,   {00000000-0000-0000-0000-000000000000},                                         ,   134252507602518918,          0,          0, "Unknown", "", "Unknown( 10): GUID=34f66502-e8a3-3972-e718-cb92e5c6c109 (No Format Information found).", "", "", {34f66502-e8a3-3972-e718-cb92e5c6c109}, " 10", "2026-06-06T16:19:20.251Z",        0, "", "", "2026-06-06T20:19:20.251891800Z", {00000000-0000-0000-0000-000000000000}
     Unknown,         10,           10,          0,          0,          0,          0,          0, 0x0000000000000000, 0x00000004, 0x00000230,                   11,             ,                     ,   {00000000-0000-0000-0000-000000000000},                                         ,   134252507602597670,          0,          0, "Unknown", "", "Unknown( 10): GUID=34f66502-e8a3-3972-e718-cb92e5c6c109 (No Format Information found).", "", "", {34f66502-e8a3-3972-e718-cb92e5c6c109}, " 10", "2026-06-06T16:19:20.259Z",        0, "", "", "2026-06-06T20:19:20.259767000Z", {00000000-0000-0000-0000-000000000000}
     Unknown,         10,           10,          0,          0,          0,          0,          0, 0x0000000000000000, 0x00000004, 0x00000230,                   12,             ,                     ,   {00000000-0000-0000-0000-000000000000},                                         ,   134252507602678671,          0,          0, "Unknown", "", "Unknown( 10): GUID=34f66502-e8a3-3972-e718-cb92e5c6c109 (No Format Information found).", "", "", {34f66502-e8a3-3972-e718-cb92e5c6c109}, " 10", "2026-06-06T16:19:20.267Z",        0, "", "", "2026-06-06T20:19:20.267867100Z", {00000000-0000-0000-0000-000000000000}
     Unknown,         10,           10,          0,          0,          0,          0,          0, 0x0000000000000000, 0x00000004, 0x00000230,                   13,             ,                     ,   {00000000-0000-0000-0000-000000000000},                                         ,   134252507602756735,          0,          0, "Unknown", "", "Unknown( 10): GUID=34f66502-e8a3-3972-e718-cb92e5c6c109 (No Format Information found).", "", "", {34f66502-e8a3-3972-e718-cb92e5c6c109}, " 10", "2026-06-06T16:19:20.275Z",        0, "", "", "2026-06-06T20:19:20.275673500Z", {00000000-0000-0000-0000-000000000000}
     Unknown,         10,           10,          0,          0,          0,          0,          0, 0x0000000000000000, 0x00000004, 0x00000230,                   13,             ,                     ,   {00000000-0000-0000-0000-000000000000},                                         ,   134252507602835702,          0,          0, "Unknown", "", "Unknown( 10): GUID=34f66502-e8a3-3972-e718-cb92e5c6c109 (No Format Information found).", "", "", {34f66502-e8a3-3972-e718-cb92e5c6c109}, " 10", "2026-06-06T16:19:20.283Z",        0, "", "", "2026-06-06T20:19:20.283570200Z", {00000000-0000-0000-0000-000000000000}
     Unknown,         10,           10,          0,          0,          0,          0,          0, 0x0000000000000000, 0x00000004, 0x00000230,                   11,             ,                     ,   {00000000-0000-0000-0000-000000000000},                                         ,   134252507602915790,          0,          0, "Unknown", "", "Unknown( 10): GUID=34f66502-e8a3-3972-e718-cb92e5c6c109 (No Format Information found).", "", "", {34f66502-e8a3-3972-e718-cb92e5c6c109}, " 10", "2026-06-06T16:19:20.291Z",        0, "", "", "2026-06-06T20:19:20.291579000Z", {00000000-0000-0000-0000-000000000000}
     Unknown,         10,           10,          0,          0,          0,          0,          0, 0x0000000000000000, 0x00000004, 0x00000230,                   12,             ,                     ,   {00000000-0000-0000-0000-000000000000},                                         ,   134252507602994601,          0,          0, "Unknown", "", "Unknown( 10): GUID=34f66502-e8a3-3972-e718-cb92e5c6c109 (No Format Information found).", "", "", {34f66502-e8a3-3972-e718-cb92e5c6c109}, " 10", "2026-06-06T16:19:20.299Z",        0, "", "", "2026-06-06T20:19:20.299460100Z", {00000000-0000-0000-0000-000000000000}
     Unknown,         10,           10,          0,          0,          0,          0,          0, 0x0000000000000000, 0x00000004, 0x00000230,                   18,             ,                     ,   {00000000-0000-0000-0000-000000000000},                                         ,   134252507603073546,          0,          0, "Unknown", "", "Unknown( 10): GUID=34f66502-e8a3-3972-e718-cb92e5c6c109 (No Format Information found).", "", "", {34f66502-e8a3-3972-e718-cb92e5c6c109}, " 10", "2026-06-06T16:19:20.307Z",        0, "", "", "2026-06-06T20:19:20.307354600Z", {00000000-0000-0000-0000-000000000000}
     Unknown,         10,           10,          0,          0,          0,          0,          0, 0x0000000000000000, 0x00000004, 0x00000230,                   11,             ,                     ,   {00000000-0000-0000-0000-000000000000},                                         ,   134252507603154408,          0,          0, "Unknown", "", "Unknown( 10): GUID=34f66502-e8a3-3972-e718-cb92e5c6c109 (No Format Information found).", "", "", {34f66502-e8a3-3972-e718-cb92e5c6c109}, " 10", "2026-06-06T16:19:20.315Z",        0, "", "", "2026-06-06T20:19:20.315440800Z", {00000000-0000-0000-0000-000000000000}
     Unknown,         10,           10,          0,          0,          0,          0,          0, 0x0000000000000000, 0x00000004, 0x00000230,                   11,             ,                     ,   {00000000-0000-0000-0000-000000000000},                                         ,   134252507603235004,          0,          0, "Unknown", "", "Unknown( 10): GUID=34f66502-e8a3-3972-e718-cb92e5c6c109 (No Format Information found).", "", "", {34f66502-e8a3-3972-e718-cb92e5c6c109}, " 10", "2026-06-06T16:19:20.323Z",        0, "", "", "2026-06-06T20:19:20.323500400Z", {00000000-0000-0000-0000-000000000000}
     Unknown,         10,           10,          0,          0,          0,          0,          0, 0x0000000000000000, 0x00000004, 0x00000230,                   11,             ,                     ,   {00000000-0000-0000-0000-000000000000},                                         ,   134252507603311343,          0,          0, "Unknown", "", "Unknown( 10): GUID=34f66502-e8a3-3972-e718-cb92e5c6c109 (No Format Information found).", "", "", {34f66502-e8a3-3972-e718-cb92e5c6c109}, " 10", "2026-06-06T16:19:20.331Z",        0, "", "", "2026-06-06T20:19:20.331134300Z", {00000000-0000-0000-0000-000000000000}
     Unknown,         10,           10,          0,          0,          0,          0,          0, 0x0000000000000000, 0x00000004, 0x00000230,                   13,             ,                     ,   {00000000-0000-0000-0000-000000000000},                                         ,   134252507603390844,          0,          0, "Unknown", "", "Unknown( 10): GUID=34f66502-e8a3-3972-e718-cb92e5c6c109 (No Format Information found).", "", "", {34f66502-e8a3-3972-e718-cb92e5c6c109}, " 10", "2026-06-06T16:19:20.339Z",        0, "", "", "2026-06-06T20:19:20.339084400Z", {00000000-0000-0000-0000-000000000000}
     Unknown,         10,           10,          0,          0,          0,          0,          0, 0x0000000000000000, 0x00000004, 0x00000230,                   11,             ,                     ,   {00000000-0000-0000-0000-000000000000},                                         ,   134252507603470503,          0,          0, "Unknown", "", "Unknown( 10): GUID=34f66502-e8a3-3972-e718-cb92e5c6c109 (No Format Information found).", "", "", {34f66502-e8a3-3972-e718-cb92e5c6c109}, " 10", "2026-06-06T16:19:20.347Z",        0, "", "", "2026-06-06T20:19:20.347050300Z", {00000000-0000-0000-0000-000000000000}
     Unknown,         10,           10,          0,          0,          0,          0,          0, 0x0000000000000000, 0x00000004, 0x00000230,                   13,             ,                     ,   {00000000-0000-0000-0000-000000000000},                                         ,   134252507603553735,          0,          0, "Unknown", "", "Unknown( 10): GUID=34f66502-e8a3-3972-e718-cb92e5c6c109 (No Format Information found).", "", "", {34f66502-e8a3-3972-e718-cb92e5c6c109}, " 10", "2026-06-06T16:19:20.355Z",        0, "", "", "2026-06-06T20:19:20.355373500Z", {00000000-0000-0000-0000-000000000000}
     Unknown,         10,           10,          0,          0,          0,          0,          0, 0x0000000000000000, 0x00000004, 0x00000230,                   11,             ,                     ,   {00000000-0000-0000-0000-000000000000},                                         ,   134252507603629508,          0,          0, "Unknown", "", "Unknown( 10): GUID=34f66502-e8a3-3972-e718-cb92e5c6c109 (No Format Information found).", "", "", {34f66502-e8a3-3972-e718-cb92e5c6c109}, " 10", "2026-06-06T16:19:20.362Z",        0, "", "", "2026-06-06T20:19:20.362950800Z", {00000000-0000-0000-0000-000000000000}
     Unknown,         10,           10,          0,          0,          0,          0,          0, 0x0000000000000000, 0x00000004, 0x00000230,                   10,             ,                     ,   {00000000-0000-0000-0000-000000000000},                                         ,   134252507603708805,          0,          0, "Unknown", "", "Unknown( 10): GUID=34f66502-e8a3-3972-e718-cb92e5c6c109 (No Format Information found).", "", "", {34f66502-e8a3-3972-e718-cb92e5c6c109}, " 10", "2026-06-06T16:19:20.370Z",        0, "", "", "2026-06-06T20:19:20.370880500Z", {00000000-0000-0000-0000-000000000000}
     Unknown,         10,           10,          0,          0,          0,          0,          0, 0x0000000000000000, 0x00000004, 0x00000230,                   13,             ,                     ,   {00000000-0000-0000-0000-000000000000},                                         ,   134252507603790566,          0,          0, "Unknown", "", "Unknown( 10): GUID=34f66502-e8a3-3972-e718-cb92e5c6c109 (No Format Information found).", "", "", {34f66502-e8a3-3972-e718-cb92e5c6c109}, " 10", "2026-06-06T16:19:20.379Z",        0, "", "", "2026-06-06T20:19:20.379056600Z", {00000000-0000-0000-0000-000000000000}
     Unknown,         10,           10,          0,          0,          0,          0,          0, 0x0000000000000000, 0x00000004, 0x00000230,                   11,             ,                     ,   {00000000-0000-0000-0000-000000000000},                                         ,   134252507603867898,          0,          0, "Unknown", "", "Unknown( 10): GUID=34f66502-e8a3-3972-e718-cb92e5c6c109 (No Format Information found).", "", "", {34f66502-e8a3-3972-e718-cb92e5c6c109}, " 10", "2026-06-06T16:19:20.386Z",        0, "", "", "2026-06-06T20:19:20.386789800Z", {00000000-0000-0000-0000-000000000000}
     Unknown,         10,           10,          0,          0,          0,          0,          0, 0x0000000000000000, 0x00000004, 0x00000230,                   12,             ,                     ,   {00000000-0000-0000-0000-000000000000},                                         ,   134252507603947809,          0,          0, "Unknown", "", "Unknown( 10): GUID=34f66502-e8a3-3972-e718-cb92e5c6c109 (No Format Information found).", "", "", {34f66502-e8a3-3972-e718-cb92e5c6c109}, " 10", "2026-06-06T16:19:20.394Z",        0, "", "", "2026-06-06T20:19:20.394780900Z", {00000000-0000-0000-0000-000000000000}
     Unknown,         10,           10,          0,          0,          0,          0,          0, 0x0000000000000000, 0x00000004, 0x00000230,                   10,             ,                     ,   {00000000-0000-0000-0000-000000000000},                                         ,   134252507604028151,          0,          0, "Unknown", "", "Unknown( 10): GUID=34f66502-e8a3-3972-e718-cb92e5c6c109 (No Format Information found).", "", "", {34f66502-e8a3-3972-e718-cb92e5c6c109}, " 10", "2026-06-06T16:19:20.402Z",        0, "", "", "2026-06-06T20:19:20.402815100Z", {00000000-0000-0000-0000-000000000000}
     Unknown,         10,           10,          0,          0,          0,          0,          0, 0x0000000000000000, 0x00000004, 0x00000230,                   12,             ,                     ,   {00000000-0000-0000-0000-000000000000},                                         ,   134252507604105051,          0,          0, "Unknown", "", "Unknown( 10): GUID=34f66502-e8a3-3972-e718-cb92e5c6c109 (No Format Information found).", "", "", {34f66502-e8a3-3972-e718-cb92e5c6c109}, " 10", "2026-06-06T16:19:20.410Z",        0, "", "", "2026-06-06T20:19:20.410505100Z", {00000000-0000-0000-0000-000000000000}
     Unknown,         10,           10,          0,          0,          0,          0,          0, 0x0000000000000000, 0x00000004, 0x00000230,                   12,             ,                     ,   {00000000-0000-0000-0000-000000000000},                                         ,   134252507604186454,          0,          0, "Unknown", "", "Unknown( 10): GUID=34f66502-e8a3-3972-e718-cb92e5c6c109 (No Format Information found).", "", "", {34f66502-e8a3-3972-e718-cb92e5c6c109}, " 10", "2026-06-06T16:19:20.418Z",        0, "", "", "2026-06-06T20:19:20.418645400Z", {00000000-0000-0000-0000-000000000000}
     Unknown,         10,           10,          0,          0,          0,          0,          0, 0x0000000000000000, 0x00000004, 0x00000230,                   11,             ,                     ,   {00000000-0000-0000-0000-000000000000},                                         ,   134252507604267001,          0,          0, "Unknown", "", "Unknown( 10): GUID=34f66502-e8a3-3972-e718-cb92e5c6c109 (No Format Information found).", "", "", {34f66502-e8a3-3972-e718-cb92e5c6c109}, " 10", "2026-06-06T16:19:20.426Z",        0, "", "", "2026-06-06T20:19:20.426700100Z", {00000000-0000-0000-0000-000000000000}
     Unknown,         10,           10,          0,          0,          0,          0,          0, 0x0000000000000000, 0x00000004, 0x00000230,                   11,             ,                     ,   {00000000-0000-0000-0000-000000000000},                                         ,   134252507604343754,          0,          0, "Unknown", "", "Unknown( 10): GUID=34f66502-e8a3-3972-e718-cb92e5c6c109 (No Format Information found).", "", "", {34f66502-e8a3-3972-e718-cb92e5c6c109}, " 10", "2026-06-06T16:19:20.434Z",        0, "", "", "2026-06-06T20:19:20.434375400Z", {00000000-0000-0000-0000-000000000000}
     Unknown,         10,           10,          0,          0,          0,          0,          0, 0x0000000000000000, 0x00000004, 0x00000230,                   11,             ,                     ,   {00000000-0000-0000-0000-000000000000},                                         ,   134252507604424438,          0,          0, "Unknown", "", "Unknown( 10): GUID=34f66502-e8a3-3972-e718-cb92e5c6c109 (No Format Information found).", "", "", {34f66502-e8a3-3972-e718-cb92e5c6c109}, " 10", "2026-06-06T16:19:20.442Z",        0, "", "", "2026-06-06T20:19:20.442443800Z", {00000000-0000-0000-0000-000000000000}
     Unknown,         10,           10,          0,          0,          0,          0,          0, 0x0000000000000000, 0x00000004, 0x00000230,                   11,             ,                     ,   {00000000-0000-0000-0000-000000000000},                                         ,   134252507604503673,          0,          0, "Unknown", "", "Unknown( 10): GUID=34f66502-e8a3-3972-e718-cb92e5c6c109 (No Format Information found).", "", "", {34f66502-e8a3-3972-e718-cb92e5c6c109}, " 10", "2026-06-06T16:19:20.450Z",        0, "", "", "2026-06-06T20:19:20.450367300Z", {00000000-0000-0000-0000-000000000000}
     Unknown,         10,           10,          0,          0,          0,          0,          0, 0x0000000000000000, 0x00000004, 0x00000230,                   11,             ,                     ,   {00000000-0000-0000-0000-000000000000},                                         ,   134252507604584158,          0,          0, "Unknown", "", "Unknown( 10): GUID=34f66502-e8a3-3972-e718-cb92e5c6c109 (No Format Information found).", "", "", {34f66502-e8a3-3972-e718-cb92e5c6c109}, " 10", "2026-06-06T16:19:20.458Z",        0, "", "", "2026-06-06T20:19:20.458415800Z", {00000000-0000-0000-0000-000000000000}
     Unknown,         10,           10,          0,          0,          0,          0,          0, 0x0000000000000000, 0x00000004, 0x00000230,                   13,             ,                     ,   {00000000-0000-0000-0000-000000000000},                                         ,   134252507604662590,          0,          0, "Unknown", "", "Unknown( 10): GUID=34f66502-e8a3-3972-e718-cb92e5c6c109 (No Format Information found).", "", "", {34f66502-e8a3-3972-e718-cb92e5c6c109}, " 10", "2026-06-06T16:19:20.466Z",        0, "", "", "2026-06-06T20:19:20.466259000Z", {00000000-0000-0000-0000-000000000000}
     Unknown,         10,           10,          0,          0,          0,          0,          0, 0x0000000000000000, 0x00000000, 0x00000028,                    1,             ,                     ,   {00000000-0000-0000-0000-000000000000},                                         ,   134252507604741060,          0,          0, "Unknown", "", "Unknown( 10): GUID=34f66502-e8a3-3972-e718-cb92e5c6c109 (No Format Information found).", "", "", {34f66502-e8a3-3972-e718-cb92e5c6c109}, " 10", "2026-06-06T16:19:20.474Z",        0, "", "", "2026-06-06T20:19:20.474106000Z", {00000000-0000-0000-0000-000000000000}
     Unknown,         10,           10,          0,          0,          0,          0,          0, 0x0000000000000000, 0x00000004, 0x00000230,                   11,             ,                     ,   {00000000-0000-0000-0000-000000000000},                                         ,   134252507604821062,          0,          0, "Unknown", "", "Unknown( 10): GUID=34f66502-e8a3-3972-e718-cb92e5c6c109 (No Format Information found).", "", "", {34f66502-e8a3-3972-e718-cb92e5c6c109}, " 10", "2026-06-06T16:19:20.482Z",        0, "", "", "2026-06-06T20:19:20.482106200Z", {00000000-0000-0000-0000-000000000000}
     Unknown,         10,           10,          0,          0,          0,          0,          0, 0x0000000000000000, 0x00000004, 0x00000230,                    1,             ,                     ,   {00000000-0000-0000-0000-000000000000},                                         ,   134252507604899603,          0,          0, "Unknown", "", "Unknown( 10): GUID=34f66502-e8a3-3972-e718-cb92e5c6c109 (No Format Information found).", "", "", {34f66502-e8a3-3972-e718-cb92e5c6c109}, " 10", "2026-06-06T16:19:20.489Z",        0, "", "", "2026-06-06T20:19:20.489960300Z", {00000000-0000-0000-0000-000000000000}
     Unknown,         10,           10,          0,          0,          0,          0,          0, 0x0000000000000000, 0x00000004, 0x00000230,                   11,             ,                     ,   {00000000-0000-0000-0000-000000000000},                                         ,   134252507604979422,          0,          0, "Unknown", "", "Unknown( 10): GUID=34f66502-e8a3-3972-e718-cb92e5c6c109 (No Format Information found).", "", "", {34f66502-e8a3-3972-e718-cb92e5c6c109}, " 10", "2026-06-06T16:19:20.497Z",        0, "", "", "2026-06-06T20:19:20.497942200Z", {00000000-0000-0000-0000-000000000000}
     Unknown,         10,           10,          0,          0,          0,          0,          0, 0x0000000000000000, 0x00000004, 0x00000230,                   11,             ,                     ,   {00000000-0000-0000-0000-000000000000},                                         ,   134252507605058395,          0,          0, "Unknown", "", "Unknown( 10): GUID=34f66502-e8a3-3972-e718-cb92e5c6c109 (No Format Information found).", "", "", {34f66502-e8a3-3972-e718-cb92e5c6c109}, " 10", "2026-06-06T16:19:20.505Z",        0, "", "", "2026-06-06T20:19:20.505839500Z", {00000000-0000-0000-0000-000000000000}
     Unknown,         10,           10,          0,          0,          0,          0,          0, 0x0000000000000000, 0x00000004, 0x00000230,                   13,             ,                     ,   {00000000-0000-0000-0000-000000000000},                                         ,   134252507605138836,          0,          0, "Unknown", "", "Unknown( 10): GUID=34f66502-e8a3-3972-e718-cb92e5c6c109 (No Format Information found).", "", "", {34f66502-e8a3-3972-e718-cb92e5c6c109}, " 10", "2026-06-06T16:19:20.513Z",        0, "", "", "2026-06-06T20:19:20.513883600Z", {00000000-0000-0000-0000-000000000000}
     Unknown,         10,           10,          0,          0,          0,          0,          0, 0x0000000000000000, 0x00000004, 0x00000230,                   11,             ,                     ,   {00000000-0000-0000-0000-000000000000},                                         ,   134252507605218679,          0,          0, "Unknown", "", "Unknown( 10): GUID=34f66502-e8a3-3972-e718-cb92e5c6c109 (No Format Information found).", "", "", {34f66502-e8a3-3972-e718-cb92e5c6c109}, " 10", "2026-06-06T16:19:20.521Z",        0, "", "", "2026-06-06T20:19:20.521867900Z", {00000000-0000-0000-0000-000000000000}
     Unknown,         10,           10,          0,          0,          0,          0,          0, 0x0000000000000000, 0x00000004, 0x00000230,                   11,             ,                     ,   {00000000-0000-0000-0000-000000000000},                                         ,   134252507605296623,          0,          0, "Unknown", "", "Unknown( 10): GUID=34f66502-e8a3-3972-e718-cb92e5c6c109 (No Format Information found).", "", "", {34f66502-e8a3-3972-e718-cb92e5c6c109}, " 10", "2026-06-06T16:19:20.529Z",        0, "", "", "2026-06-06T20:19:20.529662300Z", {00000000-0000-0000-0000-000000000000}
     Unknown,         10,           10,          0,          0,          0,          0,          0, 0x0000000000000000, 0x00000004, 0x00000230,                   11,             ,                     ,   {00000000-0000-0000-0000-000000000000},                                         ,   134252507605377381,          0,          0, "Unknown", "", "Unknown( 10): GUID=34f66502-e8a3-3972-e718-cb92e5c6c109 (No Format Information found).", "", "", {34f66502-e8a3-3972-e718-cb92e5c6c109}, " 10", "2026-06-06T16:19:20.537Z",        0, "", "", "2026-06-06T20:19:20.537738100Z", {00000000-0000-0000-0000-000000000000}
     Unknown,         10,           10,          0,          0,          0,          0,          0, 0x0000000000000000, 0x00000004, 0x00000230,                   13,             ,                     ,   {00000000-0000-0000-0000-000000000000},                                         ,   134252507605456183,          0,          0, "Unknown", "", "Unknown( 10): GUID=34f66502-e8a3-3972-e718-cb92e5c6c109 (No Format Information found).", "", "", {34f66502-e8a3-3972-e718-cb92e5c6c109}, " 10", "2026-06-06T16:19:20.545Z",        0, "", "", "2026-06-06T20:19:20.545618300Z", {00000000-0000-0000-0000-000000000000}
     Unknown,         10,           10,          0,          0,          0,          0,          0, 0x0000000000000000, 0x00000004, 0x00000230,                   13,             ,                     ,   {00000000-0000-0000-0000-000000000000},                                         ,   134252507605535961,          0,          0, "Unknown", "", "Unknown( 10): GUID=34f66502-e8a3-3972-e718-cb92e5c6c109 (No Format Information found).", "", "", {34f66502-e8a3-3972-e718-cb92e5c6c109}, " 10", "2026-06-06T16:19:20.553Z",        0, "", "", "2026-06-06T20:19:20.553596100Z", {00000000-0000-0000-0000-000000000000}
     Unknown,         10,           10,          0,          0,          0,          0,          0, 0x0000000000000000, 0x00000004, 0x00000230,                   11,             ,                     ,   {00000000-0000-0000-0000-000000000000},                                         ,   134252507605615327,          0,          0, "Unknown", "", "Unknown( 10): GUID=34f66502-e8a3-3972-e718-cb92e5c6c109 (No Format Information found).", "", "", {34f66502-e8a3-3972-e718-cb92e5c6c109}, " 10", "2026-06-06T16:19:20.561Z",        0, "", "", "2026-06-06T20:19:20.561532700Z", {00000000-0000-0000-0000-000000000000}
     Unknown,         10,           10,          0,          0,          0,          0,          0, 0x0000000000000000, 0x00000004, 0x00000230,                   11,             ,                     ,   {00000000-0000-0000-0000-000000000000},                                         ,   134252507605693910,          0,          0, "Unknown", "", "Unknown( 10): GUID=34f66502-e8a3-3972-e718-cb92e5c6c109 (No Format Information found).", "", "", {34f66502-e8a3-3972-e718-cb92e5c6c109}, " 10", "2026-06-06T16:19:20.569Z",        0, "", "", "2026-06-06T20:19:20.569391000Z", {00000000-0000-0000-0000-000000000000}
     Unknown,         10,           10,          0,          0,          0,          0,          0, 0x0000000000000000, 0x00000004, 0x00000230,                   11,             ,                     ,   {00000000-0000-0000-0000-000000000000},                                         ,   134252507605774833,          0,          0, "Unknown", "", "Unknown( 10): GUID=34f66502-e8a3-3972-e718-cb92e5c6c109 (No Format Information found).", "", "", {34f66502-e8a3-3972-e718-cb92e5c6c109}, " 10", "2026-06-06T16:19:20.577Z",        0, "", "", "2026-06-06T20:19:20.577483300Z", {00000000-0000-0000-0000-000000000000}
     Unknown,         10,           10,          0,          0,          0,          0,          0, 0x0000000000000000, 0x00000004, 0x00000230,                   13,             ,                     ,   {00000000-0000-0000-0000-000000000000},                                         ,   134252507605853209,          0,          0, "Unknown", "", "Unknown( 10): GUID=34f66502-e8a3-3972-e718-cb92e5c6c109 (No Format Information found).", "", "", {34f66502-e8a3-3972-e718-cb92e5c6c109}, " 10", "2026-06-06T16:19:20.585Z",        0, "", "", "2026-06-06T20:19:20.585320900Z", {00000000-0000-0000-0000-000000000000}
     Unknown,         10,           10,          0,          0,          0,          0,          0, 0x0000000000000000, 0x00000004, 0x00000230,                   11,             ,                     ,   {00000000-0000-0000-0000-000000000000},                                         ,   134252507605935387,          0,          0, "Unknown", "", "Unknown( 10): GUID=34f66502-e8a3-3972-e718-cb92e5c6c109 (No Format Information found).", "", "", {34f66502-e8a3-3972-e718-cb92e5c6c109}, " 10", "2026-06-06T16:19:20.593Z",        0, "", "", "2026-06-06T20:19:20.593538700Z", {00000000-0000-0000-0000-000000000000}
     Unknown,         10,           10,          0,          0,          0,          0,          0, 0x0000000000000000, 0x00000004, 0x00000230,                   18,             ,                     ,   {00000000-0000-0000-0000-000000000000},                                         ,   134252507606040254,          0,          0, "Unknown", "", "Unknown( 10): GUID=34f66502-e8a3-3972-e718-cb92e5c6c109 (No Format Information found).", "", "", {34f66502-e8a3-3972-e718-cb92e5c6c109}, " 10", "2026-06-06T16:19:20.604Z",        0, "", "", "2026-06-06T20:19:20.604025400Z", {00000000-0000-0000-0000-000000000000}
     Unknown,         10,           10,          0,          0,          0,          0,          0, 0x0000000000000000, 0x00000004, 0x00000230,                   11,             ,                     ,   {00000000-0000-0000-0000-000000000000},                                         ,   134252507606091450,          0,          0, "Unknown", "", "Unknown( 10): GUID=34f66502-e8a3-3972-e718-cb92e5c6c109 (No Format Information found).", "", "", {34f66502-e8a3-3972-e718-cb92e5c6c109}, " 10", "2026-06-06T16:19:20.609Z",        0, "", "", "2026-06-06T20:19:20.609145000Z", {00000000-0000-0000-0000-000000000000}
     Unknown,         10,           10,          0,          0,          0,          0,          0, 0x0000000000000000, 0x00000004, 0x00000230,                   13,             ,                     ,   {00000000-0000-0000-0000-000000000000},                                         ,   134252507606170308,          0,          0, "Unknown", "", "Unknown( 10): GUID=34f66502-e8a3-3972-e718-cb92e5c6c109 (No Format Information found).", "", "", {34f66502-e8a3-3972-e718-cb92e5c6c109}, " 10", "2026-06-06T16:19:20.617Z",        0, "", "", "2026-06-06T20:19:20.617030800Z", {00000000-0000-0000-0000-000000000000}
     Unknown,         10,           10,          0,          0,          0,          0,          0, 0x0000000000000000, 0x00000004, 0x00000230,                   12,             ,                     ,   {00000000-0000-0000-0000-000000000000},                                         ,   134252507606249805,          0,          0, "Unknown", "", "Unknown( 10): GUID=34f66502-e8a3-3972-e718-cb92e5c6c109 (No Format Information found).", "", "", {34f66502-e8a3-3972-e718-cb92e5c6c109}, " 10", "2026-06-06T16:19:20.624Z",        0, "", "", "2026-06-06T20:19:20.624980500Z", {00000000-0000-0000-0000-000000000000}
     Unknown,         10,           10,          0,          0,          0,          0,          0, 0x0000000000000000, 0x00000004, 0x00000230,                   11,             ,                     ,   {00000000-0000-0000-0000-000000000000},                                         ,   134252507606328847,          0,          0, "Unknown", "", "Unknown( 10): GUID=34f66502-e8a3-3972-e718-cb92e5c6c109 (No Format Information found).", "", "", {34f66502-e8a3-3972-e718-cb92e5c6c109}, " 10", "2026-06-06T16:19:20.632Z",        0, "", "", "2026-06-06T20:19:20.632884700Z", {00000000-0000-0000-0000-000000000000}
     Unknown,         10,           10,          0,          0,          0,          0,          0, 0x0000000000000000, 0x00000004, 0x00000230,                   12,             ,                     ,   {00000000-0000-0000-0000-000000000000},                                         ,   134252507606410652,          0,          0, "Unknown", "", "Unknown( 10): GUID=34f66502-e8a3-3972-e718-cb92e5c6c109 (No Format Information found).", "", "", {34f66502-e8a3-3972-e718-cb92e5c6c109}, " 10", "2026-06-06T16:19:20.641Z",        0, "", "", "2026-06-06T20:19:20.641065200Z", {00000000-0000-0000-0000-000000000000}
     Unknown,         10,           10,          0,          0,          0,          0,          0, 0x0000000000000000, 0x00000004, 0x00000230,                   12,             ,                     ,   {00000000-0000-0000-0000-000000000000},                                         ,   134252507606488169,          0,          0, "Unknown", "", "Unknown( 10): GUID=34f66502-e8a3-3972-e718-cb92e5c6c109 (No Format Information found).", "", "", {34f66502-e8a3-3972-e718-cb92e5c6c109}, " 10", "2026-06-06T16:19:20.648Z",        0, "", "", "2026-06-06T20:19:20.648816900Z", {00000000-0000-0000-0000-000000000000}
     Unknown,         10,           10,          0,          0,          0,          0,          0, 0x0000000000000000, 0x00000004, 0x00000230,                   12,             ,                     ,   {00000000-0000-0000-0000-000000000000},                                         ,   134252507606567676,          0,          0, "Unknown", "", "Unknown( 10): GUID=34f66502-e8a3-3972-e718-cb92e5c6c109 (No Format Information found).", "", "", {34f66502-e8a3-3972-e718-cb92e5c6c109}, " 10", "2026-06-06T16:19:20.656Z",        0, "", "", "2026-06-06T20:19:20.656767600Z", {00000000-0000-0000-0000-000000000000}
     Unknown,         10,           10,          0,          0,          0,          0,          0, 0x0000000000000000, 0x00000004, 0x00000230,                   16,             ,                     ,   {00000000-0000-0000-0000-000000000000},                                         ,   134252507606647443,          0,          0, "Unknown", "", "Unknown( 10): GUID=34f66502-e8a3-3972-e718-cb92e5c6c109 (No Format Information found).", "", "", {34f66502-e8a3-3972-e718-cb92e5c6c109}, " 10", "2026-06-06T16:19:20.664Z",        0, "", "", "2026-06-06T20:19:20.664744300Z", {00000000-0000-0000-0000-000000000000}
     Unknown,         10,           10,          0,          0,          0,          0,          0, 0x0000000000000000, 0x00000004, 0x00000230,                   11,             ,                     ,   {00000000-0000-0000-0000-000000000000},                                         ,   134252507606726254,          0,          0, "Unknown", "", "Unknown( 10): GUID=34f66502-e8a3-3972-e718-cb92e5c6c109 (No Format Information found).", "", "", {34f66502-e8a3-3972-e718-cb92e5c6c109}, " 10", "2026-06-06T16:19:20.672Z",        0, "", "", "2026-06-06T20:19:20.672625400Z", {00000000-0000-0000-0000-000000000000}
     Unknown,         10,           10,          0,          0,          0,          0,          0, 0x0000000000000000, 0x00000004, 0x00000230,                   11,             ,                     ,   {00000000-0000-0000-0000-000000000000},                                         ,   134252507606805372,          0,          0, "Unknown", "", "Unknown( 10): GUID=34f66502-e8a3-3972-e718-cb92e5c6c109 (No Format Information found).", "", "", {34f66502-e8a3-3972-e718-cb92e5c6c109}, " 10", "2026-06-06T16:19:20.680Z",        0, "", "", "2026-06-06T20:19:20.680537200Z", {00000000-0000-0000-0000-000000000000}
     Unknown,         10,           10,          0,          0,          0,          0,          0, 0x0000000000000000, 0x00000004, 0x00000230,                   12,             ,                     ,   {00000000-0000-0000-0000-000000000000},                                         ,   134252507606884773,          0,          0, "Unknown", "", "Unknown( 10): GUID=34f66502-e8a3-3972-e718-cb92e5c6c109 (No Format Information found).", "", "", {34f66502-e8a3-3972-e718-cb92e5c6c109}, " 10", "2026-06-06T16:19:20.688Z",        0, "", "", "2026-06-06T20:19:20.688477300Z", {00000000-0000-0000-0000-000000000000}
     Unknown,         10,           10,          0,          0,          0,          0,          0, 0x0000000000000000, 0x00000004, 0x00000230,                   16,             ,                     ,   {00000000-0000-0000-0000-000000000000},                                         ,   134252507606964909,          0,          0, "Unknown", "", "Unknown( 10): GUID=34f66502-e8a3-3972-e718-cb92e5c6c109 (No Format Information found).", "", "", {34f66502-e8a3-3972-e718-cb92e5c6c109}, " 10", "2026-06-06T16:19:20.696Z",        0, "", "", "2026-06-06T20:19:20.696490900Z", {00000000-0000-0000-0000-000000000000}
     Unknown,         10,           10,          0,          0,          0,          0,          0, 0x0000000000000000, 0x00000004, 0x00000230,                   11,             ,                     ,   {00000000-0000-0000-0000-000000000000},                                         ,   134252507607044687,          0,          0, "Unknown", "", "Unknown( 10): GUID=34f66502-e8a3-3972-e718-cb92e5c6c109 (No Format Information found).", "", "", {34f66502-e8a3-3972-e718-cb92e5c6c109}, " 10", "2026-06-06T16:19:20.704Z",        0, "", "", "2026-06-06T20:19:20.704468700Z", {00000000-0000-0000-0000-000000000000}
     Unknown,         10,           10,          0,          0,          0,          0,          0, 0x0000000000000000, 0x00000004, 0x00000230,                   11,             ,                     ,   {00000000-0000-0000-0000-000000000000},                                         ,   134252507607123551,          0,          0, "Unknown", "", "Unknown( 10): GUID=34f66502-e8a3-3972-e718-cb92e5c6c109 (No Format Information found).", "", "", {34f66502-e8a3-3972-e718-cb92e5c6c109}, " 10", "2026-06-06T16:19:20.712Z",        0, "", "", "2026-06-06T20:19:20.712355100Z", {00000000-0000-0000-0000-000000000000}
     Unknown,         10,           10,          0,          0,          0,          0,          0, 0x0000000000000000, 0x00000004, 0x00000230,                   12,             ,                     ,   {00000000-0000-0000-0000-000000000000},                                         ,   134252507607202775,          0,          0, "Unknown", "", "Unknown( 10): GUID=34f66502-e8a3-3972-e718-cb92e5c6c109 (No Format Information found).", "", "", {34f66502-e8a3-3972-e718-cb92e5c6c109}, " 10", "2026-06-06T16:19:20.720Z",        0, "", "", "2026-06-06T20:19:20.720277500Z", {00000000-0000-0000-0000-000000000000}
     Unknown,         10,           10,          0,          0,          0,          0,          0, 0x0000000000000000, 0x00000004, 0x00000230,                   11,             ,                     ,   {00000000-0000-0000-0000-000000000000},                                         ,   134252507607282258,          0,          0, "Unknown", "", "Unknown( 10): GUID=34f66502-e8a3-3972-e718-cb92e5c6c109 (No Format Information found).", "", "", {34f66502-e8a3-3972-e718-cb92e5c6c109}, " 10", "2026-06-06T16:19:20.728Z",        0, "", "", "2026-06-06T20:19:20.728225800Z", {00000000-0000-0000-0000-000000000000}
     Unknown,         10,           10,          0,          0,          0,          0,          0, 0x0000000000000000, 0x00000004, 0x00000230,                   11,             ,                     ,   {00000000-0000-0000-0000-000000000000},                                         ,   134252507607361102,          0,          0, "Unknown", "", "Unknown( 10): GUID=34f66502-e8a3-3972-e718-cb92e5c6c109 (No Format Information found).", "", "", {34f66502-e8a3-3972-e718-cb92e5c6c109}, " 10", "2026-06-06T16:19:20.736Z",        0, "", "", "2026-06-06T20:19:20.736110200Z", {00000000-0000-0000-0000-000000000000}
     Unknown,         10,           10,          0,          0,          0,          0,          0, 0x0000000000000000, 0x00000004, 0x00000230,                    1,             ,                     ,   {00000000-0000-0000-0000-000000000000},                                         ,   134252507607440728,          0,          0, "Unknown", "", "Unknown( 10): GUID=34f66502-e8a3-3972-e718-cb92e5c6c109 (No Format Information found).", "", "", {34f66502-e8a3-3972-e718-cb92e5c6c109}, " 10", "2026-06-06T16:19:20.744Z",        0, "", "", "2026-06-06T20:19:20.744072800Z", {00000000-0000-0000-0000-000000000000}
     Unknown,         10,           10,          0,          0,          0,          0,          0, 0x0000000000000000, 0x00000004, 0x00000230,                   11,             ,                     ,   {00000000-0000-0000-0000-000000000000},                                         ,   134252507607519632,          0,          0, "Unknown", "", "Unknown( 10): GUID=34f66502-e8a3-3972-e718-cb92e5c6c109 (No Format Information found).", "", "", {34f66502-e8a3-3972-e718-cb92e5c6c109}, " 10", "2026-06-06T16:19:20.751Z",        0, "", "", "2026-06-06T20:19:20.751963200Z", {00000000-0000-0000-0000-000000000000}
     Unknown,         10,           10,          0,          0,          0,          0,          0, 0x0000000000000000, 0x00000004, 0x00000230,                   11,             ,                     ,   {00000000-0000-0000-0000-000000000000},                                         ,   134252507607599567,          0,          0, "Unknown", "", "Unknown( 10): GUID=34f66502-e8a3-3972-e718-cb92e5c6c109 (No Format Information found).", "", "", {34f66502-e8a3-3972-e718-cb92e5c6c109}, " 10", "2026-06-06T16:19:20.759Z",        0, "", "", "2026-06-06T20:19:20.759956700Z", {00000000-0000-0000-0000-000000000000}
     Unknown,         10,           10,          0,          0,          0,          0,          0, 0x0000000000000000, 0x00000004, 0x00000230,                   11,             ,                     ,   {00000000-0000-0000-0000-000000000000},                                         ,   134252507607680135,          0,          0, "Unknown", "", "Unknown( 10): GUID=34f66502-e8a3-3972-e718-cb92e5c6c109 (No Format Information found).", "", "", {34f66502-e8a3-3972-e718-cb92e5c6c109}, " 10", "2026-06-06T16:19:20.768Z",        0, "", "", "2026-06-06T20:19:20.768013500Z", {00000000-0000-0000-0000-000000000000}
     Unknown,         10,           10,          0,          0,          0,          0,          0, 0x0000000000000000, 0x00000004, 0x00000230,                   11,             ,                     ,   {00000000-0000-0000-0000-000000000000},                                         ,   134252507607758679,          0,          0, "Unknown", "", "Unknown( 10): GUID=34f66502-e8a3-3972-e718-cb92e5c6c109 (No Format Information found).", "", "", {34f66502-e8a3-3972-e718-cb92e5c6c109}, " 10", "2026-06-06T16:19:20.775Z",        0, "", "", "2026-06-06T20:19:20.775867900Z", {00000000-0000-0000-0000-000000000000}
     Unknown,         10,           10,          0,          0,          0,          0,          0, 0x0000000000000000, 0x00000004, 0x00000230,                   11,             ,                     ,   {00000000-0000-0000-0000-000000000000},                                         ,   134252507607838341,          0,          0, "Unknown", "", "Unknown( 10): GUID=34f66502-e8a3-3972-e718-cb92e5c6c109 (No Format Information found).", "", "", {34f66502-e8a3-3972-e718-cb92e5c6c109}, " 10", "2026-06-06T16:19:20.783Z",        0, "", "", "2026-06-06T20:19:20.783834100Z", {00000000-0000-0000-0000-000000000000}
     Unknown,         10,           10,          0,          0,          0,          0,          0, 0x0000000000000000, 0x00000004, 0x00000230,                   13,             ,                     ,   {00000000-0000-0000-0000-000000000000},                                         ,   134252507607917718,          0,          0, "Unknown", "", "Unknown( 10): GUID=34f66502-e8a3-3972-e718-cb92e5c6c109 (No Format Information found).", "", "", {34f66502-e8a3-3972-e718-cb92e5c6c109}, " 10", "2026-06-06T16:19:20.791Z",        0, "", "", "2026-06-06T20:19:20.791771800Z", {00000000-0000-0000-0000-000000000000}
     Unknown,         10,           10,          0,          0,          0,          0,          0, 0x0000000000000000, 0x00000004, 0x00000230,                   11,             ,                     ,   {00000000-0000-0000-0000-000000000000},                                         ,   134252507607996106,          0,          0, "Unknown", "", "Unknown( 10): GUID=34f66502-e8a3-3972-e718-cb92e5c6c109 (No Format Information found).", "", "", {34f66502-e8a3-3972-e718-cb92e5c6c109}, " 10", "2026-06-06T16:19:20.799Z",        0, "", "", "2026-06-06T20:19:20.799610600Z", {00000000-0000-0000-0000-000000000000}
     Unknown,         10,           10,          0,          0,          0,          0,          0, 0x0000000000000000, 0x00000004, 0x00000230,                   11,             ,                     ,   {00000000-0000-0000-0000-000000000000},                                         ,   134252507608077828,          0,          0, "Unknown", "", "Unknown( 10): GUID=34f66502-e8a3-3972-e718-cb92e5c6c109 (No Format Information found).", "", "", {34f66502-e8a3-3972-e718-cb92e5c6c109}, " 10", "2026-06-06T16:19:20.807Z",        0, "", "", "2026-06-06T20:19:20.807782800Z", {00000000-0000-0000-0000-000000000000}
     Unknown,         10,           10,          0,          0,          0,          0,          0, 0x0000000000000000, 0x00000004, 0x00000230,                   12,             ,                     ,   {00000000-0000-0000-0000-000000000000},                                         ,   134252507608159238,          0,          0, "Unknown", "", "Unknown( 10): GUID=34f66502-e8a3-3972-e718-cb92e5c6c109 (No Format Information found).", "", "", {34f66502-e8a3-3972-e718-cb92e5c6c109}, " 10", "2026-06-06T16:19:20.815Z",        0, "", "", "2026-06-06T20:19:20.815923800Z", {00000000-0000-0000-0000-000000000000}
     Unknown,         10,           10,          0,          0,          0,          0,          0, 0x0000000000000000, 0x00000004, 0x00000230,                   12,             ,                     ,   {00000000-0000-0000-0000-000000000000},                                         ,   134252507608237945,          0,          0, "Unknown", "", "Unknown( 10): GUID=34f66502-e8a3-3972-e718-cb92e5c6c109 (No Format Information found).", "", "", {34f66502-e8a3-3972-e718-cb92e5c6c109}, " 10", "2026-06-06T16:19:20.823Z",        0, "", "", "2026-06-06T20:19:20.823794500Z", {00000000-0000-0000-0000-000000000000}
     Unknown,         10,           10,          0,          0,          0,          0,          0, 0x0000000000000000, 0x00000004, 0x00000230,                   12,             ,                     ,   {00000000-0000-0000-0000-000000000000},                                         ,   134252507608314333,          0,          0, "Unknown", "", "Unknown( 10): GUID=34f66502-e8a3-3972-e718-cb92e5c6c109 (No Format Information found).", "", "", {34f66502-e8a3-3972-e718-cb92e5c6c109}, " 10", "2026-06-06T16:19:20.831Z",        0, "", "", "2026-06-06T20:19:20.831433300Z", {00000000-0000-0000-0000-000000000000}
     Unknown,         10,           10,          0,          0,          0,          0,          0, 0x0000000000000000, 0x00000004, 0x00000230,                   12,             ,                     ,   {00000000-0000-0000-0000-000000000000},                                         ,   134252507608393989,          0,          0, "Unknown", "", "Unknown( 10): GUID=34f66502-e8a3-3972-e718-cb92e5c6c109 (No Format Information found).", "", "", {34f66502-e8a3-3972-e718-cb92e5c6c109}, " 10", "2026-06-06T16:19:20.839Z",        0, "", "", "2026-06-06T20:19:20.839398900Z", {00000000-0000-0000-0000-000000000000}
     Unknown,         10,           10,          0,          0,          0,          0,          0, 0x0000000000000000, 0x00000004, 0x00000230,                   16,             ,                     ,   {00000000-0000-0000-0000-000000000000},                                         ,   134252507608472573,          0,          0, "Unknown", "", "Unknown( 10): GUID=34f66502-e8a3-3972-e718-cb92e5c6c109 (No Format Information found).", "", "", {34f66502-e8a3-3972-e718-cb92e5c6c109}, " 10", "2026-06-06T16:19:20.847Z",        0, "", "", "2026-06-06T20:19:20.847257300Z", {00000000-0000-0000-0000-000000000000}
     Unknown,         10,           10,          0,          0,          0,          0,          0, 0x0000000000000000, 0x00000004, 0x00000230,                   16,             ,                     ,   {00000000-0000-0000-0000-000000000000},                                         ,   134252507608553609,          0,          0, "Unknown", "", "Unknown( 10): GUID=34f66502-e8a3-3972-e718-cb92e5c6c109 (No Format Information found).", "", "", {34f66502-e8a3-3972-e718-cb92e5c6c109}, " 10", "2026-06-06T16:19:20.855Z",        0, "", "", "2026-06-06T20:19:20.855360900Z", {00000000-0000-0000-0000-000000000000}
     Unknown,         10,           10,          0,          0,          0,          0,          0, 0x0000000000000000, 0x00000004, 0x00000230,                   10,             ,                     ,   {00000000-0000-0000-0000-000000000000},                                         ,   134252507608631604,          0,          0, "Unknown", "", "Unknown( 10): GUID=34f66502-e8a3-3972-e718-cb92e5c6c109 (No Format Information found).", "", "", {34f66502-e8a3-3972-e718-cb92e5c6c109}, " 10", "2026-06-06T16:19:20.863Z",        0, "", "", "2026-06-06T20:19:20.863160400Z", {00000000-0000-0000-0000-000000000000}
     Unknown,         10,           10,          0,          0,          0,          0,          0, 0x0000000000000000, 0x00000004, 0x00000230,                   16,             ,                     ,   {00000000-0000-0000-0000-000000000000},                                         ,   134252507608710545,          0,          0, "Unknown", "", "Unknown( 10): GUID=34f66502-e8a3-3972-e718-cb92e5c6c109 (No Format Information found).", "", "", {34f66502-e8a3-3972-e718-cb92e5c6c109}, " 10", "2026-06-06T16:19:20.871Z",        0, "", "", "2026-06-06T20:19:20.871054500Z", {00000000-0000-0000-0000-000000000000}
     Unknown,         10,           10,          0,          0,          0,          0,          0, 0x0000000000000000, 0x00000004, 0x00000230,                   13,             ,                     ,   {00000000-0000-0000-0000-000000000000},                                         ,   134252507608792707,          0,          0, "Unknown", "", "Unknown( 10): GUID=34f66502-e8a3-3972-e718-cb92e5c6c109 (No Format Information found).", "", "", {34f66502-e8a3-3972-e718-cb92e5c6c109}, " 10", "2026-06-06T16:19:20.879Z",        0, "", "", "2026-06-06T20:19:20.879270700Z", {00000000-0000-0000-0000-000000000000}
     Unknown,         10,           10,          0,          0,          0,          0,          0, 0x0000000000000000, 0x00000004, 0x00000230,                   13,             ,                     ,   {00000000-0000-0000-0000-000000000000},                                         ,   134252507608870059,          0,          0, "Unknown", "", "Unknown( 10): GUID=34f66502-e8a3-3972-e718-cb92e5c6c109 (No Format Information found).", "", "", {34f66502-e8a3-3972-e718-cb92e5c6c109}, " 10", "2026-06-06T16:19:20.887Z",        0, "", "", "2026-06-06T20:19:20.887005900Z", {00000000-0000-0000-0000-000000000000}
     Unknown,         10,           10,          0,          0,          0,          0,          0, 0x0000000000000000, 0x00000004, 0x00000230,                   13,             ,                     ,   {00000000-0000-0000-0000-000000000000},                                         ,   134252507608948809,          0,          0, "Unknown", "", "Unknown( 10): GUID=34f66502-e8a3-3972-e718-cb92e5c6c109 (No Format Information found).", "", "", {34f66502-e8a3-3972-e718-cb92e5c6c109}, " 10", "2026-06-06T16:19:20.894Z",        0, "", "", "2026-06-06T20:19:20.894880900Z", {00000000-0000-0000-0000-000000000000}
     Unknown,         10,           10,          0,          0,          0,          0,          0, 0x0000000000000000, 0x00000004, 0x00000230,                   11,             ,                     ,   {00000000-0000-0000-0000-000000000000},                                         ,   134252507609030320,          0,          0, "Unknown", "", "Unknown( 10): GUID=34f66502-e8a3-3972-e718-cb92e5c6c109 (No Format Information found).", "", "", {34f66502-e8a3-3972-e718-cb92e5c6c109}, " 10", "2026-06-06T16:19:20.903Z",        0, "", "", "2026-06-06T20:19:20.903032000Z", {00000000-0000-0000-0000-000000000000}
     Unknown,         10,           10,          0,          0,          0,          0,          0, 0x0000000000000000, 0x00000004, 0x00000230,                   11,             ,                     ,   {00000000-0000-0000-0000-000000000000},                                         ,   134252507609108356,          0,          0, "Unknown", "", "Unknown( 10): GUID=34f66502-e8a3-3972-e718-cb92e5c6c109 (No Format Information found).", "", "", {34f66502-e8a3-3972-e718-cb92e5c6c109}, " 10", "2026-06-06T16:19:20.910Z",        0, "", "", "2026-06-06T20:19:20.910835600Z", {00000000-0000-0000-0000-000000000000}
     Unknown,         10,           10,          0,          0,          0,          0,          0, 0x0000000000000000, 0x00000004, 0x00000230,                   16,             ,                     ,   {00000000-0000-0000-0000-000000000000},                                         ,   134252507609188639,          0,          0, "Unknown", "", "Unknown( 10): GUID=34f66502-e8a3-3972-e718-cb92e5c6c109 (No Format Information found).", "", "", {34f66502-e8a3-3972-e718-cb92e5c6c109}, " 10", "2026-06-06T16:19:20.918Z",        0, "", "", "2026-06-06T20:19:20.918863900Z", {00000000-0000-0000-0000-000000000000}
     Unknown,         10,           10,          0,          0,          0,          0,          0, 0x0000000000000000, 0x00000004, 0x00000230,                   11,             ,                     ,   {00000000-0000-0000-0000-000000000000},                                         ,   134252507609269738,          0,          0, "Unknown", "", "Unknown( 10): GUID=34f66502-e8a3-3972-e718-cb92e5c6c109 (No Format Information found).", "", "", {34f66502-e8a3-3972-e718-cb92e5c6c109}, " 10", "2026-06-06T16:19:20.926Z",        0, "", "", "2026-06-06T20:19:20.926973800Z", {00000000-0000-0000-0000-000000000000}
     Unknown,         10,           10,          0,          0,          0,          0,          0, 0x0000000000000000, 0x00000004, 0x00000230,                   11,             ,                     ,   {00000000-0000-0000-0000-000000000000},                                         ,   134252507609345784,          0,          0, "Unknown", "", "Unknown( 10): GUID=34f66502-e8a3-3972-e718-cb92e5c6c109 (No Format Information found).", "", "", {34f66502-e8a3-3972-e718-cb92e5c6c109}, " 10", "2026-06-06T16:19:20.934Z",        0, "", "", "2026-06-06T20:19:20.934578400Z", {00000000-0000-0000-0000-000000000000}
     Unknown,         10,           10,          0,          0,          0,          0,          0, 0x0000000000000000, 0x00000004, 0x00000230,                   10,             ,                     ,   {00000000-0000-0000-0000-000000000000},                                         ,   134252507609424013,          0,          0, "Unknown", "", "Unknown( 10): GUID=34f66502-e8a3-3972-e718-cb92e5c6c109 (No Format Information found).", "", "", {34f66502-e8a3-3972-e718-cb92e5c6c109}, " 10", "2026-06-06T16:19:20.942Z",        0, "", "", "2026-06-06T20:19:20.942401300Z", {00000000-0000-0000-0000-000000000000}
     Unknown,         10,           10,          0,          0,          0,          0,          0, 0x0000000000000000, 0x00000004, 0x00000230,                   11,             ,                     ,   {00000000-0000-0000-0000-000000000000},                                         ,   134252507609504092,          0,          0, "Unknown", "", "Unknown( 10): GUID=34f66502-e8a3-3972-e718-cb92e5c6c109 (No Format Information found).", "", "", {34f66502-e8a3-3972-e718-cb92e5c6c109}, " 10", "2026-06-06T16:19:20.950Z",        0, "", "", "2026-06-06T20:19:20.950409200Z", {00000000-0000-0000-0000-000000000000}
     Unknown,         10,           10,          0,          0,          0,          0,          0, 0x0000000000000000, 0x00000004, 0x00000230,                   11,             ,                     ,   {00000000-0000-0000-0000-000000000000},                                         ,   134252507609584824,          0,          0, "Unknown", "", "Unknown( 10): GUID=34f66502-e8a3-3972-e718-cb92e5c6c109 (No Format Information found).", "", "", {34f66502-e8a3-3972-e718-cb92e5c6c109}, " 10", "2026-06-06T16:19:20.958Z",        0, "", "", "2026-06-06T20:19:20.958482400Z", {00000000-0000-0000-0000-000000000000}
     Unknown,         10,           10,          0,          0,          0,          0,          0, 0x0000000000000000, 0x00000004, 0x00000230,                   10,             ,                     ,   {00000000-0000-0000-0000-000000000000},                                         ,   134252507609659181,          0,          0, "Unknown", "", "Unknown( 10): GUID=34f66502-e8a3-3972-e718-cb92e5c6c109 (No Format Information found).", "", "", {34f66502-e8a3-3972-e718-cb92e5c6c109}, " 10", "2026-06-06T16:19:20.965Z",        0, "", "", "2026-06-06T20:19:20.965918100Z", {00000000-0000-0000-0000-000000000000}
     Unknown,         10,           10,          0,          0,          0,          0,          0, 0x0000000000000000, 0x00000004, 0x00000230,                   11,             ,                     ,   {00000000-0000-0000-0000-000000000000},                                         ,   134252507620929896,          0,          0, "Unknown", "", "Unknown( 10): GUID=34f66502-e8a3-3972-e718-cb92e5c6c109 (No Format Information found).", "", "", {34f66502-e8a3-3972-e718-cb92e5c6c109}, " 10", "2026-06-06T16:19:22.092Z",        0, "", "", "2026-06-06T20:19:22.092989600Z", {00000000-0000-0000-0000-000000000000}
     Unknown,         10,           10,          0,          0,          0,          0,          0, 0x0000000000000000, 0x00000004, 0x00000230,                   11,             ,                     ,   {00000000-0000-0000-0000-000000000000},                                         ,   134252507621007612,          0,          0, "Unknown", "", "Unknown( 10): GUID=34f66502-e8a3-3972-e718-cb92e5c6c109 (No Format Information found).", "", "", {34f66502-e8a3-3972-e718-cb92e5c6c109}, " 10", "2026-06-06T16:19:22.100Z",        0, "", "", "2026-06-06T20:19:22.100761200Z", {00000000-0000-0000-0000-000000000000}
     Unknown,         10,           10,          0,          0,          0,          0,          0, 0x0000000000000000, 0x00000004, 0x00000230,                   11,             ,                     ,   {00000000-0000-0000-0000-000000000000},                                         ,   134252507621088571,          0,          0, "Unknown", "", "Unknown( 10): GUID=34f66502-e8a3-3972-e718-cb92e5c6c109 (No Format Information found).", "", "", {34f66502-e8a3-3972-e718-cb92e5c6c109}, " 10", "2026-06-06T16:19:22.108Z",        0, "", "", "2026-06-06T20:19:22.108857100Z", {00000000-0000-0000-0000-000000000000}
     Unknown,         10,           10,          0,          0,          0,          0,          0, 0x0000000000000000, 0x00000004, 0x00000230,                   11,             ,                     ,   {00000000-0000-0000-0000-000000000000},                                         ,   134252507621167060,          0,          0, "Unknown", "", "Unknown( 10): GUID=34f66502-e8a3-3972-e718-cb92e5c6c109 (No Format Information found).", "", "", {34f66502-e8a3-3972-e718-cb92e5c6c109}, " 10", "2026-06-06T16:19:22.116Z",        0, "", "", "2026-06-06T20:19:22.116706000Z", {00000000-0000-0000-0000-000000000000}
     Unknown,         10,           10,          0,          0,          0,          0,          0, 0x0000000000000000, 0x00000004, 0x00000230,                   16,             ,                     ,   {00000000-0000-0000-0000-000000000000},                                         ,   134252507621247097,          0,          0, "Unknown", "", "Unknown( 10): GUID=34f66502-e8a3-3972-e718-cb92e5c6c109 (No Format Information found).", "", "", {34f66502-e8a3-3972-e718-cb92e5c6c109}, " 10", "2026-06-06T16:19:22.124Z",        0, "", "", "2026-06-06T20:19:22.124709700Z", {00000000-0000-0000-0000-000000000000}
     Unknown,         10,           10,          0,          0,          0,          0,          0, 0x0000000000000000, 0x00000004, 0x00000230,                   17,             ,                     ,   {00000000-0000-0000-0000-000000000000},                                         ,   134252507621326852,          0,          0, "Unknown", "", "Unknown( 10): GUID=34f66502-e8a3-3972-e718-cb92e5c6c109 (No Format Information found).", "", "", {34f66502-e8a3-3972-e718-cb92e5c6c109}, " 10", "2026-06-06T16:19:22.132Z",        0, "", "", "2026-06-06T20:19:22.132685200Z", {00000000-0000-0000-0000-000000000000}
     Unknown,         10,           10,          0,          0,          0,          0,          0, 0x0000000000000000, 0x00000004, 0x00000230,                   11,             ,                     ,   {00000000-0000-0000-0000-000000000000},                                         ,   134252507621405142,          0,          0, "Unknown", "", "Unknown( 10): GUID=34f66502-e8a3-3972-e718-cb92e5c6c109 (No Format Information found).", "", "", {34f66502-e8a3-3972-e718-cb92e5c6c109}, " 10", "2026-06-06T16:19:22.140Z",        0, "", "", "2026-06-06T20:19:22.140514200Z", {00000000-0000-0000-0000-000000000000}
     Unknown,         10,           10,          0,          0,          0,          0,          0, 0x0000000000000000, 0x00000004, 0x00000230,                   17,             ,                     ,   {00000000-0000-0000-0000-000000000000},                                         ,   134252507621484122,          0,          0, "Unknown", "", "Unknown( 10): GUID=34f66502-e8a3-3972-e718-cb92e5c6c109 (No Format Information found).", "", "", {34f66502-e8a3-3972-e718-cb92e5c6c109}, " 10", "2026-06-06T16:19:22.148Z",        0, "", "", "2026-06-06T20:19:22.148412200Z", {00000000-0000-0000-0000-000000000000}
     Unknown,         10,           10,          0,          0,          0,          0,          0, 0x0000000000000000, 0x00000004, 0x00000230,                   11,             ,                     ,   {00000000-0000-0000-0000-000000000000},                                         ,   134252507621563069,          0,          0, "Unknown", "", "Unknown( 10): GUID=34f66502-e8a3-3972-e718-cb92e5c6c109 (No Format Information found).", "", "", {34f66502-e8a3-3972-e718-cb92e5c6c109}, " 10", "2026-06-06T16:19:22.156Z",        0, "", "", "2026-06-06T20:19:22.156306900Z", {00000000-0000-0000-0000-000000000000}
     Unknown,         10,           10,          0,          0,          0,          0,          0, 0x0000000000000000, 0x00000004, 0x00000230,                   13,             ,                     ,   {00000000-0000-0000-0000-000000000000},                                         ,   134252507621640149,          0,          0, "Unknown", "", "Unknown( 10): GUID=34f66502-e8a3-3972-e718-cb92e5c6c109 (No Format Information found).", "", "", {34f66502-e8a3-3972-e718-cb92e5c6c109}, " 10", "2026-06-06T16:19:22.164Z",        0, "", "", "2026-06-06T20:19:22.164014900Z", {00000000-0000-0000-0000-000000000000}
     Unknown,         10,           10,          0,          0,          0,          0,          0, 0x0000000000000000, 0x00000004, 0x00000230,                   11,             ,                     ,   {00000000-0000-0000-0000-000000000000},                                         ,   134252507621719407,          0,          0, "Unknown", "", "Unknown( 10): GUID=34f66502-e8a3-3972-e718-cb92e5c6c109 (No Format Information found).", "", "", {34f66502-e8a3-3972-e718-cb92e5c6c109}, " 10", "2026-06-06T16:19:22.171Z",        0, "", "", "2026-06-06T20:19:22.171940700Z", {00000000-0000-0000-0000-000000000000}
     Unknown,         10,           10,          0,          0,          0,          0,          0, 0x0000000000000000, 0x00000004, 0x00000230,                   11,             ,                     ,   {00000000-0000-0000-0000-000000000000},                                         ,   134252507621799906,          0,          0, "Unknown", "", "Unknown( 10): GUID=34f66502-e8a3-3972-e718-cb92e5c6c109 (No Format Information found).", "", "", {34f66502-e8a3-3972-e718-cb92e5c6c109}, " 10", "2026-06-06T16:19:22.179Z",        0, "", "", "2026-06-06T20:19:22.179990600Z", {00000000-0000-0000-0000-000000000000}
     Unknown,         10,           10,          0,          0,          0,          0,          0, 0x0000000000000000, 0x00000004, 0x00000230,                   12,             ,                     ,   {00000000-0000-0000-0000-000000000000},                                         ,   134252507621878336,          0,          0, "Unknown", "", "Unknown( 10): GUID=34f66502-e8a3-3972-e718-cb92e5c6c109 (No Format Information found).", "", "", {34f66502-e8a3-3972-e718-cb92e5c6c109}, " 10", "2026-06-06T16:19:22.187Z",        0, "", "", "2026-06-06T20:19:22.187833600Z", {00000000-0000-0000-0000-000000000000}
     Unknown,         10,           10,          0,          0,          0,          0,          0, 0x0000000000000000, 0x00000004, 0x00000230,                   16,             ,                     ,   {00000000-0000-0000-0000-000000000000},                                         ,   134252507621957845,          0,          0, "Unknown", "", "Unknown( 10): GUID=34f66502-e8a3-3972-e718-cb92e5c6c109 (No Format Information found).", "", "", {34f66502-e8a3-3972-e718-cb92e5c6c109}, " 10", "2026-06-06T16:19:22.195Z",        0, "", "", "2026-06-06T20:19:22.195784500Z", {00000000-0000-0000-0000-000000000000}
     Unknown,         10,           10,          0,          0,          0,          0,          0, 0x0000000000000000, 0x00000004, 0x00000230,                    1,             ,                     ,   {00000000-0000-0000-0000-000000000000},                                         ,   134252507622038504,          0,          0, "Unknown", "", "Unknown( 10): GUID=34f66502-e8a3-3972-e718-cb92e5c6c109 (No Format Information found).", "", "", {34f66502-e8a3-3972-e718-cb92e5c6c109}, " 10", "2026-06-06T16:19:22.203Z",        0, "", "", "2026-06-06T20:19:22.203850400Z", {00000000-0000-0000-0000-000000000000}
     Unknown,         10,           10,          0,          0,          0,          0,          0, 0x0000000000000000, 0x00000004, 0x00000230,                   12,             ,                     ,   {00000000-0000-0000-0000-000000000000},                                         ,   134252507622118652,          0,          0, "Unknown", "", "Unknown( 10): GUID=34f66502-e8a3-3972-e718-cb92e5c6c109 (No Format Information found).", "", "", {34f66502-e8a3-3972-e718-cb92e5c6c109}, " 10", "2026-06-06T16:19:22.211Z",        0, "", "", "2026-06-06T20:19:22.211865200Z", {00000000-0000-0000-0000-000000000000}
     Unknown,         10,           10,          0,          0,          0,          0,          0, 0x0000000000000000, 0x00000004, 0x00000230,                   12,             ,                     ,   {00000000-0000-0000-0000-000000000000},                                         ,   134252507622196555,          0,          0, "Unknown", "", "Unknown( 10): GUID=34f66502-e8a3-3972-e718-cb92e5c6c109 (No Format Information found).", "", "", {34f66502-e8a3-3972-e718-cb92e5c6c109}, " 10", "2026-06-06T16:19:22.219Z",        0, "", "", "2026-06-06T20:19:22.219655500Z", {00000000-0000-0000-0000-000000000000}
     Unknown,         10,           10,          0,          0,          0,          0,          0, 0x0000000000000000, 0x00000004, 0x00000230,                   12,             ,                     ,   {00000000-0000-0000-0000-000000000000},                                         ,   134252507622277721,          0,          0, "Unknown", "", "Unknown( 10): GUID=34f66502-e8a3-3972-e718-cb92e5c6c109 (No Format Information found).", "", "", {34f66502-e8a3-3972-e718-cb92e5c6c109}, " 10", "2026-06-06T16:19:22.227Z",        0, "", "", "2026-06-06T20:19:22.227772100Z", {00000000-0000-0000-0000-000000000000}
     Unknown,         10,           10,          0,          0,          0,          0,          0, 0x0000000000000000, 0x00000004, 0x00000230,                   12,             ,                     ,   {00000000-0000-0000-0000-000000000000},                                         ,   134252507622358008,          0,          0, "Unknown", "", "Unknown( 10): GUID=34f66502-e8a3-3972-e718-cb92e5c6c109 (No Format Information found).", "", "", {34f66502-e8a3-3972-e718-cb92e5c6c109}, " 10", "2026-06-06T16:19:22.235Z",        0, "", "", "2026-06-06T20:19:22.235800800Z", {00000000-0000-0000-0000-000000000000}
     Unknown,         10,           10,          0,          0,          0,          0,          0, 0x0000000000000000, 0x00000004, 0x00000230,                   19,             ,                     ,   {00000000-0000-0000-0000-000000000000},                                         ,   134252507622436109,          0,          0, "Unknown", "", "Unknown( 10): GUID=34f66502-e8a3-3972-e718-cb92e5c6c109 (No Format Information found).", "", "", {34f66502-e8a3-3972-e718-cb92e5c6c109}, " 10", "2026-06-06T16:19:22.243Z",        0, "", "", "2026-06-06T20:19:22.243610900Z", {00000000-0000-0000-0000-000000000000}
     Unknown,         10,           10,          0,          0,          0,          0,          0, 0x0000000000000000, 0x00000004, 0x00000230,                    0,             ,                     ,   {00000000-0000-0000-0000-000000000000},                                         ,   134252507622513789,          0,          0, "Unknown", "", "Unknown( 10): GUID=34f66502-e8a3-3972-e718-cb92e5c6c109 (No Format Information found).", "", "", {34f66502-e8a3-3972-e718-cb92e5c6c109}, " 10", "2026-06-06T16:19:22.251Z",        0, "", "", "2026-06-06T20:19:22.251378900Z", {00000000-0000-0000-0000-000000000000}
     Unknown,         10,           10,          0,          0,          0,          0,          0, 0x0000000000000000, 0x00000004, 0x00000230,                   10,             ,                     ,   {00000000-0000-0000-0000-000000000000},                                         ,   134252507622594132,          0,          0, "Unknown", "", "Unknown( 10): GUID=34f66502-e8a3-3972-e718-cb92e5c6c109 (No Format Information found).", "", "", {34f66502-e8a3-3972-e718-cb92e5c6c109}, " 10", "2026-06-06T16:19:22.259Z",        0, "", "", "2026-06-06T20:19:22.259413200Z", {00000000-0000-0000-0000-000000000000}
     Unknown,         10,           10,          0,          0,          0,          0,          0, 0x0000000000000000, 0x00000004, 0x00000230,                   16,             ,                     ,   {00000000-0000-0000-0000-000000000000},                                         ,   134252507622673022,          0,          0, "Unknown", "", "Unknown( 10): GUID=34f66502-e8a3-3972-e718-cb92e5c6c109 (No Format Information found).", "", "", {34f66502-e8a3-3972-e718-cb92e5c6c109}, " 10", "2026-06-06T16:19:22.267Z",        0, "", "", "2026-06-06T20:19:22.267302200Z", {00000000-0000-0000-0000-000000000000}
     Unknown,         10,           10,          0,          0,          0,          0,          0, 0x0000000000000000, 0x00000004, 0x00000230,                   11,             ,                     ,   {00000000-0000-0000-0000-000000000000},                                         ,   134252507622752294,          0,          0, "Unknown", "", "Unknown( 10): GUID=34f66502-e8a3-3972-e718-cb92e5c6c109 (No Format Information found).", "", "", {34f66502-e8a3-3972-e718-cb92e5c6c109}, " 10", "2026-06-06T16:19:22.275Z",        0, "", "", "2026-06-06T20:19:22.275229400Z", {00000000-0000-0000-0000-000000000000}
     Unknown,         10,           10,          0,          0,          0,          0,          0, 0x0000000000000000, 0x00000004, 0x00000230,                   12,             ,                     ,   {00000000-0000-0000-0000-000000000000},                                         ,   134252507622834762,          0,          0, "Unknown", "", "Unknown( 10): GUID=34f66502-e8a3-3972-e718-cb92e5c6c109 (No Format Information found).", "", "", {34f66502-e8a3-3972-e718-cb92e5c6c109}, " 10", "2026-06-06T16:19:22.283Z",        0, "", "", "2026-06-06T20:19:22.283476200Z", {00000000-0000-0000-0000-000000000000}
     Unknown,         10,           10,          0,          0,          0,          0,          0, 0x0000000000000000, 0x00000004, 0x00000230,                   13,             ,                     ,   {00000000-0000-0000-0000-000000000000},                                         ,   134252507622911212,          0,          0, "Unknown", "", "Unknown( 10): GUID=34f66502-e8a3-3972-e718-cb92e5c6c109 (No Format Information found).", "", "", {34f66502-e8a3-3972-e718-cb92e5c6c109}, " 10", "2026-06-06T16:19:22.291Z",        0, "", "", "2026-06-06T20:19:22.291121200Z", {00000000-0000-0000-0000-000000000000}
     Unknown,         10,           10,          0,          0,          0,          0,          0, 0x0000000000000000, 0x00000004, 0x00000230,                    1,             ,                     ,   {00000000-0000-0000-0000-000000000000},                                         ,   134252507622990237,          0,          0, "Unknown", "", "Unknown( 10): GUID=34f66502-e8a3-3972-e718-cb92e5c6c109 (No Format Information found).", "", "", {34f66502-e8a3-3972-e718-cb92e5c6c109}, " 10", "2026-06-06T16:19:22.299Z",        0, "", "", "2026-06-06T20:19:22.299023700Z", {00000000-0000-0000-0000-000000000000}
     Unknown,         10,           10,          0,          0,          0,          0,          0, 0x0000000000000000, 0x00000004, 0x00000230,                   17,             ,                     ,   {00000000-0000-0000-0000-000000000000},                                         ,   134252507623070282,          0,          0, "Unknown", "", "Unknown( 10): GUID=34f66502-e8a3-3972-e718-cb92e5c6c109 (No Format Information found).", "", "", {34f66502-e8a3-3972-e718-cb92e5c6c109}, " 10", "2026-06-06T16:19:22.307Z",        0, "", "", "2026-06-06T20:19:22.307028200Z", {00000000-0000-0000-0000-000000000000}
     Unknown,         10,           10,          0,          0,          0,          0,          0, 0x0000000000000000, 0x00000004, 0x00000230,                   16,             ,                     ,   {00000000-0000-0000-0000-000000000000},                                         ,   134252507623149255,          0,          0, "Unknown", "", "Unknown( 10): GUID=34f66502-e8a3-3972-e718-cb92e5c6c109 (No Format Information found).", "", "", {34f66502-e8a3-3972-e718-cb92e5c6c109}, " 10", "2026-06-06T16:19:22.314Z",        0, "", "", "2026-06-06T20:19:22.314925500Z", {00000000-0000-0000-0000-000000000000}
     Unknown,         10,           10,          0,          0,          0,          0,          0, 0x0000000000000000, 0x00000004, 0x00000230,                   11,             ,                     ,   {00000000-0000-0000-0000-000000000000},                                         ,   134252507623228209,          0,          0, "Unknown", "", "Unknown( 10): GUID=34f66502-e8a3-3972-e718-cb92e5c6c109 (No Format Information found).", "", "", {34f66502-e8a3-3972-e718-cb92e5c6c109}, " 10", "2026-06-06T16:19:22.322Z",        0, "", "", "2026-06-06T20:19:22.322820900Z", {00000000-0000-0000-0000-000000000000}
     Unknown,         10,           10,          0,          0,          0,          0,          0, 0x0000000000000000, 0x00000004, 0x00000230,                   13,             ,                     ,   {00000000-0000-0000-0000-000000000000},                                         ,   134252507623311376,          0,          0, "Unknown", "", "Unknown( 10): GUID=34f66502-e8a3-3972-e718-cb92e5c6c109 (No Format Information found).", "", "", {34f66502-e8a3-3972-e718-cb92e5c6c109}, " 10", "2026-06-06T16:19:22.331Z",        0, "", "", "2026-06-06T20:19:22.331137600Z", {00000000-0000-0000-0000-000000000000}
     Unknown,         10,           10,          0,          0,          0,          0,          0, 0x0000000000000000, 0x00000004, 0x00000230,                   13,             ,                     ,   {00000000-0000-0000-0000-000000000000},                                         ,   134252507623387925,          0,          0, "Unknown", "", "Unknown( 10): GUID=34f66502-e8a3-3972-e718-cb92e5c6c109 (No Format Information found).", "", "", {34f66502-e8a3-3972-e718-cb92e5c6c109}, " 10", "2026-06-06T16:19:22.338Z",        0, "", "", "2026-06-06T20:19:22.338792500Z", {00000000-0000-0000-0000-000000000000}
     Unknown,         10,           10,          0,          0,          0,          0,          0, 0x0000000000000000, 0x00000004, 0x00000230,                   13,             ,                     ,   {00000000-0000-0000-0000-000000000000},                                         ,   134252507623469007,          0,          0, "Unknown", "", "Unknown( 10): GUID=34f66502-e8a3-3972-e718-cb92e5c6c109 (No Format Information found).", "", "", {34f66502-e8a3-3972-e718-cb92e5c6c109}, " 10", "2026-06-06T16:19:22.346Z",        0, "", "", "2026-06-06T20:19:22.346900700Z", {00000000-0000-0000-0000-000000000000}
     Unknown,         10,           10,          0,          0,          0,          0,          0, 0x0000000000000000, 0x00000004, 0x00000230,                   14,             ,                     ,   {00000000-0000-0000-0000-000000000000},                                         ,   134252507623545906,          0,          0, "Unknown", "", "Unknown( 10): GUID=34f66502-e8a3-3972-e718-cb92e5c6c109 (No Format Information found).", "", "", {34f66502-e8a3-3972-e718-cb92e5c6c109}, " 10", "2026-06-06T16:19:22.354Z",        0, "", "", "2026-06-06T20:19:22.354590600Z", {00000000-0000-0000-0000-000000000000}
     Unknown,         10,           10,          0,          0,          0,          0,          0, 0x0000000000000000, 0x00000004, 0x00000230,                   13,             ,                     ,   {00000000-0000-0000-0000-000000000000},                                         ,   134252507623625793,          0,          0, "Unknown", "", "Unknown( 10): GUID=34f66502-e8a3-3972-e718-cb92e5c6c109 (No Format Information found).", "", "", {34f66502-e8a3-3972-e718-cb92e5c6c109}, " 10", "2026-06-06T16:19:22.362Z",        0, "", "", "2026-06-06T20:19:22.362579300Z", {00000000-0000-0000-0000-000000000000}
     Unknown,         10,           10,          0,          0,          0,          0,          0, 0x0000000000000000, 0x00000004, 0x00000230,                   10,             ,                     ,   {00000000-0000-0000-0000-000000000000},                                         ,   134252507623705020,          0,          0, "Unknown", "", "Unknown( 10): GUID=34f66502-e8a3-3972-e718-cb92e5c6c109 (No Format Information found).", "", "", {34f66502-e8a3-3972-e718-cb92e5c6c109}, " 10", "2026-06-06T16:19:22.370Z",        0, "", "", "2026-06-06T20:19:22.370502000Z", {00000000-0000-0000-0000-000000000000}
     Unknown,         10,           10,          0,          0,          0,          0,          0, 0x0000000000000000, 0x00000004, 0x00000230,                   11,             ,                     ,   {00000000-0000-0000-0000-000000000000},                                         ,   134252507623783867,          0,          0, "Unknown", "", "Unknown( 10): GUID=34f66502-e8a3-3972-e718-cb92e5c6c109 (No Format Information found).", "", "", {34f66502-e8a3-3972-e718-cb92e5c6c109}, " 10", "2026-06-06T16:19:22.378Z",        0, "", "", "2026-06-06T20:19:22.378386700Z", {00000000-0000-0000-0000-000000000000}
     Unknown,         10,           10,          0,          0,          0,          0,          0, 0x0000000000000000, 0x00000004, 0x00000230,                   13,             ,                     ,   {00000000-0000-0000-0000-000000000000},                                         ,   134252507623865637,          0,          0, "Unknown", "", "Unknown( 10): GUID=34f66502-e8a3-3972-e718-cb92e5c6c109 (No Format Information found).", "", "", {34f66502-e8a3-3972-e718-cb92e5c6c109}, " 10", "2026-06-06T16:19:22.386Z",        0, "", "", "2026-06-06T20:19:22.386563700Z", {00000000-0000-0000-0000-000000000000}
     Unknown,         10,           10,          0,          0,          0,          0,          0, 0x0000000000000000, 0x00000004, 0x00000230,                   11,             ,                     ,   {00000000-0000-0000-0000-000000000000},                                         ,   134252507623943229,          0,          0, "Unknown", "", "Unknown( 10): GUID=34f66502-e8a3-3972-e718-cb92e5c6c109 (No Format Information found).", "", "", {34f66502-e8a3-3972-e718-cb92e5c6c109}, " 10", "2026-06-06T16:19:22.394Z",        0, "", "", "2026-06-06T20:19:22.394322900Z", {00000000-0000-0000-0000-000000000000}
     Unknown,         10,           10,          0,          0,          0,          0,          0, 0x0000000000000000, 0x00000004, 0x00000230,                   11,             ,                     ,   {00000000-0000-0000-0000-000000000000},                                         ,   134252507624021708,          0,          0, "Unknown", "", "Unknown( 10): GUID=34f66502-e8a3-3972-e718-cb92e5c6c109 (No Format Information found).", "", "", {34f66502-e8a3-3972-e718-cb92e5c6c109}, " 10", "2026-06-06T16:19:22.402Z",        0, "", "", "2026-06-06T20:19:22.402170800Z", {00000000-0000-0000-0000-000000000000}
     Unknown,         10,           10,          0,          0,          0,          0,          0, 0x0000000000000000, 0x00000004, 0x00000230,                   11,             ,                     ,   {00000000-0000-0000-0000-000000000000},                                         ,   134252507624101090,          0,          0, "Unknown", "", "Unknown( 10): GUID=34f66502-e8a3-3972-e718-cb92e5c6c109 (No Format Information found).", "", "", {34f66502-e8a3-3972-e718-cb92e5c6c109}, " 10", "2026-06-06T16:19:22.410Z",        0, "", "", "2026-06-06T20:19:22.410109000Z", {00000000-0000-0000-0000-000000000000}
     Unknown,         10,           10,          0,          0,          0,          0,          0, 0x0000000000000000, 0x00000004, 0x00000230,                   11,             ,                     ,   {00000000-0000-0000-0000-000000000000},                                         ,   134252507624182669,          0,          0, "Unknown", "", "Unknown( 10): GUID=34f66502-e8a3-3972-e718-cb92e5c6c109 (No Format Information found).", "", "", {34f66502-e8a3-3972-e718-cb92e5c6c109}, " 10", "2026-06-06T16:19:22.418Z",        0, "", "", "2026-06-06T20:19:22.418266900Z", {00000000-0000-0000-0000-000000000000}
     Unknown,         10,           10,          0,          0,          0,          0,          0, 0x0000000000000000, 0x00000004, 0x00000230,                   13,             ,                     ,   {00000000-0000-0000-0000-000000000000},                                         ,   134252507624262302,          0,          0, "Unknown", "", "Unknown( 10): GUID=34f66502-e8a3-3972-e718-cb92e5c6c109 (No Format Information found).", "", "", {34f66502-e8a3-3972-e718-cb92e5c6c109}, " 10", "2026-06-06T16:19:22.426Z",        0, "", "", "2026-06-06T20:19:22.426230200Z", {00000000-0000-0000-0000-000000000000}
     Unknown,         10,           10,          0,          0,          0,          0,          0, 0x0000000000000000, 0x00000004, 0x00000230,                   13,             ,                     ,   {00000000-0000-0000-0000-000000000000},                                         ,   134252507624339095,          0,          0, "Unknown", "", "Unknown( 10): GUID=34f66502-e8a3-3972-e718-cb92e5c6c109 (No Format Information found).", "", "", {34f66502-e8a3-3972-e718-cb92e5c6c109}, " 10", "2026-06-06T16:19:22.433Z",        0, "", "", "2026-06-06T20:19:22.433909500Z", {00000000-0000-0000-0000-000000000000}
     Unknown,         10,           10,          0,          0,          0,          0,          0, 0x0000000000000000, 0x00000004, 0x00000230,                   11,             ,                     ,   {00000000-0000-0000-0000-000000000000},                                         ,   134252507624419242,          0,          0, "Unknown", "", "Unknown( 10): GUID=34f66502-e8a3-3972-e718-cb92e5c6c109 (No Format Information found).", "", "", {34f66502-e8a3-3972-e718-cb92e5c6c109}, " 10", "2026-06-06T16:19:22.441Z",        0, "", "", "2026-06-06T20:19:22.441924200Z", {00000000-0000-0000-0000-000000000000}
     Unknown,         10,           10,          0,          0,          0,          0,          0, 0x0000000000000000, 0x00000004, 0x00000230,                   11,             ,                     ,   {00000000-0000-0000-0000-000000000000},                                         ,   134252507624498131,          0,          0, "Unknown", "", "Unknown( 10): GUID=34f66502-e8a3-3972-e718-cb92e5c6c109 (No Format Information found).", "", "", {34f66502-e8a3-3972-e718-cb92e5c6c109}, " 10", "2026-06-06T16:19:22.449Z",        0, "", "", "2026-06-06T20:19:22.449813100Z", {00000000-0000-0000-0000-000000000000}
     Unknown,         10,           10,          0,          0,          0,          0,          0, 0x0000000000000000, 0x00000004, 0x00000230,                   16,             ,                     ,   {00000000-0000-0000-0000-000000000000},                                         ,   134252507624581363,          0,          0, "Unknown", "", "Unknown( 10): GUID=34f66502-e8a3-3972-e718-cb92e5c6c109 (No Format Information found).", "", "", {34f66502-e8a3-3972-e718-cb92e5c6c109}, " 10", "2026-06-06T16:19:22.458Z",        0, "", "", "2026-06-06T20:19:22.458136300Z", {00000000-0000-0000-0000-000000000000}
     Unknown,         10,           10,          0,          0,          0,          0,          0, 0x0000000000000000, 0x00000004, 0x00000230,                   11,             ,                     ,   {00000000-0000-0000-0000-000000000000},                                         ,   134252507624656772,          0,          0, "Unknown", "", "Unknown( 10): GUID=34f66502-e8a3-3972-e718-cb92e5c6c109 (No Format Information found).", "", "", {34f66502-e8a3-3972-e718-cb92e5c6c109}, " 10", "2026-06-06T16:19:22.465Z",        0, "", "", "2026-06-06T20:19:22.465677200Z", {00000000-0000-0000-0000-000000000000}
     Unknown,         10,           10,          0,          0,          0,          0,          0, 0x0000000000000000, 0x00000004, 0x00000230,                   11,             ,                     ,   {00000000-0000-0000-0000-000000000000},                                         ,   134252507624738725,          0,          0, "Unknown", "", "Unknown( 10): GUID=34f66502-e8a3-3972-e718-cb92e5c6c109 (No Format Information found).", "", "", {34f66502-e8a3-3972-e718-cb92e5c6c109}, " 10", "2026-06-06T16:19:22.473Z",        0, "", "", "2026-06-06T20:19:22.473872500Z", {00000000-0000-0000-0000-000000000000}
     Unknown,         10,           10,          0,          0,          0,          0,          0, 0x0000000000000000, 0x00000004, 0x00000230,                   13,             ,                     ,   {00000000-0000-0000-0000-000000000000},                                         ,   134252507624819236,          0,          0, "Unknown", "", "Unknown( 10): GUID=34f66502-e8a3-3972-e718-cb92e5c6c109 (No Format Information found).", "", "", {34f66502-e8a3-3972-e718-cb92e5c6c109}, " 10", "2026-06-06T16:19:22.481Z",        0, "", "", "2026-06-06T20:19:22.481923600Z", {00000000-0000-0000-0000-000000000000}
     Unknown,         10,           10,          0,          0,          0,          0,          0, 0x0000000000000000, 0x00000004, 0x00000230,                   11,             ,                     ,   {00000000-0000-0000-0000-000000000000},                                         ,   134252507624895725,          0,          0, "Unknown", "", "Unknown( 10): GUID=34f66502-e8a3-3972-e718-cb92e5c6c109 (No Format Information found).", "", "", {34f66502-e8a3-3972-e718-cb92e5c6c109}, " 10", "2026-06-06T16:19:22.489Z",        0, "", "", "2026-06-06T20:19:22.489572500Z", {00000000-0000-0000-0000-000000000000}
     Unknown,         10,           10,          0,          0,          0,          0,          0, 0x0000000000000000, 0x00000004, 0x00000230,                   10,             ,                     ,   {00000000-0000-0000-0000-000000000000},                                         ,   134252507624976605,          0,          0, "Unknown", "", "Unknown( 10): GUID=34f66502-e8a3-3972-e718-cb92e5c6c109 (No Format Information found).", "", "", {34f66502-e8a3-3972-e718-cb92e5c6c109}, " 10", "2026-06-06T16:19:22.497Z",        0, "", "", "2026-06-06T20:19:22.497660500Z", {00000000-0000-0000-0000-000000000000}
     Unknown,         10,           10,          0,          0,          0,          0,          0, 0x0000000000000000, 0x00000004, 0x00000230,                   10,             ,                     ,   {00000000-0000-0000-0000-000000000000},                                         ,   134252507625056061,          0,          0, "Unknown", "", "Unknown( 10): GUID=34f66502-e8a3-3972-e718-cb92e5c6c109 (No Format Information found).", "", "", {34f66502-e8a3-3972-e718-cb92e5c6c109}, " 10", "2026-06-06T16:19:22.505Z",        0, "", "", "2026-06-06T20:19:22.505606100Z", {00000000-0000-0000-0000-000000000000}
     Unknown,         10,           10,          0,          0,          0,          0,          0, 0x0000000000000000, 0x00000004, 0x00000230,                   10,             ,                     ,   {00000000-0000-0000-0000-000000000000},                                         ,   134252507625134602,          0,          0, "Unknown", "", "Unknown( 10): GUID=34f66502-e8a3-3972-e718-cb92e5c6c109 (No Format Information found).", "", "", {34f66502-e8a3-3972-e718-cb92e5c6c109}, " 10", "2026-06-06T16:19:22.513Z",        0, "", "", "2026-06-06T20:19:22.513460200Z", {00000000-0000-0000-0000-000000000000}
     Unknown,         10,           10,          0,          0,          0,          0,          0, 0x0000000000000000, 0x00000004, 0x00000230,                   12,             ,                     ,   {00000000-0000-0000-0000-000000000000},                                         ,   134252507625212399,          0,          0, "Unknown", "", "Unknown( 10): GUID=34f66502-e8a3-3972-e718-cb92e5c6c109 (No Format Information found).", "", "", {34f66502-e8a3-3972-e718-cb92e5c6c109}, " 10", "2026-06-06T16:19:22.521Z",        0, "", "", "2026-06-06T20:19:22.521239900Z", {00000000-0000-0000-0000-000000000000}
     Unknown,         10,           10,          0,          0,          0,          0,          0, 0x0000000000000000, 0x00000004, 0x00000230,                   13,             ,                     ,   {00000000-0000-0000-0000-000000000000},                                         ,   134252507625311006,          0,          0, "Unknown", "", "Unknown( 10): GUID=34f66502-e8a3-3972-e718-cb92e5c6c109 (No Format Information found).", "", "", {34f66502-e8a3-3972-e718-cb92e5c6c109}, " 10", "2026-06-06T16:19:22.531Z",        0, "", "", "2026-06-06T20:19:22.531100600Z", {00000000-0000-0000-0000-000000000000}
     Unknown,         10,           10,          0,          0,          0,          0,          0, 0x0000000000000000, 0x00000004, 0x00000230,                   13,             ,                     ,   {00000000-0000-0000-0000-000000000000},                                         ,   134252507625371426,          0,          0, "Unknown", "", "Unknown( 10): GUID=34f66502-e8a3-3972-e718-cb92e5c6c109 (No Format Information found).", "", "", {34f66502-e8a3-3972-e718-cb92e5c6c109}, " 10", "2026-06-06T16:19:22.537Z",        0, "", "", "2026-06-06T20:19:22.537142600Z", {00000000-0000-0000-0000-000000000000}
     Unknown,         10,           10,          0,          0,          0,          0,          0, 0x0000000000000000, 0x00000004, 0x00000230,                   13,             ,                     ,   {00000000-0000-0000-0000-000000000000},                                         ,   134252507625450606,          0,          0, "Unknown", "", "Unknown( 10): GUID=34f66502-e8a3-3972-e718-cb92e5c6c109 (No Format Information found).", "", "", {34f66502-e8a3-3972-e718-cb92e5c6c109}, " 10", "2026-06-06T16:19:22.545Z",        0, "", "", "2026-06-06T20:19:22.545060600Z", {00000000-0000-0000-0000-000000000000}
     Unknown,         10,           10,          0,          0,          0,          0,          0, 0x0000000000000000, 0x00000004, 0x00000230,                   11,             ,                     ,   {00000000-0000-0000-0000-000000000000},                                         ,   134252507625528880,          0,          0, "Unknown", "", "Unknown( 10): GUID=34f66502-e8a3-3972-e718-cb92e5c6c109 (No Format Information found).", "", "", {34f66502-e8a3-3972-e718-cb92e5c6c109}, " 10", "2026-06-06T16:19:22.552Z",        0, "", "", "2026-06-06T20:19:22.552888000Z", {00000000-0000-0000-0000-000000000000}
     Unknown,         10,           10,          0,          0,          0,          0,          0, 0x0000000000000000, 0x00000004, 0x00000230,                   14,             ,                     ,   {00000000-0000-0000-0000-000000000000},                                         ,   134252507625608106,          0,          0, "Unknown", "", "Unknown( 10): GUID=34f66502-e8a3-3972-e718-cb92e5c6c109 (No Format Information found).", "", "", {34f66502-e8a3-3972-e718-cb92e5c6c109}, " 10", "2026-06-06T16:19:22.560Z",        0, "", "", "2026-06-06T20:19:22.560810600Z", {00000000-0000-0000-0000-000000000000}
     Unknown,         10,           10,          0,          0,          0,          0,          0, 0x0000000000000000, 0x00000004, 0x00000230,                   13,             ,                     ,   {00000000-0000-0000-0000-000000000000},                                         ,   134252507625690615,          0,          0, "Unknown", "", "Unknown( 10): GUID=34f66502-e8a3-3972-e718-cb92e5c6c109 (No Format Information found).", "", "", {34f66502-e8a3-3972-e718-cb92e5c6c109}, " 10", "2026-06-06T16:19:22.569Z",        0, "", "", "2026-06-06T20:19:22.569061500Z", {00000000-0000-0000-0000-000000000000}
     Unknown,         10,           10,          0,          0,          0,          0,          0, 0x0000000000000000, 0x00000004, 0x00000230,                   13,             ,                     ,   {00000000-0000-0000-0000-000000000000},                                         ,   134252507625767820,          0,          0, "Unknown", "", "Unknown( 10): GUID=34f66502-e8a3-3972-e718-cb92e5c6c109 (No Format Information found).", "", "", {34f66502-e8a3-3972-e718-cb92e5c6c109}, " 10", "2026-06-06T16:19:22.576Z",        0, "", "", "2026-06-06T20:19:22.576782000Z", {00000000-0000-0000-0000-000000000000}
     Unknown,         10,           10,          0,          0,          0,          0,          0, 0x0000000000000000, 0x00000004, 0x00000230,                   13,             ,                     ,   {00000000-0000-0000-0000-000000000000},                                         ,   134252507625846411,          0,          0, "Unknown", "", "Unknown( 10): GUID=34f66502-e8a3-3972-e718-cb92e5c6c109 (No Format Information found).", "", "", {34f66502-e8a3-3972-e718-cb92e5c6c109}, " 10", "2026-06-06T16:19:22.584Z",        0, "", "", "2026-06-06T20:19:22.584641100Z", {00000000-0000-0000-0000-000000000000}
     Unknown,         10,           10,          0,          0,          0,          0,          0, 0x0000000000000000, 0x00000004, 0x00000230,                   11,             ,                     ,   {00000000-0000-0000-0000-000000000000},                                         ,   134252507625927312,          0,          0, "Unknown", "", "Unknown( 10): GUID=34f66502-e8a3-3972-e718-cb92e5c6c109 (No Format Information found).", "", "", {34f66502-e8a3-3972-e718-cb92e5c6c109}, " 10", "2026-06-06T16:19:22.592Z",        0, "", "", "2026-06-06T20:19:22.592731200Z", {00000000-0000-0000-0000-000000000000}
     Unknown,         10,           10,          0,          0,          0,          0,          0, 0x0000000000000000, 0x00000004, 0x00000230,                   16,             ,                     ,   {00000000-0000-0000-0000-000000000000},                                         ,   134252507626007757,          0,          0, "Unknown", "", "Unknown( 10): GUID=34f66502-e8a3-3972-e718-cb92e5c6c109 (No Format Information found).", "", "", {34f66502-e8a3-3972-e718-cb92e5c6c109}, " 10", "2026-06-06T16:19:22.600Z",        0, "", "", "2026-06-06T20:19:22.600775700Z", {00000000-0000-0000-0000-000000000000}
     Unknown,         10,           10,          0,          0,          0,          0,          0, 0x0000000000000000, 0x00000004, 0x00000230,                   11,             ,                     ,   {00000000-0000-0000-0000-000000000000},                                         ,   134252507626087662,          0,          0, "Unknown", "", "Unknown( 10): GUID=34f66502-e8a3-3972-e718-cb92e5c6c109 (No Format Information found).", "", "", {34f66502-e8a3-3972-e718-cb92e5c6c109}, " 10", "2026-06-06T16:19:22.608Z",        0, "", "", "2026-06-06T20:19:22.608766200Z", {00000000-0000-0000-0000-000000000000}
     Unknown,         10,           10,          0,          0,          0,          0,          0, 0x0000000000000000, 0x00000004, 0x00000230,                   11,             ,                     ,   {00000000-0000-0000-0000-000000000000},                                         ,   134252507626167708,          0,          0, "Unknown", "", "Unknown( 10): GUID=34f66502-e8a3-3972-e718-cb92e5c6c109 (No Format Information found).", "", "", {34f66502-e8a3-3972-e718-cb92e5c6c109}, " 10", "2026-06-06T16:19:22.616Z",        0, "", "", "2026-06-06T20:19:22.616770800Z", {00000000-0000-0000-0000-000000000000}
     Unknown,         10,           10,          0,          0,          0,          0,          0, 0x0000000000000000, 0x00000004, 0x00000230,                   13,             ,                     ,   {00000000-0000-0000-0000-000000000000},                                         ,   134252507626245928,          0,          0, "Unknown", "", "Unknown( 10): GUID=34f66502-e8a3-3972-e718-cb92e5c6c109 (No Format Information found).", "", "", {34f66502-e8a3-3972-e718-cb92e5c6c109}, " 10", "2026-06-06T16:19:22.624Z",        0, "", "", "2026-06-06T20:19:22.624592800Z", {00000000-0000-0000-0000-000000000000}
     Unknown,         10,           10,          0,          0,          0,          0,          0, 0x0000000000000000, 0x00000004, 0x00000230,                   11,             ,                     ,   {00000000-0000-0000-0000-000000000000},                                         ,   134252507626325676,          0,          0, "Unknown", "", "Unknown( 10): GUID=34f66502-e8a3-3972-e718-cb92e5c6c109 (No Format Information found).", "", "", {34f66502-e8a3-3972-e718-cb92e5c6c109}, " 10", "2026-06-06T16:19:22.632Z",        0, "", "", "2026-06-06T20:19:22.632567600Z", {00000000-0000-0000-0000-000000000000}
     Unknown,         10,           10,          0,          0,          0,          0,          0, 0x0000000000000000, 0x00000004, 0x00000230,                    0,             ,                     ,   {00000000-0000-0000-0000-000000000000},                                         ,   134252507626405159,          0,          0, "Unknown", "", "Unknown( 10): GUID=34f66502-e8a3-3972-e718-cb92e5c6c109 (No Format Information found).", "", "", {34f66502-e8a3-3972-e718-cb92e5c6c109}, " 10", "2026-06-06T16:19:22.640Z",        0, "", "", "2026-06-06T20:19:22.640515900Z", {00000000-0000-0000-0000-000000000000}
     Unknown,         10,           10,          0,          0,          0,          0,          0, 0x0000000000000000, 0x00000004, 0x00000230,                   11,             ,                     ,   {00000000-0000-0000-0000-000000000000},                                         ,   134252507626493761,          0,          0, "Unknown", "", "Unknown( 10): GUID=34f66502-e8a3-3972-e718-cb92e5c6c109 (No Format Information found).", "", "", {34f66502-e8a3-3972-e718-cb92e5c6c109}, " 10", "2026-06-06T16:19:22.649Z",        0, "", "", "2026-06-06T20:19:22.649376100Z", {00000000-0000-0000-0000-000000000000}
     Unknown,         10,           10,          0,          0,          0,          0,          0, 0x0000000000000000, 0x00000004, 0x00000230,                   11,             ,                     ,   {00000000-0000-0000-0000-000000000000},                                         ,   134252507626565078,          0,          0, "Unknown", "", "Unknown( 10): GUID=34f66502-e8a3-3972-e718-cb92e5c6c109 (No Format Information found).", "", "", {34f66502-e8a3-3972-e718-cb92e5c6c109}, " 10", "2026-06-06T16:19:22.656Z",        0, "", "", "2026-06-06T20:19:22.656507800Z", {00000000-0000-0000-0000-000000000000}
     Unknown,         10,           10,          0,          0,          0,          0,          0, 0x0000000000000000, 0x00000004, 0x00000230,                   13,             ,                     ,   {00000000-0000-0000-0000-000000000000},                                         ,   134252507626643330,          0,          0, "Unknown", "", "Unknown( 10): GUID=34f66502-e8a3-3972-e718-cb92e5c6c109 (No Format Information found).", "", "", {34f66502-e8a3-3972-e718-cb92e5c6c109}, " 10", "2026-06-06T16:19:22.664Z",        0, "", "", "2026-06-06T20:19:22.664333000Z", {00000000-0000-0000-0000-000000000000}
     Unknown,         10,           10,          0,          0,          0,          0,          0, 0x0000000000000000, 0x00000004, 0x00000230,                   12,             ,                     ,   {00000000-0000-0000-0000-000000000000},                                         ,   134252507626722619,          0,          0, "Unknown", "", "Unknown( 10): GUID=34f66502-e8a3-3972-e718-cb92e5c6c109 (No Format Information found).", "", "", {34f66502-e8a3-3972-e718-cb92e5c6c109}, " 10", "2026-06-06T16:19:22.672Z",        0, "", "", "2026-06-06T20:19:22.672261900Z", {00000000-0000-0000-0000-000000000000}
     Unknown,         10,           10,          0,          0,          0,          0,          0, 0x0000000000000000, 0x00000004, 0x00000230,                   14,             ,                     ,   {00000000-0000-0000-0000-000000000000},                                         ,   134252507626802841,          0,          0, "Unknown", "", "Unknown( 10): GUID=34f66502-e8a3-3972-e718-cb92e5c6c109 (No Format Information found).", "", "", {34f66502-e8a3-3972-e718-cb92e5c6c109}, " 10", "2026-06-06T16:19:22.680Z",        0, "", "", "2026-06-06T20:19:22.680284100Z", {00000000-0000-0000-0000-000000000000}
     Unknown,         10,           10,          0,          0,          0,          0,          0, 0x0000000000000000, 0x00000004, 0x00000230,                   13,             ,                     ,   {00000000-0000-0000-0000-000000000000},                                         ,   134252507626881390,          0,          0, "Unknown", "", "Unknown( 10): GUID=34f66502-e8a3-3972-e718-cb92e5c6c109 (No Format Information found).", "", "", {34f66502-e8a3-3972-e718-cb92e5c6c109}, " 10", "2026-06-06T16:19:22.688Z",        0, "", "", "2026-06-06T20:19:22.688139000Z", {00000000-0000-0000-0000-000000000000}
     Unknown,         10,           10,          0,          0,          0,          0,          0, 0x0000000000000000, 0x00000004, 0x00000230,                   11,             ,                     ,   {00000000-0000-0000-0000-000000000000},                                         ,   134252507626959484,          0,          0, "Unknown", "", "Unknown( 10): GUID=34f66502-e8a3-3972-e718-cb92e5c6c109 (No Format Information found).", "", "", {34f66502-e8a3-3972-e718-cb92e5c6c109}, " 10", "2026-06-06T16:19:22.695Z",        0, "", "", "2026-06-06T20:19:22.695948400Z", {00000000-0000-0000-0000-000000000000}
     Unknown,         10,           10,          0,          0,          0,          0,          0, 0x0000000000000000, 0x00000004, 0x00000230,                   13,             ,                     ,   {00000000-0000-0000-0000-000000000000},                                         ,   134252507627058309,          0,          0, "Unknown", "", "Unknown( 10): GUID=34f66502-e8a3-3972-e718-cb92e5c6c109 (No Format Information found).", "", "", {34f66502-e8a3-3972-e718-cb92e5c6c109}, " 10", "2026-06-06T16:19:22.705Z",        0, "", "", "2026-06-06T20:19:22.705830900Z", {00000000-0000-0000-0000-000000000000}
     Unknown,         10,           10,          0,          0,          0,          0,          0, 0x0000000000000000, 0x00000004, 0x00000230,                    1,             ,                     ,   {00000000-0000-0000-0000-000000000000},                                         ,   134252507627123204,          0,          0, "Unknown", "", "Unknown( 10): GUID=34f66502-e8a3-3972-e718-cb92e5c6c109 (No Format Information found).", "", "", {34f66502-e8a3-3972-e718-cb92e5c6c109}, " 10", "2026-06-06T16:19:22.712Z",        0, "", "", "2026-06-06T20:19:22.712320400Z", {00000000-0000-0000-0000-000000000000}
     Unknown,         10,           10,          0,          0,          0,          0,          0, 0x0000000000000000, 0x00000004, 0x00000230,                   11,             ,                     ,   {00000000-0000-0000-0000-000000000000},                                         ,   134252507627196963,          0,          0, "Unknown", "", "Unknown( 10): GUID=34f66502-e8a3-3972-e718-cb92e5c6c109 (No Format Information found).", "", "", {34f66502-e8a3-3972-e718-cb92e5c6c109}, " 10", "2026-06-06T16:19:22.719Z",        0, "", "", "2026-06-06T20:19:22.719696300Z", {00000000-0000-0000-0000-000000000000}
     Unknown,         10,           10,          0,          0,          0,          0,          0, 0x0000000000000000, 0x00000004, 0x00000230,                    1,             ,                     ,   {00000000-0000-0000-0000-000000000000},                                         ,   134252507627276952,          0,          0, "Unknown", "", "Unknown( 10): GUID=34f66502-e8a3-3972-e718-cb92e5c6c109 (No Format Information found).", "", "", {34f66502-e8a3-3972-e718-cb92e5c6c109}, " 10", "2026-06-06T16:19:22.727Z",        0, "", "", "2026-06-06T20:19:22.727695200Z", {00000000-0000-0000-0000-000000000000}
     Unknown,         10,           10,          0,          0,          0,          0,          0, 0x0000000000000000, 0x00000004, 0x00000230,                   11,             ,                     ,   {00000000-0000-0000-0000-000000000000},                                         ,   134252507627357354,          0,          0, "Unknown", "", "Unknown( 10): GUID=34f66502-e8a3-3972-e718-cb92e5c6c109 (No Format Information found).", "", "", {34f66502-e8a3-3972-e718-cb92e5c6c109}, " 10", "2026-06-06T16:19:22.735Z",        0, "", "", "2026-06-06T20:19:22.735735400Z", {00000000-0000-0000-0000-000000000000}
     Unknown,         10,           10,          0,          0,          0,          0,          0, 0x0000000000000000, 0x00000004, 0x00000230,                   11,             ,                     ,   {00000000-0000-0000-0000-000000000000},                                         ,   134252507627435019,          0,          0, "Unknown", "", "Unknown( 10): GUID=34f66502-e8a3-3972-e718-cb92e5c6c109 (No Format Information found).", "", "", {34f66502-e8a3-3972-e718-cb92e5c6c109}, " 10", "2026-06-06T16:19:22.743Z",        0, "", "", "2026-06-06T20:19:22.743501900Z", {00000000-0000-0000-0000-000000000000}
     Unknown,         10,           10,          0,          0,          0,          0,          0, 0x0000000000000000, 0x00000004, 0x00000230,                   11,             ,                     ,   {00000000-0000-0000-0000-000000000000},                                         ,   134252507627514292,          0,          0, "Unknown", "", "Unknown( 10): GUID=34f66502-e8a3-3972-e718-cb92e5c6c109 (No Format Information found).", "", "", {34f66502-e8a3-3972-e718-cb92e5c6c109}, " 10", "2026-06-06T16:19:22.751Z",        0, "", "", "2026-06-06T20:19:22.751429200Z", {00000000-0000-0000-0000-000000000000}
     Unknown,         10,           10,          0,          0,          0,          0,          0, 0x0000000000000000, 0x00000004, 0x00000230,                   11,             ,                     ,   {00000000-0000-0000-0000-000000000000},                                         ,   134252507627593388,          0,          0, "Unknown", "", "Unknown( 10): GUID=34f66502-e8a3-3972-e718-cb92e5c6c109 (No Format Information found).", "", "", {34f66502-e8a3-3972-e718-cb92e5c6c109}, " 10", "2026-06-06T16:19:22.759Z",        0, "", "", "2026-06-06T20:19:22.759338800Z", {00000000-0000-0000-0000-000000000000}
     Unknown,         10,           10,          0,          0,          0,          0,          0, 0x0000000000000000, 0x00000004, 0x00000230,                   10,             ,                     ,   {00000000-0000-0000-0000-000000000000},                                         ,   134252507627672735,          0,          0, "Unknown", "", "Unknown( 10): GUID=34f66502-e8a3-3972-e718-cb92e5c6c109 (No Format Information found).", "", "", {34f66502-e8a3-3972-e718-cb92e5c6c109}, " 10", "2026-06-06T16:19:22.767Z",        0, "", "", "2026-06-06T20:19:22.767273500Z", {00000000-0000-0000-0000-000000000000}
     Unknown,         10,           10,          0,          0,          0,          0,          0, 0x0000000000000000, 0x00000004, 0x00000230,                   16,             ,                     ,   {00000000-0000-0000-0000-000000000000},                                         ,   134252507627752223,          0,          0, "Unknown", "", "Unknown( 10): GUID=34f66502-e8a3-3972-e718-cb92e5c6c109 (No Format Information found).", "", "", {34f66502-e8a3-3972-e718-cb92e5c6c109}, " 10", "2026-06-06T16:19:22.775Z",        0, "", "", "2026-06-06T20:19:22.775222300Z", {00000000-0000-0000-0000-000000000000}
     Unknown,         10,           10,          0,          0,          0,          0,          0, 0x0000000000000000, 0x00000004, 0x00000230,                   12,             ,                     ,   {00000000-0000-0000-0000-000000000000},                                         ,   134252507627832126,          0,          0, "Unknown", "", "Unknown( 10): GUID=34f66502-e8a3-3972-e718-cb92e5c6c109 (No Format Information found).", "", "", {34f66502-e8a3-3972-e718-cb92e5c6c109}, " 10", "2026-06-06T16:19:22.783Z",        0, "", "", "2026-06-06T20:19:22.783212600Z", {00000000-0000-0000-0000-000000000000}
     Unknown,         10,           10,          0,          0,          0,          0,          0, 0x0000000000000000, 0x00000004, 0x00000230,                   10,             ,                     ,   {00000000-0000-0000-0000-000000000000},                                         ,   134252507627908117,          0,          0, "Unknown", "", "Unknown( 10): GUID=34f66502-e8a3-3972-e718-cb92e5c6c109 (No Format Information found).", "", "", {34f66502-e8a3-3972-e718-cb92e5c6c109}, " 10", "2026-06-06T16:19:22.790Z",        0, "", "", "2026-06-06T20:19:22.790811700Z", {00000000-0000-0000-0000-000000000000}
     Unknown,         10,           10,          0,          0,          0,          0,          0, 0x0000000000000000, 0x00000004, 0x00000230,                   12,             ,                     ,   {00000000-0000-0000-0000-000000000000},                                         ,   134252507637511679,          0,          0, "Unknown", "", "Unknown( 10): GUID=34f66502-e8a3-3972-e718-cb92e5c6c109 (No Format Information found).", "", "", {34f66502-e8a3-3972-e718-cb92e5c6c109}, " 10", "2026-06-06T16:19:23.751Z",        0, "", "", "2026-06-06T20:19:23.751167900Z", {00000000-0000-0000-0000-000000000000}
     Unknown,         10,           10,          0,          0,          0,          0,          0, 0x0000000000000000, 0x00000004, 0x00000230,                   12,             ,                     ,   {00000000-0000-0000-0000-000000000000},                                         ,   134252507637590495,          0,          0, "Unknown", "", "Unknown( 10): GUID=34f66502-e8a3-3972-e718-cb92e5c6c109 (No Format Information found).", "", "", {34f66502-e8a3-3972-e718-cb92e5c6c109}, " 10", "2026-06-06T16:19:23.759Z",        0, "", "", "2026-06-06T20:19:23.759049500Z", {00000000-0000-0000-0000-000000000000}
     Unknown,         10,           10,          0,          0,          0,          0,          0, 0x0000000000000000, 0x00000004, 0x00000230,                   12,             ,                     ,   {00000000-0000-0000-0000-000000000000},                                         ,   134252507637679600,          0,          0, "Unknown", "", "Unknown( 10): GUID=34f66502-e8a3-3972-e718-cb92e5c6c109 (No Format Information found).", "", "", {34f66502-e8a3-3972-e718-cb92e5c6c109}, " 10", "2026-06-06T16:19:23.767Z",        0, "", "", "2026-06-06T20:19:23.767960000Z", {00000000-0000-0000-0000-000000000000}
     Unknown,         10,           10,          0,          0,          0,          0,          0, 0x0000000000000000, 0x00000004, 0x00000230,                   11,             ,                     ,   {00000000-0000-0000-0000-000000000000},                                         ,   134252507637749366,          0,          0, "Unknown", "", "Unknown( 10): GUID=34f66502-e8a3-3972-e718-cb92e5c6c109 (No Format Information found).", "", "", {34f66502-e8a3-3972-e718-cb92e5c6c109}, " 10", "2026-06-06T16:19:23.774Z",        0, "", "", "2026-06-06T20:19:23.774936600Z", {00000000-0000-0000-0000-000000000000}
     Unknown,         10,           10,          0,          0,          0,          0,          0, 0x0000000000000000, 0x00000004, 0x00000230,                   12,             ,                     ,   {00000000-0000-0000-0000-000000000000},                                         ,   134252507637830688,          0,          0, "Unknown", "", "Unknown( 10): GUID=34f66502-e8a3-3972-e718-cb92e5c6c109 (No Format Information found).", "", "", {34f66502-e8a3-3972-e718-cb92e5c6c109}, " 10", "2026-06-06T16:19:23.783Z",        0, "", "", "2026-06-06T20:19:23.783068800Z", {00000000-0000-0000-0000-000000000000}
     Unknown,         10,           10,          0,          0,          0,          0,          0, 0x0000000000000000, 0x00000004, 0x00000230,                   12,             ,                     ,   {00000000-0000-0000-0000-000000000000},                                         ,   134252507637907955,          0,          0, "Unknown", "", "Unknown( 10): GUID=34f66502-e8a3-3972-e718-cb92e5c6c109 (No Format Information found).", "", "", {34f66502-e8a3-3972-e718-cb92e5c6c109}, " 10", "2026-06-06T16:19:23.790Z",        0, "", "", "2026-06-06T20:19:23.790795500Z", {00000000-0000-0000-0000-000000000000}
     Unknown,         10,           10,          0,          0,          0,          0,          0, 0x0000000000000000, 0x00000004, 0x00000230,                   12,             ,                     ,   {00000000-0000-0000-0000-000000000000},                                         ,   134252507637987854,          0,          0, "Unknown", "", "Unknown( 10): GUID=34f66502-e8a3-3972-e718-cb92e5c6c109 (No Format Information found).", "", "", {34f66502-e8a3-3972-e718-cb92e5c6c109}, " 10", "2026-06-06T16:19:23.798Z",        0, "", "", "2026-06-06T20:19:23.798785400Z", {00000000-0000-0000-0000-000000000000}
     Unknown,         10,           10,          0,          0,          0,          0,          0, 0x0000000000000000, 0x00000004, 0x00000230,                   12,             ,                     ,   {00000000-0000-0000-0000-000000000000},                                         ,   134252507638067238,          0,          0, "Unknown", "", "Unknown( 10): GUID=34f66502-e8a3-3972-e718-cb92e5c6c109 (No Format Information found).", "", "", {34f66502-e8a3-3972-e718-cb92e5c6c109}, " 10", "2026-06-06T16:19:23.806Z",        0, "", "", "2026-06-06T20:19:23.806723800Z", {00000000-0000-0000-0000-000000000000}
     Unknown,         10,           10,          0,          0,          0,          0,          0, 0x0000000000000000, 0x00000004, 0x00000230,                   12,             ,                     ,   {00000000-0000-0000-0000-000000000000},                                         ,   134252507638146698,          0,          0, "Unknown", "", "Unknown( 10): GUID=34f66502-e8a3-3972-e718-cb92e5c6c109 (No Format Information found).", "", "", {34f66502-e8a3-3972-e718-cb92e5c6c109}, " 10", "2026-06-06T16:19:23.814Z",        0, "", "", "2026-06-06T20:19:23.814669800Z", {00000000-0000-0000-0000-000000000000}
     Unknown,         10,           10,          0,          0,          0,          0,          0, 0x0000000000000000, 0x00000004, 0x00000230,                    0,             ,                     ,   {00000000-0000-0000-0000-000000000000},                                         ,   134252507638226010,          0,          0, "Unknown", "", "Unknown( 10): GUID=34f66502-e8a3-3972-e718-cb92e5c6c109 (No Format Information found).", "", "", {34f66502-e8a3-3972-e718-cb92e5c6c109}, " 10", "2026-06-06T16:19:23.822Z",        0, "", "", "2026-06-06T20:19:23.822601000Z", {00000000-0000-0000-0000-000000000000}
     Unknown,         10,           10,          0,          0,          0,          0,          0, 0x0000000000000000, 0x00000004, 0x00000230,                   16,             ,                     ,   {00000000-0000-0000-0000-000000000000},                                         ,   134252507638304545,          0,          0, "Unknown", "", "Unknown( 10): GUID=34f66502-e8a3-3972-e718-cb92e5c6c109 (No Format Information found).", "", "", {34f66502-e8a3-3972-e718-cb92e5c6c109}, " 10", "2026-06-06T16:19:23.830Z",        0, "", "", "2026-06-06T20:19:23.830454500Z", {00000000-0000-0000-0000-000000000000}
     Unknown,         10,           10,          0,          0,          0,          0,          0, 0x0000000000000000, 0x00000004, 0x00000230,                   12,             ,                     ,   {00000000-0000-0000-0000-000000000000},                                         ,   134252507638384603,          0,          0, "Unknown", "", "Unknown( 10): GUID=34f66502-e8a3-3972-e718-cb92e5c6c109 (No Format Information found).", "", "", {34f66502-e8a3-3972-e718-cb92e5c6c109}, " 10", "2026-06-06T16:19:23.838Z",        0, "", "", "2026-06-06T20:19:23.838460300Z", {00000000-0000-0000-0000-000000000000}
     Unknown,         10,           10,          0,          0,          0,          0,          0, 0x0000000000000000, 0x00000004, 0x00000230,                   11,             ,                     ,   {00000000-0000-0000-0000-000000000000},                                         ,   134252507638463315,          0,          0, "Unknown", "", "Unknown( 10): GUID=34f66502-e8a3-3972-e718-cb92e5c6c109 (No Format Information found).", "", "", {34f66502-e8a3-3972-e718-cb92e5c6c109}, " 10", "2026-06-06T16:19:23.846Z",        0, "", "", "2026-06-06T20:19:23.846331500Z", {00000000-0000-0000-0000-000000000000}
     Unknown,         10,           10,          0,          0,          0,          0,          0, 0x0000000000000000, 0x00000004, 0x00000230,                   11,             ,                     ,   {00000000-0000-0000-0000-000000000000},                                         ,   134252507638543206,          0,          0, "Unknown", "", "Unknown( 10): GUID=34f66502-e8a3-3972-e718-cb92e5c6c109 (No Format Information found).", "", "", {34f66502-e8a3-3972-e718-cb92e5c6c109}, " 10", "2026-06-06T16:19:23.854Z",        0, "", "", "2026-06-06T20:19:23.854320600Z", {00000000-0000-0000-0000-000000000000}
     Unknown,         10,           10,          0,          0,          0,          0,          0, 0x0000000000000000, 0x00000004, 0x00000230,                   13,             ,                     ,   {00000000-0000-0000-0000-000000000000},                                         ,   134252507638624908,          0,          0, "Unknown", "", "Unknown( 10): GUID=34f66502-e8a3-3972-e718-cb92e5c6c109 (No Format Information found).", "", "", {34f66502-e8a3-3972-e718-cb92e5c6c109}, " 10", "2026-06-06T16:19:23.862Z",        0, "", "", "2026-06-06T20:19:23.862490800Z", {00000000-0000-0000-0000-000000000000}
     Unknown,         10,           10,          0,          0,          0,          0,          0, 0x0000000000000000, 0x00000004, 0x00000230,                   11,             ,                     ,   {00000000-0000-0000-0000-000000000000},                                         ,   134252507638702077,          0,          0, "Unknown", "", "Unknown( 10): GUID=34f66502-e8a3-3972-e718-cb92e5c6c109 (No Format Information found).", "", "", {34f66502-e8a3-3972-e718-cb92e5c6c109}, " 10", "2026-06-06T16:19:23.870Z",        0, "", "", "2026-06-06T20:19:23.870207700Z", {00000000-0000-0000-0000-000000000000}
     Unknown,         10,           10,          0,          0,          0,          0,          0, 0x0000000000000000, 0x00000004, 0x00000230,                   17,             ,                     ,   {00000000-0000-0000-0000-000000000000},                                         ,   134252507638782309,          0,          0, "Unknown", "", "Unknown( 10): GUID=34f66502-e8a3-3972-e718-cb92e5c6c109 (No Format Information found).", "", "", {34f66502-e8a3-3972-e718-cb92e5c6c109}, " 10", "2026-06-06T16:19:23.878Z",        0, "", "", "2026-06-06T20:19:23.878230900Z", {00000000-0000-0000-0000-000000000000}
     Unknown,         10,           10,          0,          0,          0,          0,          0, 0x0000000000000000, 0x00000004, 0x00000230,                   11,             ,                     ,   {00000000-0000-0000-0000-000000000000},                                         ,   134252507638864623,          0,          0, "Unknown", "", "Unknown( 10): GUID=34f66502-e8a3-3972-e718-cb92e5c6c109 (No Format Information found).", "", "", {34f66502-e8a3-3972-e718-cb92e5c6c109}, " 10", "2026-06-06T16:19:23.886Z",        0, "", "", "2026-06-06T20:19:23.886462300Z", {00000000-0000-0000-0000-000000000000}
     Unknown,         10,           10,          0,          0,          0,          0,          0, 0x0000000000000000, 0x00000004, 0x00000230,                   11,             ,                     ,   {00000000-0000-0000-0000-000000000000},                                         ,   134252507638944452,          0,          0, "Unknown", "", "Unknown( 10): GUID=34f66502-e8a3-3972-e718-cb92e5c6c109 (No Format Information found).", "", "", {34f66502-e8a3-3972-e718-cb92e5c6c109}, " 10", "2026-06-06T16:19:23.894Z",        0, "", "", "2026-06-06T20:19:23.894445200Z", {00000000-0000-0000-0000-000000000000}
     Unknown,         10,           10,          0,          0,          0,          0,          0, 0x0000000000000000, 0x00000004, 0x00000230,                   11,             ,                     ,   {00000000-0000-0000-0000-000000000000},                                         ,   134252507639019036,          0,          0, "Unknown", "", "Unknown( 10): GUID=34f66502-e8a3-3972-e718-cb92e5c6c109 (No Format Information found).", "", "", {34f66502-e8a3-3972-e718-cb92e5c6c109}, " 10", "2026-06-06T16:19:23.901Z",        0, "", "", "2026-06-06T20:19:23.901903600Z", {00000000-0000-0000-0000-000000000000}
     Unknown,         10,           10,          0,          0,          0,          0,          0, 0x0000000000000000, 0x00000004, 0x00000230,                   13,             ,                     ,   {00000000-0000-0000-0000-000000000000},                                         ,   134252507639109070,          0,          0, "Unknown", "", "Unknown( 10): GUID=34f66502-e8a3-3972-e718-cb92e5c6c109 (No Format Information found).", "", "", {34f66502-e8a3-3972-e718-cb92e5c6c109}, " 10", "2026-06-06T16:19:23.910Z",        0, "", "", "2026-06-06T20:19:23.910907000Z", {00000000-0000-0000-0000-000000000000}
     Unknown,         10,           10,          0,          0,          0,          0,          0, 0x0000000000000000, 0x00000004, 0x00000230,                   11,             ,                     ,   {00000000-0000-0000-0000-000000000000},                                         ,   134252507639180519,          0,          0, "Unknown", "", "Unknown( 10): GUID=34f66502-e8a3-3972-e718-cb92e5c6c109 (No Format Information found).", "", "", {34f66502-e8a3-3972-e718-cb92e5c6c109}, " 10", "2026-06-06T16:19:23.918Z",        0, "", "", "2026-06-06T20:19:23.918051900Z", {00000000-0000-0000-0000-000000000000}
     Unknown,         10,           10,          0,          0,          0,          0,          0, 0x0000000000000000, 0x00000004, 0x00000230,                    1,             ,                     ,   {00000000-0000-0000-0000-000000000000},                                         ,   134252507639259276,          0,          0, "Unknown", "", "Unknown( 10): GUID=34f66502-e8a3-3972-e718-cb92e5c6c109 (No Format Information found).", "", "", {34f66502-e8a3-3972-e718-cb92e5c6c109}, " 10", "2026-06-06T16:19:23.925Z",        0, "", "", "2026-06-06T20:19:23.925927600Z", {00000000-0000-0000-0000-000000000000}
     Unknown,         10,           10,          0,          0,          0,          0,          0, 0x0000000000000000, 0x00000004, 0x00000230,                   13,             ,                     ,   {00000000-0000-0000-0000-000000000000},                                         ,   134252507639339117,          0,          0, "Unknown", "", "Unknown( 10): GUID=34f66502-e8a3-3972-e718-cb92e5c6c109 (No Format Information found).", "", "", {34f66502-e8a3-3972-e718-cb92e5c6c109}, " 10", "2026-06-06T16:19:23.933Z",        0, "", "", "2026-06-06T20:19:23.933911700Z", {00000000-0000-0000-0000-000000000000}
     Unknown,         10,           10,          0,          0,          0,          0,          0, 0x0000000000000000, 0x00000004, 0x00000230,                   11,             ,                     ,   {00000000-0000-0000-0000-000000000000},                                         ,   134252507639415740,          0,          0, "Unknown", "", "Unknown( 10): GUID=34f66502-e8a3-3972-e718-cb92e5c6c109 (No Format Information found).", "", "", {34f66502-e8a3-3972-e718-cb92e5c6c109}, " 10", "2026-06-06T16:19:23.941Z",        0, "", "", "2026-06-06T20:19:23.941574000Z", {00000000-0000-0000-0000-000000000000}
     Unknown,         10,           10,          0,          0,          0,          0,          0, 0x0000000000000000, 0x00000004, 0x00000230,                   11,             ,                     ,   {00000000-0000-0000-0000-000000000000},                                         ,   134252507639494630,          0,          0, "Unknown", "", "Unknown( 10): GUID=34f66502-e8a3-3972-e718-cb92e5c6c109 (No Format Information found).", "", "", {34f66502-e8a3-3972-e718-cb92e5c6c109}, " 10", "2026-06-06T16:19:23.949Z",        0, "", "", "2026-06-06T20:19:23.949463000Z", {00000000-0000-0000-0000-000000000000}
     Unknown,         10,           10,          0,          0,          0,          0,          0, 0x0000000000000000, 0x00000004, 0x00000230,                   11,             ,                     ,   {00000000-0000-0000-0000-000000000000},                                         ,   134252507639577181,          0,          0, "Unknown", "", "Unknown( 10): GUID=34f66502-e8a3-3972-e718-cb92e5c6c109 (No Format Information found).", "", "", {34f66502-e8a3-3972-e718-cb92e5c6c109}, " 10", "2026-06-06T16:19:23.957Z",        0, "", "", "2026-06-06T20:19:23.957718100Z", {00000000-0000-0000-0000-000000000000}
     Unknown,         10,           10,          0,          0,          0,          0,          0, 0x0000000000000000, 0x00000004, 0x00000230,                   11,             ,                     ,   {00000000-0000-0000-0000-000000000000},                                         ,   134252507639652715,          0,          0, "Unknown", "", "Unknown( 10): GUID=34f66502-e8a3-3972-e718-cb92e5c6c109 (No Format Information found).", "", "", {34f66502-e8a3-3972-e718-cb92e5c6c109}, " 10", "2026-06-06T16:19:23.965Z",        0, "", "", "2026-06-06T20:19:23.965271500Z", {00000000-0000-0000-0000-000000000000}
     Unknown,         10,           10,          0,          0,          0,          0,          0, 0x0000000000000000, 0x00000004, 0x00000230,                   11,             ,                     ,   {00000000-0000-0000-0000-000000000000},                                         ,   134252507639733178,          0,          0, "Unknown", "", "Unknown( 10): GUID=34f66502-e8a3-3972-e718-cb92e5c6c109 (No Format Information found).", "", "", {34f66502-e8a3-3972-e718-cb92e5c6c109}, " 10", "2026-06-06T16:19:23.973Z",        0, "", "", "2026-06-06T20:19:23.973317800Z", {00000000-0000-0000-0000-000000000000}
     Unknown,         10,           10,          0,          0,          0,          0,          0, 0x0000000000000000, 0x00000004, 0x00000230,                   18,             ,                     ,   {00000000-0000-0000-0000-000000000000},                                         ,   134252507639813715,          0,          0, "Unknown", "", "Unknown( 10): GUID=34f66502-e8a3-3972-e718-cb92e5c6c109 (No Format Information found).", "", "", {34f66502-e8a3-3972-e718-cb92e5c6c109}, " 10", "2026-06-06T16:19:23.981Z",        0, "", "", "2026-06-06T20:19:23.981371500Z", {00000000-0000-0000-0000-000000000000}
     Unknown,         10,           10,          0,          0,          0,          0,          0, 0x0000000000000000, 0x00000004, 0x00000230,                   11,             ,                     ,   {00000000-0000-0000-0000-000000000000},                                         ,   134252507639891468,          0,          0, "Unknown", "", "Unknown( 10): GUID=34f66502-e8a3-3972-e718-cb92e5c6c109 (No Format Information found).", "", "", {34f66502-e8a3-3972-e718-cb92e5c6c109}, " 10", "2026-06-06T16:19:23.989Z",        0, "", "", "2026-06-06T20:19:23.989146800Z", {00000000-0000-0000-0000-000000000000}
     Unknown,         10,           10,          0,          0,          0,          0,          0, 0x0000000000000000, 0x00000004, 0x00000230,                   13,             ,                     ,   {00000000-0000-0000-0000-000000000000},                                         ,   134252507639971497,          0,          0, "Unknown", "", "Unknown( 10): GUID=34f66502-e8a3-3972-e718-cb92e5c6c109 (No Format Information found).", "", "", {34f66502-e8a3-3972-e718-cb92e5c6c109}, " 10", "2026-06-06T16:19:23.997Z",        0, "", "", "2026-06-06T20:19:23.997149700Z", {00000000-0000-0000-0000-000000000000}
     Unknown,         10,           10,          0,          0,          0,          0,          0, 0x0000000000000000, 0x00000004, 0x00000230,                   11,             ,                     ,   {00000000-0000-0000-0000-000000000000},                                         ,   134252507640050679,          0,          0, "Unknown", "", "Unknown( 10): GUID=34f66502-e8a3-3972-e718-cb92e5c6c109 (No Format Information found).", "", "", {34f66502-e8a3-3972-e718-cb92e5c6c109}, " 10", "2026-06-06T16:19:24.005Z",        0, "", "", "2026-06-06T20:19:24.005067900Z", {00000000-0000-0000-0000-000000000000}
     Unknown,         10,           10,          0,          0,          0,          0,          0, 0x0000000000000000, 0x00000004, 0x00000230,                   11,             ,                     ,   {00000000-0000-0000-0000-000000000000},                                         ,   134252507640129526,          0,          0, "Unknown", "", "Unknown( 10): GUID=34f66502-e8a3-3972-e718-cb92e5c6c109 (No Format Information found).", "", "", {34f66502-e8a3-3972-e718-cb92e5c6c109}, " 10", "2026-06-06T16:19:24.012Z",        0, "", "", "2026-06-06T20:19:24.012952600Z", {00000000-0000-0000-0000-000000000000}
     Unknown,         10,           10,          0,          0,          0,          0,          0, 0x0000000000000000, 0x00000004, 0x00000230,                    1,             ,                     ,   {00000000-0000-0000-0000-000000000000},                                         ,   134252507640208918,          0,          0, "Unknown", "", "Unknown( 10): GUID=34f66502-e8a3-3972-e718-cb92e5c6c109 (No Format Information found).", "", "", {34f66502-e8a3-3972-e718-cb92e5c6c109}, " 10", "2026-06-06T16:19:24.020Z",        0, "", "", "2026-06-06T20:19:24.020891800Z", {00000000-0000-0000-0000-000000000000}
     Unknown,         10,           10,          0,          0,          0,          0,          0, 0x0000000000000000, 0x00000004, 0x00000230,                   16,             ,                     ,   {00000000-0000-0000-0000-000000000000},                                         ,   134252507640288329,          0,          0, "Unknown", "", "Unknown( 10): GUID=34f66502-e8a3-3972-e718-cb92e5c6c109 (No Format Information found).", "", "", {34f66502-e8a3-3972-e718-cb92e5c6c109}, " 10", "2026-06-06T16:19:24.028Z",        0, "", "", "2026-06-06T20:19:24.028832900Z", {00000000-0000-0000-0000-000000000000}
     Unknown,         10,           10,          0,          0,          0,          0,          0, 0x0000000000000000, 0x00000004, 0x00000230,                   11,             ,                     ,   {00000000-0000-0000-0000-000000000000},                                         ,   134252507640368040,          0,          0, "Unknown", "", "Unknown( 10): GUID=34f66502-e8a3-3972-e718-cb92e5c6c109 (No Format Information found).", "", "", {34f66502-e8a3-3972-e718-cb92e5c6c109}, " 10", "2026-06-06T16:19:24.036Z",        0, "", "", "2026-06-06T20:19:24.036804000Z", {00000000-0000-0000-0000-000000000000}
     Unknown,         10,           10,          0,          0,          0,          0,          0, 0x0000000000000000, 0x00000004, 0x00000230,                   12,             ,                     ,   {00000000-0000-0000-0000-000000000000},                                         ,   134252507640449380,          0,          0, "Unknown", "", "Unknown( 10): GUID=34f66502-e8a3-3972-e718-cb92e5c6c109 (No Format Information found).", "", "", {34f66502-e8a3-3972-e718-cb92e5c6c109}, " 10", "2026-06-06T16:19:24.044Z",        0, "", "", "2026-06-06T20:19:24.044938000Z", {00000000-0000-0000-0000-000000000000}
     Unknown,         10,           10,          0,          0,          0,          0,          0, 0x0000000000000000, 0x00000004, 0x00000230,                   13,             ,                     ,   {00000000-0000-0000-0000-000000000000},                                         ,   134252507640527969,          0,          0, "Unknown", "", "Unknown( 10): GUID=34f66502-e8a3-3972-e718-cb92e5c6c109 (No Format Information found).", "", "", {34f66502-e8a3-3972-e718-cb92e5c6c109}, " 10", "2026-06-06T16:19:24.052Z",        0, "", "", "2026-06-06T20:19:24.052796900Z", {00000000-0000-0000-0000-000000000000}
     Unknown,         10,           10,          0,          0,          0,          0,          0, 0x0000000000000000, 0x00000004, 0x00000230,                   11,             ,                     ,   {00000000-0000-0000-0000-000000000000},                                         ,   134252507640606992,          0,          0, "Unknown", "", "Unknown( 10): GUID=34f66502-e8a3-3972-e718-cb92e5c6c109 (No Format Information found).", "", "", {34f66502-e8a3-3972-e718-cb92e5c6c109}, " 10", "2026-06-06T16:19:24.060Z",        0, "", "", "2026-06-06T20:19:24.060699200Z", {00000000-0000-0000-0000-000000000000}
     Unknown,         10,           10,          0,          0,          0,          0,          0, 0x0000000000000000, 0x00000004, 0x00000230,                   13,             ,                     ,   {00000000-0000-0000-0000-000000000000},                                         ,   134252507640686299,          0,          0, "Unknown", "", "Unknown( 10): GUID=34f66502-e8a3-3972-e718-cb92e5c6c109 (No Format Information found).", "", "", {34f66502-e8a3-3972-e718-cb92e5c6c109}, " 10", "2026-06-06T16:19:24.068Z",        0, "", "", "2026-06-06T20:19:24.068629900Z", {00000000-0000-0000-0000-000000000000}
     Unknown,         10,           10,          0,          0,          0,          0,          0, 0x0000000000000000, 0x00000004, 0x00000230,                   11,             ,                     ,   {00000000-0000-0000-0000-000000000000},                                         ,   134252507640764771,          0,          0, "Unknown", "", "Unknown( 10): GUID=34f66502-e8a3-3972-e718-cb92e5c6c109 (No Format Information found).", "", "", {34f66502-e8a3-3972-e718-cb92e5c6c109}, " 10", "2026-06-06T16:19:24.076Z",        0, "", "", "2026-06-06T20:19:24.076477100Z", {00000000-0000-0000-0000-000000000000}
     Unknown,         10,           10,          0,          0,          0,          0,          0, 0x0000000000000000, 0x00000004, 0x00000230,                   13,             ,                     ,   {00000000-0000-0000-0000-000000000000},                                         ,   134252507640843686,          0,          0, "Unknown", "", "Unknown( 10): GUID=34f66502-e8a3-3972-e718-cb92e5c6c109 (No Format Information found).", "", "", {34f66502-e8a3-3972-e718-cb92e5c6c109}, " 10", "2026-06-06T16:19:24.084Z",        0, "", "", "2026-06-06T20:19:24.084368600Z", {00000000-0000-0000-0000-000000000000}
     Unknown,         10,           10,          0,          0,          0,          0,          0, 0x0000000000000000, 0x00000004, 0x00000230,                   13,             ,                     ,   {00000000-0000-0000-0000-000000000000},                                         ,   134252507640923889,          0,          0, "Unknown", "", "Unknown( 10): GUID=34f66502-e8a3-3972-e718-cb92e5c6c109 (No Format Information found).", "", "", {34f66502-e8a3-3972-e718-cb92e5c6c109}, " 10", "2026-06-06T16:19:24.092Z",        0, "", "", "2026-06-06T20:19:24.092388900Z", {00000000-0000-0000-0000-000000000000}
     Unknown,         10,           10,          0,          0,          0,          0,          0, 0x0000000000000000, 0x00000004, 0x00000230,                   11,             ,                     ,   {00000000-0000-0000-0000-000000000000},                                         ,   134252507641003725,          0,          0, "Unknown", "", "Unknown( 10): GUID=34f66502-e8a3-3972-e718-cb92e5c6c109 (No Format Information found).", "", "", {34f66502-e8a3-3972-e718-cb92e5c6c109}, " 10", "2026-06-06T16:19:24.100Z",        0, "", "", "2026-06-06T20:19:24.100372500Z", {00000000-0000-0000-0000-000000000000}
     Unknown,         10,           10,          0,          0,          0,          0,          0, 0x0000000000000000, 0x00000004, 0x00000230,                   11,             ,                     ,   {00000000-0000-0000-0000-000000000000},                                         ,   134252507641083090,          0,          0, "Unknown", "", "Unknown( 10): GUID=34f66502-e8a3-3972-e718-cb92e5c6c109 (No Format Information found).", "", "", {34f66502-e8a3-3972-e718-cb92e5c6c109}, " 10", "2026-06-06T16:19:24.108Z",        0, "", "", "2026-06-06T20:19:24.108309000Z", {00000000-0000-0000-0000-000000000000}
     Unknown,         10,           10,          0,          0,          0,          0,          0, 0x0000000000000000, 0x00000004, 0x00000230,                   13,             ,                     ,   {00000000-0000-0000-0000-000000000000},                                         ,   134252507641161739,          0,          0, "Unknown", "", "Unknown( 10): GUID=34f66502-e8a3-3972-e718-cb92e5c6c109 (No Format Information found).", "", "", {34f66502-e8a3-3972-e718-cb92e5c6c109}, " 10", "2026-06-06T16:19:24.116Z",        0, "", "", "2026-06-06T20:19:24.116173900Z", {00000000-0000-0000-0000-000000000000}
     Unknown,         10,           10,          0,          0,          0,          0,          0, 0x0000000000000000, 0x00000004, 0x00000230,                   11,             ,                     ,   {00000000-0000-0000-0000-000000000000},                                         ,   134252507641242226,          0,          0, "Unknown", "", "Unknown( 10): GUID=34f66502-e8a3-3972-e718-cb92e5c6c109 (No Format Information found).", "", "", {34f66502-e8a3-3972-e718-cb92e5c6c109}, " 10", "2026-06-06T16:19:24.124Z",        0, "", "", "2026-06-06T20:19:24.124222600Z", {00000000-0000-0000-0000-000000000000}
     Unknown,         10,           10,          0,          0,          0,          0,          0, 0x0000000000000000, 0x00000004, 0x00000230,                   13,             ,                     ,   {00000000-0000-0000-0000-000000000000},                                         ,   134252507641326913,          0,          0, "Unknown", "", "Unknown( 10): GUID=34f66502-e8a3-3972-e718-cb92e5c6c109 (No Format Information found).", "", "", {34f66502-e8a3-3972-e718-cb92e5c6c109}, " 10", "2026-06-06T16:19:24.132Z",        0, "", "", "2026-06-06T20:19:24.132691300Z", {00000000-0000-0000-0000-000000000000}
     Unknown,         10,           10,          0,          0,          0,          0,          0, 0x0000000000000000, 0x00000004, 0x00000230,                   11,             ,                     ,   {00000000-0000-0000-0000-000000000000},                                         ,   134252507641398240,          0,          0, "Unknown", "", "Unknown( 10): GUID=34f66502-e8a3-3972-e718-cb92e5c6c109 (No Format Information found).", "", "", {34f66502-e8a3-3972-e718-cb92e5c6c109}, " 10", "2026-06-06T16:19:24.139Z",        0, "", "", "2026-06-06T20:19:24.139824000Z", {00000000-0000-0000-0000-000000000000}
     Unknown,         10,           10,          0,          0,          0,          0,          0, 0x0000000000000000, 0x00000004, 0x00000230,                   13,             ,                     ,   {00000000-0000-0000-0000-000000000000},                                         ,   134252507641477595,          0,          0, "Unknown", "", "Unknown( 10): GUID=34f66502-e8a3-3972-e718-cb92e5c6c109 (No Format Information found).", "", "", {34f66502-e8a3-3972-e718-cb92e5c6c109}, " 10", "2026-06-06T16:19:24.147Z",        0, "", "", "2026-06-06T20:19:24.147759500Z", {00000000-0000-0000-0000-000000000000}
     Unknown,         10,           10,          0,          0,          0,          0,          0, 0x0000000000000000, 0x00000004, 0x00000230,                   11,             ,                     ,   {00000000-0000-0000-0000-000000000000},                                         ,   134252507641556768,          0,          0, "Unknown", "", "Unknown( 10): GUID=34f66502-e8a3-3972-e718-cb92e5c6c109 (No Format Information found).", "", "", {34f66502-e8a3-3972-e718-cb92e5c6c109}, " 10", "2026-06-06T16:19:24.155Z",        0, "", "", "2026-06-06T20:19:24.155676800Z", {00000000-0000-0000-0000-000000000000}
     Unknown,         10,           10,          0,          0,          0,          0,          0, 0x0000000000000000, 0x00000004, 0x00000230,                    1,             ,                     ,   {00000000-0000-0000-0000-000000000000},                                         ,   134252507641638466,          0,          0, "Unknown", "", "Unknown( 10): GUID=34f66502-e8a3-3972-e718-cb92e5c6c109 (No Format Information found).", "", "", {34f66502-e8a3-3972-e718-cb92e5c6c109}, " 10", "2026-06-06T16:19:24.163Z",        0, "", "", "2026-06-06T20:19:24.163846600Z", {00000000-0000-0000-0000-000000000000}
     Unknown,         10,           10,          0,          0,          0,          0,          0, 0x0000000000000000, 0x00000004, 0x00000230,                   11,             ,                     ,   {00000000-0000-0000-0000-000000000000},                                         ,   134252507641715850,          0,          0, "Unknown", "", "Unknown( 10): GUID=34f66502-e8a3-3972-e718-cb92e5c6c109 (No Format Information found).", "", "", {34f66502-e8a3-3972-e718-cb92e5c6c109}, " 10", "2026-06-06T16:19:24.171Z",        0, "", "", "2026-06-06T20:19:24.171585000Z", {00000000-0000-0000-0000-000000000000}
     Unknown,         10,           10,          0,          0,          0,          0,          0, 0x0000000000000000, 0x00000004, 0x00000230,                   13,             ,                     ,   {00000000-0000-0000-0000-000000000000},                                         ,   134252507641795525,          0,          0, "Unknown", "", "Unknown( 10): GUID=34f66502-e8a3-3972-e718-cb92e5c6c109 (No Format Information found).", "", "", {34f66502-e8a3-3972-e718-cb92e5c6c109}, " 10", "2026-06-06T16:19:24.179Z",        0, "", "", "2026-06-06T20:19:24.179552500Z", {00000000-0000-0000-0000-000000000000}
     Unknown,         10,           10,          0,          0,          0,          0,          0, 0x0000000000000000, 0x00000004, 0x00000230,                   11,             ,                     ,   {00000000-0000-0000-0000-000000000000},                                         ,   134252507641874659,          0,          0, "Unknown", "", "Unknown( 10): GUID=34f66502-e8a3-3972-e718-cb92e5c6c109 (No Format Information found).", "", "", {34f66502-e8a3-3972-e718-cb92e5c6c109}, " 10", "2026-06-06T16:19:24.187Z",        0, "", "", "2026-06-06T20:19:24.187465900Z", {00000000-0000-0000-0000-000000000000}
     Unknown,         10,           10,          0,          0,          0,          0,          0, 0x0000000000000000, 0x00000004, 0x00000230,                   11,             ,                     ,   {00000000-0000-0000-0000-000000000000},                                         ,   134252507641954298,          0,          0, "Unknown", "", "Unknown( 10): GUID=34f66502-e8a3-3972-e718-cb92e5c6c109 (No Format Information found).", "", "", {34f66502-e8a3-3972-e718-cb92e5c6c109}, " 10", "2026-06-06T16:19:24.195Z",        0, "", "", "2026-06-06T20:19:24.195429800Z", {00000000-0000-0000-0000-000000000000}
     Unknown,         10,           10,          0,          0,          0,          0,          0, 0x0000000000000000, 0x00000004, 0x00000230,                   16,             ,                     ,   {00000000-0000-0000-0000-000000000000},                                         ,   134252507642032930,          0,          0, "Unknown", "", "Unknown( 10): GUID=34f66502-e8a3-3972-e718-cb92e5c6c109 (No Format Information found).", "", "", {34f66502-e8a3-3972-e718-cb92e5c6c109}, " 10", "2026-06-06T16:19:24.203Z",        0, "", "", "2026-06-06T20:19:24.203293000Z", {00000000-0000-0000-0000-000000000000}
     Unknown,         10,           10,          0,          0,          0,          0,          0, 0x0000000000000000, 0x00000004, 0x00000230,                   11,             ,                     ,   {00000000-0000-0000-0000-000000000000},                                         ,   134252507642116654,          0,          0, "Unknown", "", "Unknown( 10): GUID=34f66502-e8a3-3972-e718-cb92e5c6c109 (No Format Information found).", "", "", {34f66502-e8a3-3972-e718-cb92e5c6c109}, " 10", "2026-06-06T16:19:24.211Z",        0, "", "", "2026-06-06T20:19:24.211665400Z", {00000000-0000-0000-0000-000000000000}
     Unknown,         10,           10,          0,          0,          0,          0,          0, 0x0000000000000000, 0x00000004, 0x00000230,                   11,             ,                     ,   {00000000-0000-0000-0000-000000000000},                                         ,   134252507642195194,          0,          0, "Unknown", "", "Unknown( 10): GUID=34f66502-e8a3-3972-e718-cb92e5c6c109 (No Format Information found).", "", "", {34f66502-e8a3-3972-e718-cb92e5c6c109}, " 10", "2026-06-06T16:19:24.219Z",        0, "", "", "2026-06-06T20:19:24.219519400Z", {00000000-0000-0000-0000-000000000000}
     Unknown,         10,           10,          0,          0,          0,          0,          0, 0x0000000000000000, 0x00000004, 0x00000230,                    1,             ,                     ,   {00000000-0000-0000-0000-000000000000},                                         ,   134252507642289101,          0,          0, "Unknown", "", "Unknown( 10): GUID=34f66502-e8a3-3972-e718-cb92e5c6c109 (No Format Information found).", "", "", {34f66502-e8a3-3972-e718-cb92e5c6c109}, " 10", "2026-06-06T16:19:24.228Z",        0, "", "", "2026-06-06T20:19:24.228910100Z", {00000000-0000-0000-0000-000000000000}
     Unknown,         10,           10,          0,          0,          0,          0,          0, 0x0000000000000000, 0x00000004, 0x00000230,                   15,             ,                     ,   {00000000-0000-0000-0000-000000000000},                                         ,   134252507642349210,          0,          0, "Unknown", "", "Unknown( 10): GUID=34f66502-e8a3-3972-e718-cb92e5c6c109 (No Format Information found).", "", "", {34f66502-e8a3-3972-e718-cb92e5c6c109}, " 10", "2026-06-06T16:19:24.234Z",        0, "", "", "2026-06-06T20:19:24.234921000Z", {00000000-0000-0000-0000-000000000000}
     Unknown,         10,           10,          0,          0,          0,          0,          0, 0x0000000000000000, 0x00000004, 0x00000230,                    1,             ,                     ,   {00000000-0000-0000-0000-000000000000},                                         ,   134252507642427947,          0,          0, "Unknown", "", "Unknown( 10): GUID=34f66502-e8a3-3972-e718-cb92e5c6c109 (No Format Information found).", "", "", {34f66502-e8a3-3972-e718-cb92e5c6c109}, " 10", "2026-06-06T16:19:24.242Z",        0, "", "", "2026-06-06T20:19:24.242794700Z", {00000000-0000-0000-0000-000000000000}
     Unknown,         10,           10,          0,          0,          0,          0,          0, 0x0000000000000000, 0x00000004, 0x00000230,                   17,             ,                     ,   {00000000-0000-0000-0000-000000000000},                                         ,   134252507642507230,          0,          0, "Unknown", "", "Unknown( 10): GUID=34f66502-e8a3-3972-e718-cb92e5c6c109 (No Format Information found).", "", "", {34f66502-e8a3-3972-e718-cb92e5c6c109}, " 10", "2026-06-06T16:19:24.250Z",        0, "", "", "2026-06-06T20:19:24.250723000Z", {00000000-0000-0000-0000-000000000000}
     Unknown,         10,           10,          0,          0,          0,          0,          0, 0x0000000000000000, 0x00000004, 0x00000230,                   16,             ,                     ,   {00000000-0000-0000-0000-000000000000},                                         ,   134252507642586866,          0,          0, "Unknown", "", "Unknown( 10): GUID=34f66502-e8a3-3972-e718-cb92e5c6c109 (No Format Information found).", "", "", {34f66502-e8a3-3972-e718-cb92e5c6c109}, " 10", "2026-06-06T16:19:24.258Z",        0, "", "", "2026-06-06T20:19:24.258686600Z", {00000000-0000-0000-0000-000000000000}
     Unknown,         10,           10,          0,          0,          0,          0,          0, 0x0000000000000000, 0x00000004, 0x00000230,                   11,             ,                     ,   {00000000-0000-0000-0000-000000000000},                                         ,   134252507642665927,          0,          0, "Unknown", "", "Unknown( 10): GUID=34f66502-e8a3-3972-e718-cb92e5c6c109 (No Format Information found).", "", "", {34f66502-e8a3-3972-e718-cb92e5c6c109}, " 10", "2026-06-06T16:19:24.266Z",        0, "", "", "2026-06-06T20:19:24.266592700Z", {00000000-0000-0000-0000-000000000000}
     Unknown,         10,           10,          0,          0,          0,          0,          0, 0x0000000000000000, 0x00000004, 0x00000230,                   12,             ,                     ,   {00000000-0000-0000-0000-000000000000},                                         ,   134252507642745686,          0,          0, "Unknown", "", "Unknown( 10): GUID=34f66502-e8a3-3972-e718-cb92e5c6c109 (No Format Information found).", "", "", {34f66502-e8a3-3972-e718-cb92e5c6c109}, " 10", "2026-06-06T16:19:24.274Z",        0, "", "", "2026-06-06T20:19:24.274568600Z", {00000000-0000-0000-0000-000000000000}
     Unknown,         10,           10,          0,          0,          0,          0,          0, 0x0000000000000000, 0x00000004, 0x00000230,                   11,             ,                     ,   {00000000-0000-0000-0000-000000000000},                                         ,   134252507642824377,          0,          0, "Unknown", "", "Unknown( 10): GUID=34f66502-e8a3-3972-e718-cb92e5c6c109 (No Format Information found).", "", "", {34f66502-e8a3-3972-e718-cb92e5c6c109}, " 10", "2026-06-06T16:19:24.282Z",        0, "", "", "2026-06-06T20:19:24.282437700Z", {00000000-0000-0000-0000-000000000000}
     Unknown,         10,           10,          0,          0,          0,          0,          0, 0x0000000000000000, 0x00000004, 0x00000230,                   12,             ,                     ,   {00000000-0000-0000-0000-000000000000},                                         ,   134252507642904680,          0,          0, "Unknown", "", "Unknown( 10): GUID=34f66502-e8a3-3972-e718-cb92e5c6c109 (No Format Information found).", "", "", {34f66502-e8a3-3972-e718-cb92e5c6c109}, " 10", "2026-06-06T16:19:24.290Z",        0, "", "", "2026-06-06T20:19:24.290468000Z", {00000000-0000-0000-0000-000000000000}
     Unknown,         10,           10,          0,          0,          0,          0,          0, 0x0000000000000000, 0x00000004, 0x00000230,                   11,             ,                     ,   {00000000-0000-0000-0000-000000000000},                                         ,   134252507642983338,          0,          0, "Unknown", "", "Unknown( 10): GUID=34f66502-e8a3-3972-e718-cb92e5c6c109 (No Format Information found).", "", "", {34f66502-e8a3-3972-e718-cb92e5c6c109}, " 10", "2026-06-06T16:19:24.298Z",        0, "", "", "2026-06-06T20:19:24.298333800Z", {00000000-0000-0000-0000-000000000000}
     Unknown,         10,           10,          0,          0,          0,          0,          0, 0x0000000000000000, 0x00000004, 0x00000230,                   12,             ,                     ,   {00000000-0000-0000-0000-000000000000},                                         ,   134252507643064558,          0,          0, "Unknown", "", "Unknown( 10): GUID=34f66502-e8a3-3972-e718-cb92e5c6c109 (No Format Information found).", "", "", {34f66502-e8a3-3972-e718-cb92e5c6c109}, " 10", "2026-06-06T16:19:24.306Z",        0, "", "", "2026-06-06T20:19:24.306455800Z", {00000000-0000-0000-0000-000000000000}
     Unknown,         10,           10,          0,          0,          0,          0,          0, 0x0000000000000000, 0x00000004, 0x00000230,                   15,             ,                     ,   {00000000-0000-0000-0000-000000000000},                                         ,   134252507643145234,          0,          0, "Unknown", "", "Unknown( 10): GUID=34f66502-e8a3-3972-e718-cb92e5c6c109 (No Format Information found).", "", "", {34f66502-e8a3-3972-e718-cb92e5c6c109}, " 10", "2026-06-06T16:19:24.314Z",        0, "", "", "2026-06-06T20:19:24.314523400Z", {00000000-0000-0000-0000-000000000000}
     Unknown,         10,           10,          0,          0,          0,          0,          0, 0x0000000000000000, 0x00000004, 0x00000230,                   11,             ,                     ,   {00000000-0000-0000-0000-000000000000},                                         ,   134252507643224589,          0,          0, "Unknown", "", "Unknown( 10): GUID=34f66502-e8a3-3972-e718-cb92e5c6c109 (No Format Information found).", "", "", {34f66502-e8a3-3972-e718-cb92e5c6c109}, " 10", "2026-06-06T16:19:24.322Z",        0, "", "", "2026-06-06T20:19:24.322458900Z", {00000000-0000-0000-0000-000000000000}
     Unknown,         10,           10,          0,          0,          0,          0,          0, 0x0000000000000000, 0x00000004, 0x00000230,                   11,             ,                     ,   {00000000-0000-0000-0000-000000000000},                                         ,   134252507643303376,          0,          0, "Unknown", "", "Unknown( 10): GUID=34f66502-e8a3-3972-e718-cb92e5c6c109 (No Format Information found).", "", "", {34f66502-e8a3-3972-e718-cb92e5c6c109}, " 10", "2026-06-06T16:19:24.330Z",        0, "", "", "2026-06-06T20:19:24.330337600Z", {00000000-0000-0000-0000-000000000000}
     Unknown,         10,           10,          0,          0,          0,          0,          0, 0x0000000000000000, 0x00000004, 0x00000230,                   11,             ,                     ,   {00000000-0000-0000-0000-000000000000},                                         ,   134252507643384400,          0,          0, "Unknown", "", "Unknown( 10): GUID=34f66502-e8a3-3972-e718-cb92e5c6c109 (No Format Information found).", "", "", {34f66502-e8a3-3972-e718-cb92e5c6c109}, " 10", "2026-06-06T16:19:24.338Z",        0, "", "", "2026-06-06T20:19:24.338440000Z", {00000000-0000-0000-0000-000000000000}
     Unknown,         10,           10,          0,          0,          0,          0,          0, 0x0000000000000000, 0x00000004, 0x00000230,                   11,             ,                     ,   {00000000-0000-0000-0000-000000000000},                                         ,   134252507643460741,          0,          0, "Unknown", "", "Unknown( 10): GUID=34f66502-e8a3-3972-e718-cb92e5c6c109 (No Format Information found).", "", "", {34f66502-e8a3-3972-e718-cb92e5c6c109}, " 10", "2026-06-06T16:19:24.346Z",        0, "", "", "2026-06-06T20:19:24.346074100Z", {00000000-0000-0000-0000-000000000000}
     Unknown,         10,           10,          0,          0,          0,          0,          0, 0x0000000000000000, 0x00000004, 0x00000230,                   16,             ,                     ,   {00000000-0000-0000-0000-000000000000},                                         ,   134252507643541670,          0,          0, "Unknown", "", "Unknown( 10): GUID=34f66502-e8a3-3972-e718-cb92e5c6c109 (No Format Information found).", "", "", {34f66502-e8a3-3972-e718-cb92e5c6c109}, " 10", "2026-06-06T16:19:24.354Z",        0, "", "", "2026-06-06T20:19:24.354167000Z", {00000000-0000-0000-0000-000000000000}
     Unknown,         10,           10,          0,          0,          0,          0,          0, 0x0000000000000000, 0x00000004, 0x00000230,                    1,             ,                     ,   {00000000-0000-0000-0000-000000000000},                                         ,   134252507643620050,          0,          0, "Unknown", "", "Unknown( 10): GUID=34f66502-e8a3-3972-e718-cb92e5c6c109 (No Format Information found).", "", "", {34f66502-e8a3-3972-e718-cb92e5c6c109}, " 10", "2026-06-06T16:19:24.362Z",        0, "", "", "2026-06-06T20:19:24.362005000Z", {00000000-0000-0000-0000-000000000000}
     Unknown,         10,           10,          0,          0,          0,          0,          0, 0x0000000000000000, 0x00000004, 0x00000230,                    1,             ,                     ,   {00000000-0000-0000-0000-000000000000},                                         ,   134252507643699710,          0,          0, "Unknown", "", "Unknown( 10): GUID=34f66502-e8a3-3972-e718-cb92e5c6c109 (No Format Information found).", "", "", {34f66502-e8a3-3972-e718-cb92e5c6c109}, " 10", "2026-06-06T16:19:24.369Z",        0, "", "", "2026-06-06T20:19:24.369971000Z", {00000000-0000-0000-0000-000000000000}
     Unknown,         10,           10,          0,          0,          0,          0,          0, 0x0000000000000000, 0x00000004, 0x00000230,                   16,             ,                     ,   {00000000-0000-0000-0000-000000000000},                                         ,   134252507643779994,          0,          0, "Unknown", "", "Unknown( 10): GUID=34f66502-e8a3-3972-e718-cb92e5c6c109 (No Format Information found).", "", "", {34f66502-e8a3-3972-e718-cb92e5c6c109}, " 10", "2026-06-06T16:19:24.377Z",        0, "", "", "2026-06-06T20:19:24.377999400Z", {00000000-0000-0000-0000-000000000000}
     Unknown,         10,           10,          0,          0,          0,          0,          0, 0x0000000000000000, 0x00000004, 0x00000230,                    1,             ,                     ,   {00000000-0000-0000-0000-000000000000},                                         ,   134252507643858951,          0,          0, "Unknown", "", "Unknown( 10): GUID=34f66502-e8a3-3972-e718-cb92e5c6c109 (No Format Information found).", "", "", {34f66502-e8a3-3972-e718-cb92e5c6c109}, " 10", "2026-06-06T16:19:24.385Z",        0, "", "", "2026-06-06T20:19:24.385895100Z", {00000000-0000-0000-0000-000000000000}
     Unknown,         10,           10,          0,          0,          0,          0,          0, 0x0000000000000000, 0x00000004, 0x00000230,                   16,             ,                     ,   {00000000-0000-0000-0000-000000000000},                                         ,   134252507643938752,          0,          0, "Unknown", "", "Unknown( 10): GUID=34f66502-e8a3-3972-e718-cb92e5c6c109 (No Format Information found).", "", "", {34f66502-e8a3-3972-e718-cb92e5c6c109}, " 10", "2026-06-06T16:19:24.393Z",        0, "", "", "2026-06-06T20:19:24.393875200Z", {00000000-0000-0000-0000-000000000000}
     Unknown,         10,           10,          0,          0,          0,          0,          0, 0x0000000000000000, 0x00000004, 0x00000230,                   11,             ,                     ,   {00000000-0000-0000-0000-000000000000},                                         ,   134252507644015702,          0,          0, "Unknown", "", "Unknown( 10): GUID=34f66502-e8a3-3972-e718-cb92e5c6c109 (No Format Information found).", "", "", {34f66502-e8a3-3972-e718-cb92e5c6c109}, " 10", "2026-06-06T16:19:24.401Z",        0, "", "", "2026-06-06T20:19:24.401570200Z", {00000000-0000-0000-0000-000000000000}
     Unknown,         10,           10,          0,          0,          0,          0,          0, 0x0000000000000000, 0x00000004, 0x00000230,                   18,             ,                     ,   {00000000-0000-0000-0000-000000000000},                                         ,   134252507644117335,          0,          0, "Unknown", "", "Unknown( 10): GUID=34f66502-e8a3-3972-e718-cb92e5c6c109 (No Format Information found).", "", "", {34f66502-e8a3-3972-e718-cb92e5c6c109}, " 10", "2026-06-06T16:19:24.411Z",        0, "", "", "2026-06-06T20:19:24.411733500Z", {00000000-0000-0000-0000-000000000000}
     Unknown,         10,           10,          0,          0,          0,          0,          0, 0x0000000000000000, 0x00000004, 0x00000230,                    0,             ,                     ,   {00000000-0000-0000-0000-000000000000},                                         ,   134252507644180473,          0,          0, "Unknown", "", "Unknown( 10): GUID=34f66502-e8a3-3972-e718-cb92e5c6c109 (No Format Information found).", "", "", {34f66502-e8a3-3972-e718-cb92e5c6c109}, " 10", "2026-06-06T16:19:24.418Z",        0, "", "", "2026-06-06T20:19:24.418047300Z", {00000000-0000-0000-0000-000000000000}
     Unknown,         10,           10,          0,          0,          0,          0,          0, 0x0000000000000000, 0x00000004, 0x00000230,                    0,             ,                     ,   {00000000-0000-0000-0000-000000000000},                                         ,   134252507644253995,          0,          0, "Unknown", "", "Unknown( 10): GUID=34f66502-e8a3-3972-e718-cb92e5c6c109 (No Format Information found).", "", "", {34f66502-e8a3-3972-e718-cb92e5c6c109}, " 10", "2026-06-06T16:19:24.425Z",        0, "", "", "2026-06-06T20:19:24.425399500Z", {00000000-0000-0000-0000-000000000000}
     Unknown,         10,           10,          0,          0,          0,          0,          0, 0x0000000000000000, 0x00000004, 0x00000230,                   15,             ,                     ,   {00000000-0000-0000-0000-000000000000},                                         ,   134252507644333080,          0,          0, "Unknown", "", "Unknown( 10): GUID=34f66502-e8a3-3972-e718-cb92e5c6c109 (No Format Information found).", "", "", {34f66502-e8a3-3972-e718-cb92e5c6c109}, " 10", "2026-06-06T16:19:24.433Z",        0, "", "", "2026-06-06T20:19:24.433308000Z", {00000000-0000-0000-0000-000000000000}
     Unknown,         10,           10,          0,          0,          0,          0,          0, 0x0000000000000000, 0x00000004, 0x00000230,                   11,             ,                     ,   {00000000-0000-0000-0000-000000000000},                                         ,   134252507644412763,          0,          0, "Unknown", "", "Unknown( 10): GUID=34f66502-e8a3-3972-e718-cb92e5c6c109 (No Format Information found).", "", "", {34f66502-e8a3-3972-e718-cb92e5c6c109}, " 10", "2026-06-06T16:19:24.441Z",        0, "", "", "2026-06-06T20:19:24.441276300Z", {00000000-0000-0000-0000-000000000000}
     Unknown,         10,           10,          0,          0,          0,          0,          0, 0x0000000000000000, 0x00000004, 0x00000230,                    0,             ,                     ,   {00000000-0000-0000-0000-000000000000},                                         ,   134252507644491353,          0,          0, "Unknown", "", "Unknown( 10): GUID=34f66502-e8a3-3972-e718-cb92e5c6c109 (No Format Information found).", "", "", {34f66502-e8a3-3972-e718-cb92e5c6c109}, " 10", "2026-06-06T16:19:24.449Z",        0, "", "", "2026-06-06T20:19:24.449135300Z", {00000000-0000-0000-0000-000000000000}
     Unknown,         10,           10,          0,          0,          0,          0,          0, 0x0000000000000000, 0x00000004, 0x00000230,                    1,             ,                     ,   {00000000-0000-0000-0000-000000000000},                                         ,   134252507644572188,          0,          0, "Unknown", "", "Unknown( 10): GUID=34f66502-e8a3-3972-e718-cb92e5c6c109 (No Format Information found).", "", "", {34f66502-e8a3-3972-e718-cb92e5c6c109}, " 10", "2026-06-06T16:19:24.457Z",        0, "", "", "2026-06-06T20:19:24.457218800Z", {00000000-0000-0000-0000-000000000000}
     Unknown,         10,           10,          0,          0,          0,          0,          0, 0x0000000000000000, 0x00000004, 0x00000230,                   17,             ,                     ,   {00000000-0000-0000-0000-000000000000},                                         ,   134252507644651077,          0,          0, "Unknown", "", "Unknown( 10): GUID=34f66502-e8a3-3972-e718-cb92e5c6c109 (No Format Information found).", "", "", {34f66502-e8a3-3972-e718-cb92e5c6c109}, " 10", "2026-06-06T16:19:24.465Z",        0, "", "", "2026-06-06T20:19:24.465107700Z", {00000000-0000-0000-0000-000000000000}
     Unknown,         10,           10,          0,          0,          0,          0,          0, 0x0000000000000000, 0x00000004, 0x00000230,                   11,             ,                     ,   {00000000-0000-0000-0000-000000000000},                                         ,   134252507644729864,          0,          0, "Unknown", "", "Unknown( 10): GUID=34f66502-e8a3-3972-e718-cb92e5c6c109 (No Format Information found).", "", "", {34f66502-e8a3-3972-e718-cb92e5c6c109}, " 10", "2026-06-06T16:19:24.472Z",        0, "", "", "2026-06-06T20:19:24.472986400Z", {00000000-0000-0000-0000-000000000000}
     Unknown,         10,           10,          0,          0,          0,          0,          0, 0x0000000000000000, 0x00000004, 0x00000230,                   15,             ,                     ,   {00000000-0000-0000-0000-000000000000},                                         ,   134252507644808702,          0,          0, "Unknown", "", "Unknown( 10): GUID=34f66502-e8a3-3972-e718-cb92e5c6c109 (No Format Information found).", "", "", {34f66502-e8a3-3972-e718-cb92e5c6c109}, " 10", "2026-06-06T16:19:24.480Z",        0, "", "", "2026-06-06T20:19:24.480870200Z", {00000000-0000-0000-0000-000000000000}
     Unknown,         10,           10,          0,          0,          0,          0,          0, 0x0000000000000000, 0x00000004, 0x00000230,                   11,             ,                     ,   {00000000-0000-0000-0000-000000000000},                                         ,   134252507644887897,          0,          0, "Unknown", "", "Unknown( 10): GUID=34f66502-e8a3-3972-e718-cb92e5c6c109 (No Format Information found).", "", "", {34f66502-e8a3-3972-e718-cb92e5c6c109}, " 10", "2026-06-06T16:19:24.488Z",        0, "", "", "2026-06-06T20:19:24.488789700Z", {00000000-0000-0000-0000-000000000000}
     Unknown,         10,           10,          0,          0,          0,          0,          0, 0x0000000000000000, 0x00000004, 0x00000230,                   10,             ,                     ,   {00000000-0000-0000-0000-000000000000},                                         ,   134252507644965256,          0,          0, "Unknown", "", "Unknown( 10): GUID=34f66502-e8a3-3972-e718-cb92e5c6c109 (No Format Information found).", "", "", {34f66502-e8a3-3972-e718-cb92e5c6c109}, " 10", "2026-06-06T16:19:24.496Z",        0, "", "", "2026-06-06T20:19:24.496525600Z", {00000000-0000-0000-0000-000000000000}
